name,locations
"129th Order priest","The Floating City of Nym"
"12th Legion armored weapon","Central Compound"
"12th Legion avenger","Storage Compound;Palace Gardens"
"12th Legion bit","Storage Compound"
"12th Legion canis pugnax","Storage Compound;Palace Gardens"
"12th Legion death claw","Assessment Grounds"
"12th Legion gunship","Loch Seld"
"12th Legion hexadrone","Palace Shadows"
"12th Legion laquearius","Rhalgr's Reach;Storage Compound;Anshelm March;Noble District;Palace Gardens"
"12th Legion packer","Assessment Grounds"
"12th Legion predator","Anshelm March"
"12th Legion princeps","East End"
"12th Legion rearguard","Central Compound;Palace Gardens"
"12th Legion roader","Testing Compound;Noble District"
"12th Legion signifer","Rhalgr's Reach;Storage Compound"
"12th Legion slasher","East End;Central Compound;Palace Shadows"
"12th Legion vanguard","The High Bank;Storage Compound"
"13th Child","Living Memory"
"13th Order patrolman","U'Ghamaro Mines"
"13th Order priest","U'Ghamaro Mines"
"179th Order fugleman","Zelma's Run"
"179th Order prelate","Zelma's Run"
"271st Order watchman","Iron Lake"
"382nd Order Pickman Ge Bu","Poor Maid's Mill"
"3rd Cohort canis pugnax","Castrum Oriens (Baelsar's Wall)"
"3rd Cohort vanguard","Larkscall"
"426th Order Mendicant Zi Gu","Bloodshore"
"426th Order Pickman Bu Ga","House of Sticks"
"4th Legion armored weapon","The Alermuc Climb;The Western Plateau"
"4th Legion avenger","Old Bozja"
"4th Legion colossus","The Western Plateau"
"4th Legion death claw","Southern Entrenchment"
"4th Legion death machine","The Western Plateau"
"4th Legion gunship","Old Bozja;The Southern Plateau"
"4th Legion hexadrone","The Alermuc Climb;The Southern Plateau"
"4th Legion infantry","The Southern Plateau"
"4th Legion nimrod","Southern Entrenchment;The Southern Plateau"
"4th Legion roader","Southern Entrenchment"
"4th Legion satellite","The Western Plateau"
"4th Legion scorpion","The Alermuc Climb"
"4th Legion sky armor","Orphaned Ruins"
"4th Legion slasher","Southern Entrenchment"
"4th Legion vanguard","Old Bozja"
"596th Order scout","The Long Climb"
"59th Order Bedesman Bi Go","U'Ghamaro Mines"
"59th Order Matriarch Go Zu","Iron Lake"
"59th Order Pickman Be Ze","Iron Lake"
"59th Order Roundsman Ge Ga","U'Ghamaro Mines"
"5th Order Patriarch Ze Bu","U'Ghamaro Mines"
"6th Cohort colossus","The Keeper of the Lake (Zone)"
"6th Cohort vanguard","Castrum Centri;The Keeper of the Lake (Zone)"
"6th Legion colossus","Evaluation and Authentication"
"6th Legion execution claw","Incubation Bay VIII"
"6th Legion gunship","The Blue Window"
"6th Legion hoplomachus","Castrum Solus;Bioweapon Research;Incubation Bay VIII"
"6th Legion magitek vanguard","Incubation Bay VII"
"6th Legion magitek vanguard H-1","Automachina Research"
"7th Cohort colossus","Northern Thanalan"
"7th Cohort death claw","Northern Thanalan"
"7th Cohort vanguard","Northern Thanalan;Raubahn's Push"
"8th Order alchemist","Sapper Tunnel"
"8th Order bedesman","Sapper Tunnel"
"8th Order furnaceman","Second Spire"
"8th Order Patriarch Be Gu","Second Spire"
"8th Order pickman","First Level;Sapper Tunnel"
"8th Order roundsman","Second Level;First Level;Sapper Tunnel"
"abaddon","The High Bank"
"abaia","Syrcus Tower"
"Abalathian hornbill","The First Mountain;The Vortex"
"Abalathian minotaur","Abalathia's Skull"
"Abalathian slug","The Wishbone"
"Abalathian wamoura","The Blue Window"
"abandoned bit","The Peaks"
"abandoned slasher","The Peaks"
"abandoned vanguard","Raubahn's Push"
"Abelisk","Landlord Colony"
"Abharamu","The Lost Canals of Uznair (Zone)"
"abyss worm","Copperbell Mines (Hard) (Zone)"
"Acane","Southwestern Ice Needles"
"accursed cane","Floor 60 (Heaven-on-High)"
"accursed idol","Condemnation"
"acerbic jam","Halatali (Hard) (Zone)"
"Achamoth","Tower of White (Hard)"
"Acheron","Syrcus Tower"
"acid bubble","Upper La Noscea"
"acidic honey","Scar's Edge"
"acorn bear","Chocobo Forest"
"acro bat","The Night of Yx'Lokwa"
"acrocat","Yesterland"
"actuator","Energy Conduit"
"actuator 0","Core Production;Energy Conduit"
"Acubens","Bloodshore"
"adamantite claw","Gamma Quadrant;Armory (Outer Reaches)"
"adamantoise","Rootslake"
"adjudicator","The Cameral Chamber"
"Adjunct Ostyrgrein","Rhotano Sea"
"ADS","Meteor Fissure;Sector VI"
"adulator","The West Val River Bank"
"advanced aevis","Heathcliff"
"advanced smart bomb","U'Ghamaro Mines"
"advent mochi","Zephyr Drift"
"Aeetes","The Burning Wall"
"Aegeiros","Garlemald"
"Aery biast","Aery Exterior"
"Aery diresaur","Aery Apex"
"Aery drake","Aery Interior"
"Aery vouivre","Errn Scorh"
"Aery wyvern","Aery Exterior"
"aetherbound aurelia","Bloodshore"
"aetherbound gnat","Snakemolt"
"aetherial orb","Sastasha (Zone)"
"aetherial tear","The Chrysalis (Zone)"
"aetherial ward","The Hall of Hieromancy"
"aetheric gelatin","The Central Circuit"
"aetheric shadow","Ala Gannha"
"aether-starved shuck","The Percipient One"
"Aetolus","West Flamerock"
"aeturna","Eureka Orthos"
"Agathos","The Churning Mists"
"agavoides","Windspath Gardens"
"aggressive archaeornis","Riversmeet"
"aggressive gyuki","Rasen Kaikyo"
"aggressive shark","Rasen Kaikyo"
"Aglaope","Il Mheg"
"aglaophotis","The Western Plateau"
"Agrippa the Mighty","Mor Dhona"
"Ah Puch","Floor 140 (Palace of the Dead)"
"Ahleh","Nidhogg An"
"Aiatar","Brayflox's Longstop"
"Ailbert the Lost","Peacegarden"
"aion teleos","Containment Bay P1T6 (Zone)"
"Air Force","Lower Tower of Ruin"
"ajattara","Banepool"
"aka-no-shiki","The Wreath of Snakes (Zone)"
"akantha","Misopses Euros"
"Akhekhu","The Sea of Clouds"
"Akoman","Silent Arbor"
"Akyaali crab","Saltwind's Welcome"
"Alacran bloodhound","Little Ala Mhigo"
"alarum","Hangar 8;Electrocution Gallery"
"albatros","The Whipjacks"
"Albion","The Silvan Throne"
"Albus bear","Via Nivalis XLVII"
"Albus canis lupinus","Via Nivalis XLVII"
"Albus craklaw","Fons Manalis"
"Albus griffin","Magitek Snowcraft"
"Albus serpent","Fons Manalis"
"alchemy engine","Second Spire"
"Alectryon","Western Thanalan"
"alert archaeosaur","Eil Tohm"
"alert sankchinni","Eil Tohm"
"Alexander Prime","Soul of the Creator"
"Alexandrian axe beak","East Yyasulani"
"Alexandrian clipper","Asyle Volcane"
"Alexandrian collider","Illuminus - Ward 11"
"Alexandrian glider","The Midas Unit"
"Alexandrian hider","Illuminus - Ward 11"
"Alexandrian slider","Slickred Drainage Ducts"
"Alexandrian strider","Illuminus - Ward 4"
"Alfard","Floor 130 (Palace of the Dead)"
"Alicanto","Floor 110 (Palace of the Dead)"
"Allagan balloon","Walk of Fire"
"Allagan bomb","Walk of Fire"
"Allagan chimera","Beta Quadrant"
"Allagan cobra","Incubator Transport"
"Allagan mirrorknight","North Silvertear"
"Allagan naga","Bioweapon Sector VII"
"Allagan napalm","Walk of Fire"
"allotaur","The Lost City of Amdapor (Zone)"
"All-seeing Eye","The Gullet"
"almasty","Cerulea Ingens;Regio Urbanissima"
"alpaca","Chabameki;Chabayuqeq"
"alpgrot orobon","Dzemael Darkhold"
"alpha adamantoise","Bentbranch;Greentear;Sorrel Haven;The Honey Yard;The Bramble Patch;Larkscall;Upper Paths;Rootslake;Silent Arbor;Proud Creek;Alder Springs"
"alpha anole","Naked Rock"
"alpha anzu","The Gauntlet;Coldwind;The Blue Window;Ok' Vundu Vana;The Cromlech;Last Step;Cloudtop"
"alpha apkallu","Middle La Noscea"
"alpha archaeosaur","The Smoldering Wastes;Avalonia Fallen;Landlord Colony;Ohl Tahn;Four Arms;Greensward;Sohm Al Summit"
"alpha bandersnatch","The Churning Mists"
"alpha basilisk","Sandgate;Sorrel Haven;Cedarwood"
"alpha biast","Fogfens;North Silvertear"
"alpha buffalo","Bloodshore;Naked Rock"
"alpha chimera","Black Brush;The Long Climb;Boulder Downs"
"alpha cobra","Providence Point;Whitebrim"
"alpha coeurl","Drybone"
"alpha deathgaze","The Long Climb;Alder Springs;Dragonhead"
"alpha dryad","Proud Creek"
"alpha endymion","The Gauntlet;Coldwind;The Blue Window;Ok' Vundu Vana;The Cromlech;Last Step;Cloudtop"
"alpha gargoyle","Hammerlea;Horizon's Edge;The Footfalls;Spineless Basin;The Clutch;Black Brush;Drybone;Sandgate;Zanr'ak;Sagolii Desert;Bluefog;Raubahn's Push"
"alpha gazelle","Virdjala"
"alpha ghostwolf","Riversmeet"
"alpha golem","Agelyss River;Zephyr Drift;The Eyes;Cedarwood;The Gods' Grip;Raincatcher Gully;Bloodshore;Quarterstone;Halfstone;The Isles of Umbra;Oakwood;Bronze Lake;The Long Climb;Iron Lake"
"alpha goobbue","Providence Point;Whitebrim"
"alpha groundskeeper","Ohl Tahn;Eil Tohm;The Dravanian Hinterlands"
"alpha hapalit","Whitebrim;Castrum Centri"
"alpha hropken","The Churning Mists;The Dravanian Hinterlands;The Sea of Clouds"
"alpha ice commander","Riversmeet;Twinpools;Banepool;Red Rim;The Bed of Bones"
"alpha manticore","Western La Noscea;Broken Water;Bluefog"
"alpha mantis","Bentbranch;Greentear;Sorrel Haven;The Honey Yard;The Bramble Patch;Larkscall;Upper Paths;Rootslake;Silent Arbor;Proud Creek;Alder Springs"
"alpha microchu","Bentbranch;Greentear;Sorrel Haven;The Honey Yard;The Bramble Patch;Larkscall;Upper Paths;Rootslake;Silent Arbor;Proud Creek;Alder Springs"
"alpha morbol","Bentbranch;Fogfens"
"alpha nix","Spineless Basin;Boulder Downs"
"alpha sandworm","Hammerlea;Horizon's Edge;The Footfalls;Spineless Basin;The Clutch;Black Brush;Drybone;Sandgate;Zanr'ak;Sagolii Desert;Bluefog;Raubahn's Push"
"alpha slime","Hammerlea;Horizon's Edge;The Footfalls;Spineless Basin;The Clutch;Black Brush;Drybone;Sandgate;Zanr'ak;Sagolii Desert;Bluefog;Raubahn's Push"
"alpha snurble","The Burning Wall;Castrum Centri"
"alpha spriggolem","Black Brush"
"alpha stag","Upper Paths"
"alpha tarantula hawk","The Dravanian Forelands;The Churning Mists;The Dravanian Hinterlands"
"alpha tortoise","Raincatcher Gully;Castrum Centri"
"alpha tursus","Riversmeet;Twinpools;Banepool;Red Rim;The Bed of Bones"
"alpha vinegaroon","The Smoldering Wastes;Avalonia Fallen;Landlord Colony;Ohl Tahn;Four Arms;Greensward;Sohm Al Summit"
"alpha vodoriga","Nine Ivies;Raincatcher Gully"
"alpha wamoura","Middle La Noscea;Bloodshore;Sagolii Desert;North Silvertear"
"alpha wolf","Lifemend Stump"
"alpha ziz","The Footfalls"
"alpha zu","Sagolii Desert;The Honey Yard;Cedarwood"
"alpine hippocerf","Whitebrim"
"alseis","Philomythes Notos"
"altar arachne","The Shifting Altars of Uznair (Zone)"
"altar beast","The Shifting Altars of Uznair (Zone)"
"altar dullahan","The Shifting Altars of Uznair (Zone)"
"altar katasharin","The Shifting Altars of Uznair (Zone)"
"altar keeper","The Shifting Altars of Uznair (Zone)"
"altar Kelpie","The Shifting Altars of Uznair (Zone)"
"altar Matanga","The Shifting Altars of Uznair (Zone)"
"altar vodoriga","The Shifting Altars of Uznair (Zone)"
"Alte Roite","Dimension Castle"
"Alteci","Coerthas Western Highlands"
"altered Bahamut","Principia (Area)"
"altered Wailer","Haukke Manor (Hard) (Zone)"
"Alux","Spirithold"
"Alzadaal's acrolith","The Thrice-won Hoard"
"Alzadaal's asvattha","The Bhaflau Remnants"
"Alzadaal's guardian","The Zhayolm Remnants;The Thrice-won Hoard"
"Alzadaal's langur","The Bhaflau Remnants"
"Alzadaal's mimic","The Thrice-won Hoard"
"Alzadaal's qutrub","The Bhaflau Remnants"
"Alzadaal's rampart","The Arrapago Remnants"
"Alzadaal's vajralangula","The Bhaflau Remnants"
"Amalj'aa bruiser","The Red Labyrinth;Drybone;Broken Water;Wellwick Wood"
"Amalj'aa divinator","Sagolii Desert;Circle of the Tempered"
"Amalj'aa flame-eater","Zahar'ak"
"Amalj'aa halberdier","Sagolii Desert;Circle of the Tempered"
"Amalj'aa hunter","Amalj'aa Encampment"
"Amalj'aa impaler","Black Brush"
"Amalj'aa inculcator","Drybone"
"Amalj'aa javelinier","Amalj'aa Encampment"
"Amalj'aa lancer","Drybone;The Golden Bazaar;Sagolii Desert;Wellwick Wood;Zanr'ak"
"Amalj'aa liberator","Drybone"
"Amalj'aa porter","Zanr'ak"
"Amalj'aa pugilist","Drybone;The Golden Bazaar;Sagolii Desert;Zanr'ak"
"Amalj'aa ranger","Drybone;Wellwick Wood;Broken Water"
"Amalj'aa ravager","Drybone"
"Amalj'aa seer","The Red Labyrinth;Drybone;Broken Water"
"Amalj'aa shaman","Zanr'ak"
"Amalj'aa sniper","Sagolii Desert"
"Amalj'aa striker","Black Brush"
"Amalj'aa thaumaturge","Sagolii Desert;Zanr'ak;Zanr'ak Encampment"
"amanuensis","The Gullet"
"Amarok","Newvoid"
"Amber Carbuncle","Limsa Lominsa Upper Decks"
"Amber iguana","The Northern Hills of Amber"
"ambujam","Undersea Entrance"
"ambushing scissorjaws","The Fields of Amber"
"Amemet","Klauser's Peace"
"amhuluk","Paglth'an (Zone)"
"Amikiri","Harutsuge Gate"
"Amon","Syrcus Tower"
"Amon the Undying","The Aitiascope (Zone)"
"amphiptere in waiting","Four Arms;Landlord Colony"
"amphiptere straggler","Landlord Colony"
"amphisbaena","The Norvrandt Slope"
"anaconda","The Night of Yx'Lokwa;Tears of the Gods"
"anancus","The Southern Plateau"
"Anantaboga","The Presence Chamber (Amdapor Keep)"
"Anchag","Amdapor Keep (Hard)"
"ancient lizard","The Fields of Amber"
"ancient oak","Everschade"
"ancient uragnite","Copperbell Mines (Hard) (Zone)"
"ancient voidragon","East Flamerock"
"ancient ymir","The Teeth"
"Andreia","The Citia Swamps"
"Andromalius","The Eblan Rime"
"Anemos anala","Uncanny Valley (Area)"
"Anemos apa","Uncanny Valley (Area)"
"Anemos chaser","The Orchard"
"Anemos elemental","Eureka Anemos"
"Anemos flan","The Orchard"
"Anemos gremlin","The Val River Swale"
"Anemos harpeia","The Orchard"
"Anemos pegasus","Uncanny Valley (Area)"
"Anemos sanuwa","The Val River Swale"
"Anemossling","Heartbreak Holt"
"Angada","Yanxia"
"angler","Sagolii Desert;The Red Labyrinth"
"ango","Sogyoku Piscary"
"angry armadillo","Samiel's Backbone"
"angry longjaw","Shades of Grief"
"angry Naryordor","Solace"
"angry sow","Lifemend Stump"
"Anguish","Whitebrim Front"
"anguished atrociraptor","Fort Gohn"
"animated doll","Lost Citadel"
"Annia quo Soranus","Provisional Imperial Landing"
"annihilation flare","Sastasha (Zone)"
"anole stalker","Jadeite Thick"
"antelope stag","Upper Paths;Silent Arbor"
"antibody","Praetentura"
"antling gamergate","Broken Water"
"antling soldier","The Clutch"
"antling worker","Black Brush"
"antlion ambusher","Virdjala"
"anzu hen","The Nidifice"
"ao-no-shiki","The Wreath of Snakes (Zone)"
"Apademak","Blue Sky"
"apkallu","Bloodshore"
"apkallu caller","Bloodshore"
"Apotamkin","Voor Sian Siran"
"Apsaras","The Glittering Basin"
"Aqrabuamelu","The Peaks"
"Arachne Eve","The Queen's Room"
"Arboretum bifericeras","Environmental Control;Purification Tank C"
"Arboretum crawler","Saint Mocianne's Arboretum"
"Arboretum leech","The Study (Hard)"
"Arboretum slug","Environmental Control;Purification Tank C"
"Arbuda","The Temple of the Fist (Zone)"
"arcane sphere","Porta Decumana;Neurolink Nacelle"
"arcapetrified netzach","Abandoned Ascent"
"arch demon","The Makers' Quarter"
"Archaeoaevis","Providence Point"
"archaeornis","Twinpools"
"archaeosaur","Eil Tohm;Landlord Colony"
"Archaeotania","The Swallowed Spire"
"arena bat","Blue Sky"
"arena bavarois","Blue Sky"
"arena beetle","Blue Sky"
"arena bomb","Blue Sky"
"arena catoblepas","Blue Sky"
"arena cherry bomb","Blue Sky"
"arena cyclops","Blue Sky"
"arena dullahan","Blue Sky"
"arena eye","Blue Sky"
"arena flan","Blue Sky"
"arena gas bomb","Blue Sky"
"arena gelato","Blue Sky"
"arena grenade","Blue Sky"
"arena haagenti","Blue Sky"
"arena imp","Blue Sky"
"arena jam","Blue Sky"
"arena licorice","Blue Sky"
"arena magus","Blue Sky"
"arena mandragora","Blue Sky"
"arena manticore","Blue Sky"
"arena marshmallow","Blue Sky"
"arena mirrorknight","Blue Sky"
"arena Progenitrix","Blue Sky"
"arena pudding","Blue Sky"
"arena roselet","Blue Sky"
"arena scribe","Blue Sky"
"arena serpent","Blue Sky"
"arena shabti","Blue Sky"
"arena slime","Blue Sky"
"arena snoll","Blue Sky"
"arena succubus","Blue Sky"
"arena viking","Blue Sky;Hammerlea"
"arena vodoriga","Blue Sky;Horizon's Edge"
"arena wolf","Blue Sky"
"Arges","The Aquapolis (Zone)"
"Arimaspi","Bluefog"
"Arioch","The Lost City of Amdapor (Zone)"
"Arioch of the Isle","Newvoid"
"Ark anzu","Sterncastle Deck"
"Ark morbol","Forward Port Ventilator"
"Arkas","Cyancap Cavern"
"arkose golem","The Blue Sands"
"arm of the adjudicator","The Sunken Temple of Qarn (Hard) (Zone)"
"armalcolite","The Drowning Brand"
"armored chariot","The Threshold of Bounty"
"armored drudge","The Threshold of Bounty"
"armored pauldron","Main Generators"
"armored telodragon","Paglth'an (Zone)"
"armored weapon","Magitek Installation"
"Armstrong","Garlemald"
"aroma crawler","The Makers' Quarter"
"aroma leech","The Divine Audience"
"Arrhidaeus's lanner","Soul of the Creator;Entropy"
"asbestos coblyn","U'Ghamaro Mines"
"Ascian thaumaturge","The Footfalls"
"Asclepius","The Right Hand of Bahamut"
"Ash","Haukke Manor (Hard)"
"ashdrake","Brayflox's Longstop"
"Asipatra","Sanguine Perch"
"Askalaphos","Southwestern Ice Needles"
"Aspidochelone","Zanr'ak"
"aspis","Eshceyaani Wilds"
"assault aevis","Black Iron Bridge;Twinpools"
"assault biast","Black Iron Bridge"
"assault dragon","Black Iron Bridge"
"assault dragonfly","Twinpools"
"assault wyvern","Riversmeet"
"asterodia","Everkeep Ward"
"astraea","The Forsworn Promise"
"asvattha","Pavana's Remorse"
"Aswang","The Azim Steppe"
"Atomos","Walk of Lament"
"atrociraptor","The Citia Swamps;Lake Tusi Mek'ta"
"attack hound","Second Floor (Haukke Manor)"
"attack node","Meteor Fissure;Sector IV"
"attic bat","Ground Floor (Haukke Manor);Cellarage"
"Aturia","Boulder Downs"
"audacious elbst","The Val River Source"
"audience","Northeastern Ice Needles"
"augmented battle drake","Broken Water"
"aurochs","Skull Valley"
"automated avenger","Forum Patens"
"automated bit","Regio Urbanissima"
"automated colossus","Regio Urbanissima"
"automated death machine","Regio Urbanissima"
"automated Gabriel","Regio Domorum"
"automated roader","Regio Urbanissima"
"automated satellite","Regio Urbanissima"
"automated slasher","Regio Urbanissima"
"automatic turret","The Hall of Hieromancy"
"auxiliary ceruleum tank","The Keeper of the Lake (Zone)"
"Avere Bravearm","Eternal Calm (Hard)"
"avoirdupois","The Sunken Temple of Qarn"
"Azer","Syrcus Tower"
"Baal","The Tempest"
"baalzephon","The Lost City of Amdapor"
"Babaroon Halfshell","The Rat's Nest"
"Bagoly","The Burning Wall"
"Bahamut Prime","The Final Coil of Bahamut - Turn 4"
"baited jagil","The Smoldering Wastes"
"bald buzzard","Drybone"
"bald kraken","Shisui Temple"
"baleen guard","The Sultana's Lap"
"Balidet","U'Ghamaro Mines"
"ball of levin","Paglth'an (Zone);Recreation Zone"
"balloon","Alder Springs"
"balor","Bluefog"
"balyaborr","The Ut'ohmu Horizon"
"bandit archer","Wellwick Wood"
"bandit trapper","Wellwick Wood"
"banemite","Alder Springs;Everschade"
"banemite straggler","Witchdrop"
"banshee","The Misery (Landmark);The Teeth"
"baras","Nhaama's Retreat"
"Barbastelle","Lower La Noscea"
"Barbatos","Nald's Reflection"
"Barbelo","Containment Bay P1T6 (Zone)"
"Bardam","The Rebirth of Bardam the Brave"
"barghest","Eastern Thanalan"
"baritine croc","Snowcloak (Landmark)"
"Barometz","Quarterstone"
"Baron von Quiveron III Esquire","The Quiveron Manse"
"Barong","The East Val River Bank"
"Barong's fire","The East Val River Bank"
"barricade","Central Shroud"
"basalt golem","Outer La Noscea;The Long Climb;The Floating City of Nym"
"basilisk","Bluefog"
"bastet","Little Ala Mhigo"
"Batraal","Altar to Saint Daniffen"
"battle drake","Broken Water"
"battle-scarred bergthurs","Riversmeet"
"battle-scarred vindthurs","Slate Mountains"
"bavaroid waste","The Wanderer's Palace (Hard)"
"Beatrice","Seat of the Foremost"
"Beccho","Floor 20 (Heaven-on-High)"
"bedazzled tulihand","Landlord Colony"
"beggar bhikkhu","North Silvertear"
"beggar bonze","North Silvertear"
"beggar shramana","North Silvertear"
"beggar sozu","North Silvertear"
"behemoth","Snowcloak (Landmark);Behemoth's Dominion"
"Belah'dian knight","The Sunken Temple of Qarn (Hard) (Zone)"
"Belah'dian soul","The Sunken Temple of Qarn (Hard) (Zone)"
"bennu","IC-06 Main Bridge"
"benthos diviner","The Flounders' Floor"
"benthos grappler","The Flounders' Floor"
"benthos harpooner","The Flounders' Floor"
"bergthurs","Riversmeet"
"berkanan","The Central Circuit"
"Bero Roggo","The Ruling Quarter"
"Beroald the Last Standing","Ul'dah - Steps of Nald"
"berserker sphere","Prosperity's Promise;Wisdom's Ward"
"Bertha","Steps of Faith"
"beryl crab","Sastasha (Hard)"
"best gargoyle","Eternal Calm (Hard)"
"best vodoriga","Eternal Calm (Hard)"
"bestial node","Blue Sky"
"Beta","Ostrakon Deka-hexi"
"beta groundskeeper","Ohl Tahn;Eil Tohm;The Dravanian Hinterlands"
"beta opken","The Churning Mists;The Dravanian Hinterlands;The Sea of Clouds"
"betrayed soul","Dzemael Darkhold"
"bezoar","Heartbreak Holt"
"Bezul Huizan the Screamer","Whitebrim"
"Bhima","Floor 40 (Heaven-on-High)"
"bhoot","Pharos Sirius (Zone)"
"bhujamga","The Shroud of the Samgha"
"bi fang","The Glittering Basin"
"Bibireze Greysteel","Circle of the Tempered"
"bibliognost","Lower Tower of Ruin"
"biblioklept","Rhapsodies Quadrangle"
"bibliolater","The Great Gubal Library (Hard) (Zone)"
"bibliomancer","Rhapsodies Quadrangle"
"bibliophagist","Middle Floors (Hard)"
"bibliophile","Rhapsodies Quadrangle"
"bibliotaph","Lower Tower of Ruin"
"bifericeras","The Ruling Quarter"
"big claw","Quarterstone;The Gods' Grip"
"big shrapnel","U'Ghamaro Mines"
"Bigfoot","The Orchard"
"bigger chigoe","Issom-Har"
"Biggy","Copperbell Mines (Hard) (Zone)"
"bijou","Tomb of the Nullstone"
"biloko","Saint Mocianne's Arboretum"
"bioculture node","Incubation Bay VII;Incubation Bay VIII"
"biohazard","Incubation Bay VIII"
"bird eater","West Flamerock"
"bird of barathrum","The Alermuc Climb"
"bird of Elpis","Philomythes Notos"
"bird of Ligaka","Miyakabek'zoma"
"Bird of Paradise","The Sea of Clouds"
"Bitoso","Camp Bronze Lake"
"Bitoso adherent","The Floating City of Nym;Camp Bronze Lake"
"Bitoso of the Isle","Newvoid"
"bitsy basket","Timh Gyeus"
"black bat","Sastasha;The Bramble Patch"
"black eft","Greentear;Rootslake"
"black hole","The Parapet"
"black knight","The Vault (Zone)"
"black mage corpse","Cessair Lawns"
"black wolf","Heartbreak Holt"
"Blackbile Maladd Chah","Sagolii Desert;Zanr'ak"
"blackblood zu","Riversmeet"
"blackened headstone","The Tangle"
"Blackguard","Central Conveyance Unit"
"Blackstake Rodegg Chah","Broken Water"
"Blade of the Griffin","Airship Landing (Baelsar's Wall)"
"bladesblood","Transmission Control"
"blanga","Swiftperch;The Clutch"
"Blaster","Machinery Bay 67;The Burden of the Son"
"Blaster mirage","Machinery Bay 67;The Burden of the Son"
"blasting cap","Shaft E1"
"Blazewing","Southwestern Ice Needles"
"blazing anala","The Central Circuit;The Medial Circuit (Area)"
"blazing angon","Blue Sky"
"blazing cerule anala","Maw of Sansheya"
"blazing soul","Asyle Volcane"
"blizzard arrow","The Excruciationator"
"blizzard dragon","An Answer of Shame"
"blizzard sprite","Nald's Reflection;Squib Sands;The Anemos Seam"
"blizzardsphere","Neurolink Nacelle"
"bloated big claw","Cracked Shell Beach"
"bloated yumemi","Exile"
"blood bateleur","Dragonhead;Whitebrim"
"blood dragon","Ohl Tahn"
"Bloodbearer Robairlain","Mourn"
"Bloodbelly thaumaturge","South Shroud"
"bloodglider","The Last Forest"
"bloodglider monk","The Temple of the Fist (Zone)"
"bloodguard","The Queen's Bedchamber"
"bloodlapper","The Twain"
"bloodmoon martyr","Amdapor Keep (Hard) (Zone)"
"bloodmoon sacrifice","Amdapor Keep (Hard) (Zone)"
"Bloodshore bell","Costa del Sol;Bloodshore"
"bloodshot deepeye","Riversmeet"
"bloodshot eye","Drybone"
"Bloodshower Atabb Chah","Amalj'aa Encampment"
"bloodsucker","Solace"
"bloody cur","Drybone"
"Bloody Mary","Eastern La Noscea"
"blooming biloko","The Study (Hard)"
"blooming netzach","The Glostfired Bank"
"blooming ochu","Saint Mocianne's Arboretum"
"blooming tomatl","Fort Gohn"
"blue back","Runstop Frontblock"
"blue bavarois","The Final Ease"
"blue deer doe","Bowrest"
"blue deer stag","Bowrest"
"blue leafkin","The Cerulean Cexudross"
"blue morpho","The Cerulean Cexudross"
"blue swimmer","Where the Dry Return"
"blue unkiu","Shisui Temple"
"Bockman","Central Shroud"
"bog yarzon","Jadeite Thick"
"bognarious bandersnatch","The Hundred Throes"
"bogy","Seasong Grotto"
"bolt hound","East Yyasulani"
"Bolthorn","The Weeping Saint"
"bomb baron","Bluefog"
"bomb baronet","Coerthas Central Highlands"
"bomb boulder","The Navel (Zone)"
"bomb char","Coerthas Central Highlands"
"bomb incubator","Iron Lake"
"bomb queen","Coerthas Central Highlands"
"bomb servitor","Coerthas Central Highlands"
"Bombadeel","The Val River Swale"
"Bombard blank","Zephyr Drift"
"bombast","Proud Creek;Black Brush"
"Bone Crawler","The Peaks"
"bone dragon","Hall of the Tainted"
"bone nix","Dragonbreath Falls"
"Bonnacon","Western La Noscea"
"bony wolf","Riversmeet"
"boogyman","Amdapor Keep (Hard) (Zone)"
"booted death machine","Regio Urbanissima"
"bothered bee cloud","Avalonia Fallen"
"bounding bandersnatch","Chocobo Forest"
"Bounty craklaw","The Arrapago Remnants"
"Bounty monk","The Arrapago Remnants"
"Bounty ogrebon","The Arrapago Remnants"
"Bounty rockfin","The Arrapago Remnants"
"Bounty ruszor","The Arrapago Remnants"
"Bounty uragnite","The Arrapago Remnants"
"Bounty vepar","The Arrapago Remnants"
"Bounty xzomit","The Arrapago Remnants"
"bovian","The Nabaath Mines"
"bovian bull","The Nabaath Mines"
"Bozjan antlion","Old Bozja"
"Bozjan anzu","The Alermuc Climb"
"Bozjan bandersnatch","Old Bozja"
"Bozjan biast","Old Bozja"
"Bozjan doblyn","Old Bozja"
"Bozjan doll","The Alermuc Climb"
"Bozjan elasmoth","The Alermuc Climb"
"Bozjan elbst","The Alermuc Climb"
"Bozjan geshunpest","Southern Entrenchment"
"Bozjan gravekeeper","The Alermuc Climb"
"Bozjan korrigan","Southern Entrenchment"
"Bozjan matamata","Southern Entrenchment"
"Bozjan monitor","The Alermuc Climb"
"Bozjan mudpuppy","Southern Entrenchment"
"Bozjan nepenthes","Southern Entrenchment"
"Bozjan ochu","The Alermuc Climb"
"Bozjan orobon","Southern Entrenchment"
"Bozjan phantom","Pride of the Lion"
"Bozjan phobosuchus","The Alermuc Climb"
"Bozjan ranunculus","The Alermuc Climb"
"Bozjan rider","The Alermuc Climb"
"Bozjan sabotender","Old Bozja"
"Bozjan screamer","The Alermuc Climb"
"Bozjan snake","The Alermuc Climb"
"Bozjan taipan","Old Bozja"
"Bozjan tormentor","Old Bozja"
"Bozjan wight","Old Bozja"
"Bozjan worm","Old Bozja"
"Bozjan wraith","Southern Entrenchment"
"brahmin ambusher","East End"
"branchbearer","The Cerulean Cexudross"
"Brawler","Machinery Bay 68;The Burden of the Son"
"breaking point","The Iron Womb"
"bright balloon","Alder Springs"
"brightsphere","The Quire;Singularity Reactor"
"brightwisp","Everschade"
"brilliant starmite","The Perfumed Rise"
"brine","Sastasha (Hard)"
"broken Omicron","Ostrakon Deka-hexi"
"broken thaumaturge","Raincatcher Gully"
"broken viking","The Central Circuit"
"Brontes","Central Thanalan"
"brontotaur","Second Floor (Amdapor Keep)"
"bronze beetle","The Wanderer's Palace"
"bronze buzzard","The Wanderer's Palace"
"bronze pugil","The Wanderer's Palace (Hard)"
"brood ziz","Sorrel Haven"
"brotherly gil turtle","Blue Sky"
"Brounger","Iron Lake"
"brownie","Yesterland"
"brutal almasty","The Eblan Rime"
"Brute Justice","The Burden of the Son"
"brutish imp","The Footfalls"
"Bubbly Bernie","The Footfalls"
"Buccaboo","The Peaks"
"budding morbol","The Tangle"
"bull archaeosaur","Eil Tohm"
"bull chocobo","Chocobo Forest"
"bull dhalmel","Last Step"
"Bune","The Churning Mists"
"Burfurlur the Canny","Labyrinthos"
"burning anala","The Central Circuit"
"burning star","Neurolink Nacelle"
"burrowing t'ohts'on","Village of Ilyon Asoh"
"burrowing wamoura","Tharl Oom Khash"
"burrowing wamouracampa","Tharl Oom Khash"
"Buso","Lower La Noscea"
"butcher basilisk","Bluefog"
"buzzing djigga","Nine Ivies"
"buzzsaw","The Excruciationator"
"Byblos","Astrology and Astromancy Camera"
"bygone alpha sentry","Royal Portal"
"bygone electrohound","Royal Portal"
"bygone roadripper","The Underkeep (Zone)"
"bygone terror knight","Grand Hall (The Underkeep);The Underkeep (Zone)"
"cacophony","Cutter's Cry (Zone);The Weeping Saint"
"cactuar","Hammerlea;The Eighty Sins of Sasamo"
"Cactuar Jack","Hammerlea"
"caladrius","Magitek Snowcraft"
"caladrius maturus","Magitek Snowcraft"
"Calcabrina","Where All Witness"
"Callisto","The Orchard"
"Calofisteri","Tomb of the Nullstone"
"Campacti","Azys Lla"
"camptotaur","The Sunken Temple of Qarn (Hard) (Zone)"
"canal achamoth","The Second Sluice"
"canal anala","The Fifth Sluice"
"canal arachne","The Fourth Sluice"
"canal banemite","The Fourth Sluice"
"canal bloodglider","The Second Sluice"
"canal bomb","The Fifth Sluice"
"canal bombfish","The Third Sluice"
"canal cardian","The Second Sluice"
"canal chuluu","The Fourth Sluice"
"canal coralshell","The Third Sluice"
"canal dhalmel","The Third Sluice"
"canal dhruva","The Second Sluice"
"canal diremite","The Fourth Sluice"
"canal drake","The Fifth Sluice"
"canal fan","The Second Sluice;The Fourth Sluice"
"canal fluturini","The First Sluice"
"canal gagana","The Third Sluice"
"canal halgai","The First Sluice"
"canal hanya","The Fifth Sluice"
"canal hippomaritimus","The Third Sluice"
"canal kiyofusa","The Fifth Sluice"
"canal kongamato","The Second Sluice"
"canal marid","The Third Sluice"
"canal Matanga","The Sixth Sluice"
"canal minotaur","The Sixth Sluice"
"canal monk","The Third Sluice"
"canal muud suud","The Sixth Sluice"
"canal ogre","The Fifth Sluice"
"canal onmitsu","The Fifth Sluice"
"canal sasquatch","The Third Sluice"
"canal sheep","The First Sluice"
"canal tengu","The Fifth Sluice"
"canal urolith","The Fourth Sluice"
"canal vanara","The Sixth Sluice"
"Cancer","Bloodshore"
"cane toad","Moraby Bay"
"canis lupinus","The Eblan Rime"
"canis perdito","Bittermill"
"canis pugnax","Regio Urbanissima"
"cankerous gobbet","Amdapor Keep (Hard) (Zone)"
"canyon bat","Yowekwa Canyon"
"canyon condor","The Wet Sands"
"canyon dzo","The Rise of Bardam the Brash"
"Capricious Cassie","Larkscall"
"Captain Madison","The First Rambade;The Second Rambade"
"Captain Mogsun","Unsevered Despair"
"captain's leech","Sastasha (Hard)"
"captain's slave","Sastasha (Hard)"
"caracal","Mjrl's Regret"
"cardian","Flurry"
"caribou","The Outer Circuit"
"Carmilla","Blue Sky"
"carmine wamouracampa","The Temple of the Fist (Zone)"
"carpet stain","Ground Floor (Haukke Manor)"
"carrier ladybug","Moraby Bay;Lifemend Stump;Jadeite Thick;Nine Ivies"
"carrier ziz","The Left Brattice;Stone Vigil"
"carrion beetle","The Tam-Tara Deepcroft"
"carrion chigoe","Jadeite Thick;Bentbranch"
"carrion griffin","The Garden of Despite"
"Catastrophe","The Dungeons"
"cathedral gargoyle","The Vault"
"catoblepas","Halatali (Hard) (Zone)"
"Cat's Eye","Living Memory"
"cauahealoa","East Yyasulani"
"cauahepya","East Yyasulani"
"caustic Grebuloff","Shell Mound"
"cave aurelia","Sastasha"
"cave crab","Sastasha (Hard)"
"cave gelatin","Wandering Well"
"cave glowfly","Cave Kikitola"
"Caym","Klauser's Peace"
"cell mite","The Thousand Maws of Toto-Rak"
"centaur","Where Minds Toil;Where Souls Rest"
"center anala","The Central Circuit"
"center anila","The Central Circuit"
"center apa","The Central Circuit"
"center dhara","The Central Circuit"
"center prabhasa","The Central Circuit"
"center soma","The Central Circuit"
"Cepheus","Moraby Bay"
"ceratoraptor","Pyariyoanaan Plain"
"cermet blast door","Magitek Research"
"cermet bulkhead","Central Hall"
"cermet coblyn","The Keeper of the Lake (Zone)"
"cerule anala","Eshceyaani Wilds"
"cerule bomb","Yawtanane Grasslands"
"cerule rheum","Yawtanane Grasslands"
"ceruleum coblyn","Camp Bluefog"
"ceruleum servant","Neurolink Nacelle"
"ceruleum zoblyn","Cerulea Ingens;Regio Urbanissima"
"Ceto","The East Val River Bank"
"Cetus","The Beast"
"chalcopyrite coblyn","Copperbell Mines (Hard) (Zone)"
"chamrosh","The Perfumed Rise"
"Chaos","The Chaos Shrine"
"chaosphere","The Chaos Shrine"
"chapuli","The Last Forest"
"charged bolt hound","The Thunderyards;East Yyasulani"
"charging gaja","Saltwind's Welcome"
"charging hog","Greentear"
"charging swine","Cleric"
"charmed captain","The Ship Graveyard"
"charmed falmadair","The Ship Graveyard"
"charred coblyn","The Bore"
"charred doblyn","The Bore"
"charred dreadnaught","Imperial Mineshaft"
"charred droid","Imperial Mineshaft"
"charred drone","Imperial Mineshaft"
"charred luminare","The Bleached Shelf;The Blacklands"
"charred paladin","Imperial Mineshaft"
"chary harrier","Snowcloak (Zone)"
"chasm cobra","The Wishbone"
"chasm harpeia","The Wishbone"
"chelone","Loch Seld;The High Bank"
"Chernobog","Outer La Noscea"
"Chieftain Moglin","Unsevered Despair"
"chigoe","Greentear;Jadeite Thick;Issom-Har;The Tangle"
"Child of the Everlasting Dark","The Citia Swamps"
"Chiliad cama","The Stay"
"chimera","The Blue Sands"
"Chirada","The Howling Eye (Zone)"
"Chirwagur sabreur","Chirwagur Saltern"
"chokeshin","Floor 20 (Heaven-on-High)"
"Chopper","Sastasha"
"Chukwa","The High Bank"
"churn","Shisui Gokagura"
"Cieldalaes crawler","Hullbreaker Isle"
"Cieldalaes hornet","Hullbreaker Isle (Zone)"
"Cieldalaes mantis","Hullbreaker Isle"
"Cindersoot Pegujj Chah","Zanr'ak Altar"
"Cinduruva","Wisdom's Ward"
"circling condor","Amdapor Keep (Hard)"
"claster","Main Generators"
"Clawtrap Alzadaal XIV","The Arrapago Remnants"
"clay claw","Strategeion - 4F"
"clay golem","Woad Whisper Canyon;Spirithold;Sil'dih Excavation Site;Alder Springs"
"clearwater nanka","Whilom River"
"clever hedgemole","Cedarwood"
"clever little ray","Hells' Lid (Landmark)"
"cliffdiver","Raincatcher Gully"
"cliffkite","Scree"
"cliffmole","The Duergar Mountains"
"Clingy Clare","The Alermuc Climb"
"clionid","The Norvrandt Slope"
"clockwork alarum","Reality Augmentation Bay"
"clockwork avenger","Automachina Research"
"clockwork bug","Ragnarok Drive Cylinder;Central Decks"
"clockwork dreadnaught","Whitebrim;Providence Point;The Binding Coil of Bahamut - Turn 4"
"clockwork engineer","Alpha Quadrant"
"clockwork footman","Sector VII (Second Coil)"
"clockwork harvestman","Alpha Quadrant"
"clockwork hunter","Automachina Research"
"clockwork knight","The Binding Coil of Bahamut - Turn 4"
"clockwork paladin","Alpha Quadrant"
"clockwork predator","Violet Ward;Crimson Ward;Emerald Ward"
"clockwork repurposer","Main Portal;Automachina Research"
"clockwork reservoir","Crimson Ward;Emerald Ward"
"clockwork soldier","The Binding Coil of Bahamut - Turn 4"
"clockwork spider","Bioweapon Sector VII"
"clockwork squire","Syrcus Tower"
"clockwork warrior","Central Decks"
"clockwork wright","Syrcus Tower"
"cloning node","Eureka Orthos"
"cloud aevis","Greensward"
"cloud chaser","Aery Exterior"
"cloud gardener","An Answer of Sorrow;Sudden Torment"
"cloud wyvern","Four Arms"
"cloudlarker","Sterncastle Deck"
"cloudtop tsanahale","Last Step"
"cloudworm","The Sea of Clouds"
"clown wraith","The Phantoms' Feast (Zone)"
"cluster mantis","Red Mantis Falls"
"clutch pelican","Raincatcher Gully"
"coastal mandragora","Bloodshore;Raincatcher Gully"
"cobalt ember","The Ring of Fire"
"cochineal cactuar","Black Brush;The Quiveron Manse"
"cockatrice","The Ruling Quarter"
"codpiece clipper","The Keeper of the Lake (Zone)"
"coelurosaur","Weathering"
"coeurl","The Long Climb"
"Coeurl o' Nine Tails","The Thousand Maws of Toto-Rak"
"coeurl prana","The Temple of the Fist (Zone)"
"coeurl smriti","The Temple of the Fist (Zone)"
"coeurl sruti","The Temple of the Fist (Zone)"
"Coeurlclaw falconer","Silent Arbor"
"Coeurlregina","Chocobo Forest;The Dravanian Forelands"
"cog oil","The Wanderer's Palace"
"Coincounter","The Aurum Vale"
"coldwater tursus","Riversmeet"
"coldwind bateleur","Coerthas Western Highlands;Gorgagne Holding"
"Coliseum lemur","Halatali (Hard) (Zone)"
"Coliseum python","Halatali"
"collapsed rock","Copperbell Mines (Hard) (Zone)"
"combat wivre","The Wanderer's Palace (Hard)"
"comesmite","The Thousand Maws of Toto-Rak"
"comet chaser","Brayflox's Longstop"
"Comet circle","Singularity Reactor"
"Compound 2P","Bridge"
"concubinus","Drybone;North Silvertear"
"condor","Rootslake"
"conflagration","| Duty         ="
"congealed blood","Haukke Manor (Hard)"
"conodont","Voor Sian Siran"
"continuum conservator","High-level Incubation Bay"
"Copperbell coblyn","Copperbell Mines"
"Copperbell nix","Copperbell Mines (Hard) (Zone)"
"Coquecigrue","Kholusia"
"Coral Sahagin","Open Sea - Pirate Vessel"
"coralshell","Rasen Kaikyo"
"cork bulb","Raincatcher Gully"
"Cornu","Outer La Noscea"
"Corpse Brigade firedancer","Broken Water;The Sepulchre"
"Corpse Brigade footsoldier","Wellwick Wood"
"Corpse Brigade knuckledancer","Broken Water;The Sepulchre"
"Corpse Brigade pikedancer","Broken Water"
"Corpse Brigade pugilist","The Striped Hills"
"corpse flower","Beta Quadrant"
"corpsecleaner eagle","The Voiceless Muse"
"corpsefly","Cellarage"
"corrupted aether","Camp Bronze Lake"
"corrupted flan","Fifth and Fourth Levels"
"corrupted gel","Second Spire"
"corrupted imperial","Regio Urbanissima"
"corrupted Nymian","The Wanderer's Palace"
"corrupted Nymian curate","The Long Hall"
"corrupted pudding","Pharos Sirius (Zone)"
"corrupted slime","Pharos Sirius (Zone);Fifth and Fourth Levels"
"corrupted sprite","Pharos Sirius (Zone);Aether Compressor;Northwestern Pavilion;Northeastern Pavilion;Southwestern Pavilion;Southeastern Pavilion"
"corrupted wolf","Aether Compressor"
"corruption","Fifth and Fourth Levels;Fuel Chamber"
"courser chocobo","Chocobo Forest"
"cracked ice sprite","Twinpools"
"cracked Qarn facer","The Sunken Temple of Qarn (Hard) (Zone)"
"cracked Ronkan doll","The K'mul Astropolis"
"cracked Ronkan thorn","The Morning Stars"
"cracked Ronkan vessel","The K'mul Astropolis"
"crag claw","Rustrock"
"cragbite peiste","The Red Labyrinth"
"craklaw","The Teeth"
"crater golem","Spriggan Dig"
"craven condor","Bloodshore;Rootslake"
"Crawling Death","Shadowed City"
"crazed archelon","Costa del Sol"
"crazed dhalmel","Last Step"
"crazed sprite","Costa del Sol"
"creeping chigoe","Proud Creek"
"Creeping Edila","The Queen's Gardens"
"crescent aetherscab","Crystallized Caverns"
"crescent apa","The Wanderer's Haven"
"crescent armor","Southdown Heath;Heathcliff"
"crescent bachelor","Shadowed City"
"crescent bandersnatch","Southdown Heath"
"crescent blackguard","Shadowed City"
"crescent bomb","Southdown Heath;Lost Citadel;Vanishing Slope;Heathcliff;Eldergrowth;Shadowed City;The Wanderer's Haven;Crystallized Caverns;Abandoned Ascent"
"crescent Byblos","Crystallized Caverns"
"crescent caoineag","Vanishing Slope;The Wanderer's Haven"
"crescent catoblepas","Heathcliff"
"crescent Cetus","Vanishing Slope"
"crescent chimera","Abandoned Ascent"
"crescent claw","Stonemarsh"
"crescent collagen","Stonemarsh"
"crescent dhruva","Southdown Heath;Lost Citadel;The Wanderer's Haven;Heathcliff;Shadowed City;Abandoned Ascent;Crystallized Caverns"
"crescent dullahan","Abandoned Ascent"
"crescent echos","Eldergrowth"
"crescent fan","Lost Citadel"
"crescent flame","The Wanderer's Haven"
"crescent flying lizard","Southdown Heath"
"crescent fool","Abandoned Ascent"
"crescent Garula","Southdown Heath;Heathcliff"
"crescent geshunpest","Crystallized Caverns"
"crescent ghost","Lost Citadel"
"crescent golem","The Wanderer's Haven"
"crescent goobbue","Vanishing Slope;Heathcliff"
"crescent gourmand","Stonemarsh;Abandoned Ascent"
"crescent haagenti","Crystallized Caverns"
"crescent harpuia","Vanishing Slope;Heathcliff"
"crescent headstone","Shadowed City;Heathcliff"
"crescent inkstain","Abandoned Ascent"
"crescent leshy","Southdown Heath"
"crescent marolith","Lost Citadel"
"crescent meraevis","Heathcliff"
"crescent mimic","Southdown Heath;Lost Citadel;The Wanderer's Haven;Heathcliff;Crystallized Caverns;Stonemarsh;Shadowed City;Abandoned Ascent"
"crescent monk","Shadowed City"
"crescent mousse","Southdown Heath;Lost Citadel;The Wanderer's Haven;Heathcliff;Shadowed City;Stonemarsh;Abandoned Ascent"
"crescent rosebear","Heathcliff"
"crescent satana","Abandoned Ascent"
"crescent taurus","Crystallized Caverns;Heathcliff"
"crescent triceratops","Heathcliff"
"crescent troubadour","Eldergrowth;Shadowed City;Lost Citadel"
"crescent void viper","Stonemarsh"
"crescent zaghnal","The Wanderer's Haven"
"crescent zangbeto","Crystallized Caverns"
"crescent zirnitra","Abandoned Ascent"
"Crier Briareos","The Footfalls"
"crimson ember","The Ring of Fire"
"crimson nail","Sagolii Desert"
"critical bug","Automachina Research"
"Croakadile","Lower La Noscea"
"croftlight","The Tam-Tara Deepcroft"
"Crom Dubh","Blue Sky"
"Cronos","North Silvertear"
"Croque-mitaine","Middle La Noscea"
"crossing bateleur","Griffin Crossing (Zone)"
"crossing hippocerf","Griffin Crossing (Zone)"
"Cruise Chaser","Main Generators"
"crystal bearer","Spriggan Dig"
"crystal claw","The East Val River Bank"
"crystal incarnation","Kozama'uka;Urqopacha;Yak T'el;Shaaloani;Heritage Found;Living Memory"
"crystal wolf","Heartbreak Holt"
"Cuachac","Moraby Bay"
"cubus","Amaurot (Area)"
"Cuca Fera","The Stone Vigil (Hard) (Zone)"
"Cuchulainn","Conversion Chamber"
"Cuelebre","Four Arms"
"cultivated morbol seedling","The Perfumed Rise"
"cultured bowyer","Incubation Bay VII"
"cultured chimera","Incubation Bay VIII"
"cultured cobra","Incubation Bay VII"
"cultured dancer","Incubation Bay VII"
"cultured empuse","Incubation Bay VII"
"cultured mirrorknight","Incubation Bay VIII"
"cultured naga","Incubation Bay VII"
"cultured reptoid","Incubation Bay VIII"
"cultured shabti","Triad Control"
"cunning bhujamga","The Shroud of the Samgha"
"cursed eye","Pools of Oblivion"
"cursed weapon","Kelk"
"Curupira","Peacegarden"
"cyan tentacle","Undersea Entrance"
"cyclomedusa","Hullbreaker Isle"
"Dadaluma","Lower Tower of Ruin"
"Daddy Longlegs","Parata's Peace"
"Daedalus","Proud Creek"
"dagon","The Norvrandt Slope"
"dahu","The Hall of Supplication"
"Daidarabotchi","The Dragon's Mouth"
"daimyo yumemi","Rasen Kaikyo"
"Dáinsleif","The Alermuc Climb"
"Daivadipa","Jnanamandapa"
"Dalamud spawn","The Holocharts"
"Dalvag's Final Flame","Northern Thanalan"
"damaged adjudicator","The Sunken Temple of Qarn (Hard) (Zone)"
"damantus","Hall of the Bestiarii"
"danbania","The Caliban Gap"
"dancing bear","The Temple of the Fist (Zone)"
"dancing marionette","The Bleached Shelf"
"dancing weapon","The Central Hills of Amber"
"Dantalion","The Tam-Tara Deepcroft (Hard)"
"Daphne","The West Val River Bank"
"daphnia","Northern Mare Lamentorum"
"daphnia magna","Mare Lamentorum"
"dark aether isten","The Chrysalis (Zone)"
"dark aether salas","The Chrysalis (Zone)"
"dark aether sina","The Chrysalis (Zone)"
"dark brown bear","Chocobo Forest"
"dark clay beast","The Pauper's Lode"
"dark cloud","Unstifled Prayer"
"dark crystal","The Chaos Shrine"
"dark gaelicat","The West Val River Bank"
"dark gargoyle","The East Val River Bank"
"Dark General","Syrcus Tower"
"Dark Helmet","Western La Noscea"
"dark helot","The Presence Chamber (Amdapor Keep)"
"dark levin crystal","Tharl Oom Khash"
"dark matter aurelia","The Binding Coil of Bahamut - Turn 3"
"dark matter bulb","Scar's Edge"
"dark matter coeurl","Aetheroacoustic Exploratory Site"
"dark matter golem","Aetheroacoustic Exploratory Site;The Binding Coil of Bahamut - Turn 3"
"dark matter hornet","Scar's Edge"
"dark matter mantis","Aetheroacoustic Exploratory Site;The Binding Coil of Bahamut - Turn 3"
"dark matter pelican","Aetheroacoustic Exploratory Site"
"dark matter pteroc","Aetheroacoustic Exploratory Site"
"dark matter pugil","Aetheroacoustic Exploratory Site"
"dark matter roselet","The Golem Trail"
"dark matter slime","Allagan Megastructure;Bioweapon Sector VII"
"dark matter slug","The Binding Coil of Bahamut - Turn 3;Scar's Edge"
"dark parthenope","West Flamerock"
"dark plasma","Nald's Reflection;Whitebrim Front"
"dark rider","The West Val River Bank"
"dark sphere","The Iron Womb"
"dark sprite","Whitebrim Front;Four Arms"
"dark troubadour","Southwestern Ice Needles;West Flamerock"
"dark void monk","The East Val River Bank"
"Darkscale","Ohl Tahn;Tharl Oom Khash"
"darner","The Orchard"
"dastardly devilet","The Lost City of Amdapor (Zone)"
"daughter of Glaukopis","East Flamerock"
"daughter of Imdugud","Alpha Concourse"
"dawn knight","The Chancel"
"Daxio of the Dawn","Goldleaf Dais"
"Daybreakers axeslinger","Tonatenyawi"
"Daybreakers gunslinger","Tonatenyawi"
"Daybreakers swordslinger","Tonatenyawi"
"dazzling bomb","U'Ghamaro Mines"
"Deacon","The Tempest"
"deadly draco","The Forest of the Lost Shepherd"
"death claw","The Sunken Temple of Qarn"
"death jacket","The Orchard"
"death mask","The Val River Swale"
"death sprite","The Val River Swale;The West Val River Bank"
"debitage","The Central Hills of Amber"
"debris","Paglth'an (Zone)"
"decaying gourmand","The Lost City of Amdapor (Zone)"
"deep earth aether","The Queen's Room"
"deep jungle coeurl","Brayflox's Longstop;Brayflox's Longstop (Hard)"
"deep jungle torama","Brayflox's Longstop (Hard) (Zone)"
"deep palace gargoyle","Floor 141 (Palace of the Dead)"
"deepblack rune","Four Arms"
"Deepcroft miteling","The Tam-Tara Deepcroft"
"deepgrey hippocerf","Chocobo Forest"
"deep-sea leech","The Norvrandt Slope"
"deepvoid deathmouse","Snakemolt"
"deepvoid devilet","Eastern Thanalan"
"deepvoid eye","South Shroud"
"deepvoid planebreaker","Coerthas Western Highlands"
"deepvoid scamp","Sagolii Desert"
"deepvoid slave","Feasting Hall"
"deepvoid sludge","Coerthas Western Highlands"
"defective caretaker","Greatest Endsvale"
"defective drone","The Gamma Segregate"
"defective Ronkan thorn","The Great Pyramid of Ux'ner"
"defective scraper","The Carrotorium"
"defective sentry G8","Electric Potential"
"defective sentry R8","Archeo Alexandria"
"defective sentry S6","The Thunderyards"
"defective sentry S8","East Yyasulani"
"defective Talos","The Bright Cliff"
"defective turret","East Yyasulani"
"defense node","Meteor Fissure;Sector III"
"defroster","The Val River Swale"
"Deidar","Yanxia"
"Delphyne","East Flamerock"
"Delta","Ostrakon Deka-hexi"
"Demon Chadarnook","Mansion Cellar"
"Demon of the Tome","Singing Shards"
"demon pawn","Greenwood Altar (Hard);Hardwood Altar (Hard);Wormwood Altar (Hard)"
"demon tome","Hall of Magicks"
"demon wall","The Bloody Transept"
"Demoniacal Mogcane","Unsevered Despair"
"demonic rose","Amdapor Keep (Hard) (Zone)"
"demon's elemental","West Flamerock"
"demonstool","The Lost City of Amdapor (Zone)"
"demonswake","Hardwood Altar (Hard)"
"denizen of the dark","North Silvertear"
"deranged germinant","Shadow Fault"
"deranged tragopan","Shadow Fault"
"desert armadillo","Qasr Sharl"
"desert coyote","Mount Biran Mines"
"desert desman","The Bleached Shelf"
"desert viper","The Sunken Temple of Qarn (Hard) (Zone)"
"desert vulture","The Northern Hills of Amber;The Central Hills of Amber;Mount Biran Mines"
"desperate mongrel","Hammerlea"
"dewdrinker ladybug","Treespeak"
"Dexter","The Queen's Bedchamber"
"dhalmel of nightmares","The Anemos Seam"
"dhara sentinel","Salvation"
"dhorme chimera","The Weeping Saint"
"dhruva cluster","The Central Circuit"
"Diadem beast","The Diadem"
"Diadem bloated bulb","The Diadem"
"Diadem golem","The Diadem"
"Diadem ice bomb","The Diadem"
"Diadem ice golem","The Diadem"
"Diadem icetrap","The Diadem"
"Diadem melia","The Diadem"
"Diadem plantoid","The Diadem"
"Diadem werewood","The Diadem"
"Diadem zoblyn","The Diadem"
"diakka","Dimwold"
"Diamondjaw Nezedd Gah","Zanr'ak Encampment"
"diamond-tooth hedgemole","Dzemael Darkhold"
"Diatryma","Cloudtop"
"Diluxio's lackey","Sylphlands"
"Diluxio's toady","Sylphlands"
"dim crystal","The Scorpion's Den"
"dingo","West Flamerock"
"Dione","North Silvertear"
"dira","Pools of Oblivion;Walk of Lament"
"dire gargoyle","North Silvertear"
"diremite","Bentbranch"
"dirty eye","The Lost City of Amdapor (Zone)"
"dirty mongrel","The Footfalls;Drybone"
"dirty rat","Oakwood"
"discarded body","The Tam-Tara Deepcroft (Hard) (Zone)"
"discarded eye","The Tam-Tara Deepcroft (Hard) (Zone)"
"discordant calx","Scree"
"diseased treant","The Bramble Patch;Upper Paths"
"disposal node","Sector V"
"diurnal knight","The Vault"
"divan mold","Ground Floor (Haukke Manor)"
"Dobharch","The Makers' Quarter"
"docile miacid","Outer La Noscea"
"docile tiger","Outer La Noscea"
"doctore","Halatali;Drybone"
"Dohnfast Fuath","Hidden Gardens"
"dojun-maru","Budokan Training Grounds"
"Doman armored weapon","Hall of the Four Pillars"
"Doman canis pugnax","Ichi-no-Kuruwa"
"Doman colossus","Ni-no-Kuruwa"
"Doman gunship","Ni-no-Kuruwa"
"Doman reaper","Ichi-no-Kuruwa"
"Doman sky armor","Ni-no-Kuruwa"
"Doman slasher","Ni-no-Kuruwa"
"Doman vanguard","Ichi-no-Kuruwa"
"domesticated banemite","South Shroud"
"Domovoi","Il Mheg"
"Doom Chimney","The Phantom Train;Freight Car"
"doomed gigantoad","Nophica's Wells"
"doro-no-shiki","The Wreath of Snakes (Zone)"
"dorpokkur","Limnology (Hard);Purification Tank B"
"Dotoli Ciloc","The Tlachtli"
"dove aevis","Snowcloak (Zone)"
"down wyvern","Errn Scorh"
"downcast hippocerf","Whitebrim;North Silvertear"
"downfall alarum","Heimdall's Last Sight"
"downy aevis","Providence Point"
"Downy Dunstan","Dragonhead"
"drachen apparition","Shattered Remembrance"
"draconic regard","The Aspersory"
"dragon aevis","Stone Vigil"
"dragon bi fang","The Dairyu Chain"
"dragon hornbill","The Dairyu Chain"
"dragon maiden","Anyx Minor"
"dragon weasel","The Dairyu Chain"
"dragonet","Ohl Tahn"
"dragonfly chaser","Dragonhead;Whitebrim;North Silvertear"
"dragonfly hunter","The Stone Vigil (Hard) (Zone)"
"dragonfoot hropken","Eil Tohm"
"dragon's head","Noh Theater"
"dran Sorn Gahr","Aery Exterior"
"Dravanian outflyer","Stone Vigil;The Barracks;The Left Brattice"
"Dravanian outwalker","Stone Vigil;The Barracks"
"dread dragon","Bronze Lake"
"dreadguard","The Ragnarok (Zone);Incubator Transport"
"dreadknight","The Right Hand of Bahamut"
"dreaming shudra","Virdjala"
"drifting dynamite","Greatest Endsvale"
"drifting soul","Pharos Sirius (Zone)"
"dripping sallet","Sastasha (Hard)"
"drought dweller","Newvoid"
"drowned boatswain","The Serpent's Tongue"
"drowned courtesan","Sastasha (Hard)"
"drowned demolisher","Open Sea - Merchantman"
"drowned powder monkey","Sastasha (Hard)"
"drowned seaman 1st class","Open Sea - Merchantman"
"drowned swordsman","Sapsa Spawning Grounds"
"drowned wench","Sastasha (Hard)"
"dryad","Proud Creek"
"Drybone tuco-tuco","Drybone"
"dryspine gigantender","The Central Hills of Amber"
"Dschubba","Treespeak"
"dud","Uncanny Valley (Area)"
"dueling gryps","Philomythes Notos"
"dueling yggdreant","Philomythes Notos"
"dullahan","Proud Creek;Amdapor Keep"
"dune angler","Sagolii Desert"
"dune bogy","The Footfalls"
"dung wespe","The Adytum of Lalafuto IV"
"Durinn","Blue Sky"
"dusk bat","Skull Valley"
"dusk knight","The Chancel"
"dusk wolf","Outer Walls"
"duskfall bhoot","The Missing Sester"
"duskfall dullahan","The Val River Swale"
"duskfall mummy","The Val River Swale"
"duskfall skeleton","The Orchard"
"Duskwight outlaw","Sorrel Haven"
"dust anila","The Last Forest"
"dust dhara","The Striped Hills"
"Dux","East Flamerock"
"Dvalinn","The Hall of the Thrice Born"
"dynamite","Kydonia Knolls"
"E.D.D.","Main Generators"
"earth aether","The Queen's Room"
"earth arcanum","The Answering Quarter"
"earth eater","The Western Plateau"
"earth familiar","Southwestern Ice Needles"
"earth homunculus","Pools of Folly"
"earth sprite","Bloodshore;Upper Paths;Hammerlea;Drybone;Sandgate;Raubahn's Push;Bluefog;The Dravanian Forelands;The Dravanian Hinterlands;The Ziggurat;The Alermuc Climb;Yesterland"
"earthen brickman","Sil'dih Excavation Site;Blind Iron Mines;Bronze Lake;Bentbranch;Finder's Bluff"
"easterly","Mansion Cellar"
"Eastern buzzard","The Fall of Bardam the Boastful"
"Eblan bear","The Eblan Rime;Regio Urbanissima"
"Eblan icetrap","Regio Domorum"
"echevore","Timh Gyeus"
"Echidna","The Queen's Bedchamber"
"echioceras","Strategeion - 3F;Strategeion - 4F"
"Eden Prime","The Core"
"Eden's Promise","The Garden of Nowhere"
"eft","Black Brush;The Clutch;Central Thanalan"
"eftstool","The Aurum Vale"
"Eggplant Knight","The Isles of Umbra"
"Egi plume","The Floating City of Nym"
"Einhander","The Keeper of the Lake (Zone)"
"elder aspis","Eshceyaani Wilds"
"elder flint","Solace;Sorrow"
"elder goobbue","Middle La Noscea"
"elder longhorn","Drybone"
"elderly gnome","Nuvy's Leavings"
"Eldthurs","West Flamerock"
"electric node","Core Override"
"electromagnetic coil","Main Generators"
"elite onmitsu","Budokan Training Grounds"
"Elpis minotaur","Kallimelios Zephyros"
"elven knight","Laxan Loft"
"ember sprite","Flurry;Northeastern Ice Needles;Southwestern Ice Needles;East Flamerock"
"emerald salamander","Rootslake"
"Emperor's rose","Garlemald"
"empuse","Beta Quadrant"
"enchanted fan","Sudden Torment"
"enchanted funguar","Jadeite Thick"
"enforcement droid","Alpha Quadrant"
"enforcement droid 208","Alpha Quadrant"
"enforcement droid 210","Automachina Research"
"Engels","Forward Deck"
"engine oil","Electrocution Gallery"
"Enkelados","The Sea of Clouds"
"enraged Elpis minotaur","Southerly Zephyrneus"
"entanglement","Tomb of the Nullstone"
"Eo'ghrah","The West Val River Bank"
"eoraptor","Brayflox's Longstop (Hard) (Zone)"
"Epilogi","Blue Sky"
"Erle","The Fringes"
"eroded earth sprite","Avalonia Fallen"
"eroding marolith","The Lower Reaches"
"errant revenant","Copperbell Mines (Hard) (Zone)"
"errant soul","Copperbell Mines"
"escaped oreias","Philomythes Notos"
"Estinien Wyrmblood","Steel Vigil"
"etainmoth","Timh Gyeus"
"Etamin","Ohl Tahn"
"Eurekan dahak","The Anemos Seam"
"Eurekan deathgaze","The Val River Source"
"Eurekan screamer","Heartbreak Holt"
"Eurydike","The Hungering Gardens"
"even bigger chigoe","Issom-Har"
"evenfall firefly","The Gods' Grip;Skull Valley;Drybone"
"Everkeep aerostat","Information Center;Leynode Nine;Recreation Zone"
"Everkeep sentry G10","Information Center;Leynode Nine"
"Everkeep sentry R10","Leynode Nine;Recreation Zone"
"Everkeep turret","Recreation Zone"
"everlasting yew","Windspath Gardens"
"everwinter bear","Riversmeet"
"evil dreamer","Penitence"
"evil weapon","Kelk"
"exciting bug","Hyperstage 4"
"exciting cleaner","Hyperstage 2"
"exciting hunter","Hyperstage 1"
"exciting iron claw","Hyperstage 1"
"exciting lublyn","The Excitatron 6000 (Zone)"
"exciting spinner-rook","Hyperstage 1"
"Exdeath","The Parapet"
"execrated thew","Containment Bay Z1T9 (Zone)"
"execrated wile","Containment Bay Z1T9 (Zone)"
"execrated will","Containment Bay Z1T9 (Zone)"
"execrated wit","Containment Bay Z1T9 (Zone)"
"execrator","Heathcliff"
"expansive one","Ostrakon Tria"
"expecting damselfly","Four Arms"
"extension","The Chrysalis (Zone)"
"eyeclops","Archeo Alexandria"
"fabricated singha","East Flamerock"
"face of the hero","The Vault"
"fachan","South Shroud;Silent Arbor"
"facility dreadnaught","Autolift"
"fading soul","Barracks"
"faerie funguar","Nine Ivies"
"Fafnir","Uncanny Valley (Area)"
"faithless guard","The East Val River Bank"
"fallen pikeman","Sagolii Desert"
"false gigantopithecus","The Dravanian Forelands"
"Fan Ail","Ultima Thule"
"Fatebreaker","Bygone Gaol"
"father of armored dragons","Ostrakon Deka-okto"
"faultfinder","Amdapor Keep (Hard) (Zone)"
"Faust","Machinery Bay 44;The Clevering"
"Faust Z","The Cranial Plate"
"Fear Gorta","The Isles of Umbra"
"feather flea","Chocobo Forest"
"Fenrir","Snowcloak (Zone)"
"Ferae Domitae blade-wolf","Rhalgr's Reach"
"Ferae Domitae bow-wolf","Rhalgr's Reach;The Queen's Gardens"
"Ferae Domitae spear-wolf","Rhalgr's Reach;The Queen's Gardens"
"feral dodo","Quarterstone"
"feral lizard","The Northern Hills of Amber"
"feral longjaw","Shades of Grief"
"feral rail","Shadow Fault"
"fern flower","Southern Entrenchment"
"Fernehalwes","Bluefog"
"ferocious Fuath","Voeburtenburg"
"ferromantoise","The Orchard"
"fetid faerie","Bronze Lake"
"figgy pudding","Upper Paths"
"fighting vulture","Halatali (Hard) (Zone)"
"fire aether","Philomythes Notos"
"fire arcanum","The Answering Quarter"
"fire homunculus","Pools of Folly"
"fire silver coblyn","Nanawa Mines"
"fire sprite","The Bramble Patch;Central Thanalan;Hall of the Bestiarii;The Red Labyrinth;Sagolii Desert;Zanr'ak;Broken Water;Bluefog;The Dravanian Forelands;Chocobo Forest;Azys Lla;The Dusk Throne;Solace;Asyle Volcane"
"firedrake","Drybone;Broken Water"
"firedrone scout","The Smoldering Wastes"
"firedrone sniper","Avalonia Fallen"
"Firemane","Hall of the Cesti"
"firesand keg","Blue Sky"
"firesphere","Porta Decumana"
"firestone golem","The Garden of Despite"
"first daughter","Peat Bogs"
"first-generation monoceros","Philomythes Notos"
"flambeau","Copperbell Mines (Hard) (Zone)"
"Flame Sergeant Dalvag","Northern Thanalan"
"flame shiver","Sagolii Desert"
"flame voidragon","East Flamerock;West Flamerock"
"flame zonure","The Pristine Palace of Amh Malik"
"Flamecrest Afajj Koh","Zahar'ak"
"Flamefang commander","Zahar'ak"
"Flamefang elite","Zahar'ak"
"Flamefang lancer","Zahar'ak"
"flat-footed opken","Quickspill Delta"
"Flauros","Northeastern Ice Needles"
"flawed naga","High-level Incubation Bay"
"flawed shabti","High-level Incubation Bay"
"flawless bubble","The West Val River Bank"
"flawless chimera","Soldiery Gallery"
"flawless empuse","Soldiery Gallery"
"flawless naga","Soldiery Gallery"
"fledgling of Ligaka","Miyakabek'zoma"
"fleshfly swarm","The Tam-Tara Deepcroft"
"fleshless captive","The Isle of the Dead"
"fleshy member","The Dungeons"
"fleshy pod","The Thousand Maws of Toto-Rak"
"flint","Sorrow"
"flintshell","Everschade"
"floating turret","The Cage"
"floor mandrill","The Ox'Dalan Gap"
"floorclaw Sahagin","South Tidegate"
"floorscale Sahagin","South Tidegate"
"floorspine Sahagin","South Tidegate"
"floortooth Sahagin","South Tidegate"
"flower basket","Timh Gyeus"
"flowering gigantender","The Fields of Amber"
"flowering sabotender","Broken Water;Heartbreak Holt"
"flowering witchweed","Good Jenanna's Grace"
"fluid soul","Canal Town"
"fluturini","The Last Forest"
"flux Ea","Ostrakon Tria"
"fly agaric","The Cerulean Cexudross"
"flyblown failure","The Tam-Tara Deepcroft (Hard) (Zone);Wormwood Altar (Hard)"
"flying popoto","Yawtanane Grasslands"
"flying shark","Rasen Kaikyo"
"foaming croc","Dragonhead"
"foaming goobbue","Dragonhead"
"foaming wolf","Dragonhead"
"fog basilisk","Bluefog"
"font","Reisen Temple Road"
"foobar","Conversion Chamber"
"foper","The Striped Hills"
"foraging doe","The Ox'Dalan Gap;Upper Paths;Silent Arbor"
"foraging stag","Upper Paths;Silent Arbor"
"Fordola rem Lupis","Rhalgr's Reach;The Resonatorium"
"foreboding aura","Ala Gannha"
"foreboding statue","Amdapor Keep (Hard) (Zone)"
"forest echo","The Blind Forest of Yx'Maja"
"forest funguar","Jadeite Thick"
"forest woolback","Dryland Shroud"
"forest yarzon","Oakwood"
"Forgall","The Shrine of the Goetic"
"forgiven bribery","The Turquoise Currents"
"forgiven clamor","The Bruise;The Blackened Meadow;The Fiery Crossroad;The Bright Cliff"
"forgiven conceit","Voeburtenburg;The Bruise"
"forgiven cowardice","The Bright Cliff;The Fields of Amber;Qasr Sharl;Voeburtenburg;Kholusia;The Fiery Crossroad"
"forgiven deceit","Voeburtenburg;Kholusia;The Blackened Meadow"
"forgiven disobedience","The Blackened Meadow"
"forgiven dissonance","The Wound (Holminster Switch);The Trip"
"forgiven enmity","Kholusia;The Fiery Crossroad"
"forgiven flattery","Kholusia"
"forgiven folly","The Fields of Amber;The Bruise;Weathering;Bowrest"
"forgiven gossip","Lakeland;Kholusia;Amh Araeng;Il Mheg;The Rak'tika Greatwood;The Tempest"
"forgiven grudge","The Turquoise Currents"
"forgiven hypocrisy","Kholusia"
"forgiven ignorance","The Bruise;The Forest of the Lost Shepherd"
"forgiven jealousy","Scree"
"forgiven pedantry","Kholusia"
"forgiven prejudice","Kholusia"
"forgiven rebellion","Lakeland;Kholusia;Amh Araeng;Il Mheg;The Rak'tika Greatwood;The Tempest"
"forgiven shame","Scree;The Bright Cliff;the Blind Forest of Yx'Maja;The Blind Forest of Yx'Maja"
"forgiven thievery","Scree"
"forgiven vainglory","The Turquoise Currents"
"forgiven venery","Scree"
"Forlorn maiden","The Fringes;The Peaks;The Lochs;The Ruby Sea;The Azim Steppe;Yanxia;Lakeland;Amh Araeng;Kholusia;Il Mheg;The Rak'tika Greatwood;The Tempest;Labyrinthos;Thavnair;Garlemald;Mare Lamentorum;Elpis;Ultima Thule"
"Formidable","The Duergar Mountains"
"formidable foper","The Pall of Clarity"
"Forneus","Central Shroud"
"forsaken soul","Dragonbreath Falls"
"fossil dragon","Uncanny Valley (Area)"
"fossilshell","Sastasha"
"Foul River hapalit","North Silvertear"
"foul-tempered chicken","Bentbranch"
"four-eyes","Newvoid"
"fox fire","Proud Creek"
"fractured mana idol","Lower Paths"
"frenzied goobbue","Seasong Grotto"
"frenzied mossback","Seasong Grotto"
"fresh whelk ballista","Sapsa Spawning Grounds"
"frost aevis","Whitebrim"
"frost bomb","Snowcloak (Zone)"
"frost grenade","Coerthas Western Highlands;Gorgagne Holding"
"frostbitten conscript","Barracks"
"frostbitten goobbue","Dragonhead;Whitebrim"
"frostbitten officer","Barracks"
"frostbitten sentry","Barracks"
"frostbitten war hound","Barracks"
"frostbound","Snowcloak (Zone)"
"Frostmane","The West Val River Bank"
"frozen bavarois","Dragonhead"
"frozen chirurgeon","Lord Commander's Seat"
"frozen knight","Lord Commander's Seat"
"frozen mirror","Great Glacier"
"frozen star","Neurolink Nacelle"
"fruitful nopalitender","Yawtanane Grasslands"
"fruiting fungus","Nine Ivies"
"fruiting gigantender","The Fields of Amber"
"Frumious Koheel Ja","The Wanderer's Palace (Hard)"
"Fuath prankster","Timh Gyeus"
"Fuchikari","The Glittering Basin"
"full-grown loaghtan","The Smoldering Wastes"
"full-grown manjusaka","The Perfumed Rise"
"full-metal faust","Life Support"
"fulminator","Copperbell Mines (Hard) (Zone)"
"Funa Yurei","The Ruby Sea"
"Furcas","The Eblan Rime"
"furious pisaca","The Perfumed Rise"
"furious sigh","Sylphlands"
"furious snarl","Sylphlands"
"furious wivre","The Ja Tiika Heartland"
"Furryfoot Kupli Kipp","Thornmarch"
"gadfly","The Lost City of Amdapor (Zone)"
"gaelicat","Cloudtop"
"gagana","Virdjala"
"Gaius van Baelsar","Magitek Lift"
"gaja","Saltwind's Welcome"
"galago","Cedarwood"
"Galatea Magna","Forum Messorum"
"Galatea Parva","Lar"
"gallivanting gazelle","Virdjala"
"Gallowsbeak","Heritage Found"
"game fowl","The Flock"
"Gamma","Yanxia"
"Gancanagh","Eureka Orthos"
"Gandarewa","The Churning Mists"
"garden bee cloud","Saint Mocianne's Arboretum"
"garden cloudtrap","Sudden Torment"
"garden crocota","Voeburtenburg"
"garden melia","Sudden Torment"
"garden porxie","Father Collard's Chambers"
"garden sankchinni","Sudden Torment"
"gardenkeeper","Klauser's Peace"
"Gargamelle","The Ogre's Belly"
"gargant","Heritage Found"
"gargantua","Leynode Pyro"
"gargoyle usher","Hardwood Altar (Hard)"
"Garlic Jester","The Isles of Umbra"
"Garula","Bardam's Hunt"
"gas bomb","Halatali"
"gasame","Hells' Lid (Landmark)"
"gastornis","Cloudtop"
"gastornis nest","Cloudtop"
"gastornis tercel","Wisent Herd"
"Gatling","Eastern Thanalan"
"Gauki Strongblade","The Ruby Sea"
"gaunt beak","Drybone"
"gaunt coyote","Kelk"
"gaunt gedan","Chakha Zoh"
"gaunt slaveling","Abandoned Amajina Mythril Mine"
"Gavial","Dragonhead"
"gazelle hawk","East End"
"gear grease","The Wanderer's Palace"
"gear lubricant","Condensate Demineralizer 9"
"gelid bhoot","Gyr Kehim"
"gelid eye","Bentbranch;Drybone"
"gelid gaol","Machinery Bay 70"
"gemkeeper","Yesterland"
"genesis rock","Mare Lamentorum"
"genomos","The Medial Circuit (Area)"
"Gensui dhara","Unseen Spirits Laughing"
"geomantic anila","The Heart of Wind"
"geomantic apa","The Heart of Water"
"geomantic dhara","The Heart of Earth"
"geomantic kiyofusa","The Swallow's Compass (Area)"
"germinant","The Bright Cliff"
"Ghede Ti Malice","South Shroud"
"ghilman","The Fields of Amber"
"ghostwolf","Riversmeet"
"ghrah luminary","Fuel Chamber"
"giant bavarois","The Final Ease"
"giant bomb","Brayflox's Longstop (Hard)"
"giant captive","The Ogre's Belly"
"giant clam","Sastasha"
"giant codcarrier","Daniffen Pass"
"giant coralshell","Rasen Kaikyo"
"giant drubber","Whitebrim"
"giant grizzly","The Last Forest"
"giant iguana","The Forest of the Lost Shepherd"
"giant loaghtan","Chocobo Forest"
"giant lugger","Boulder Downs"
"giant oxpecker","Cedarwood"
"giant reader","Boulder Downs"
"giant ripper","Whitebrim"
"giant rockslave","Daniffen Pass"
"giant sandworm","Sagolii Desert"
"giant tortoise","Spineless Basin;Black Brush;Hammerlea"
"giant tunnel worm","Sunken Antechamber"
"gibbering coyote","The Northern Hills of Amber"
"gigantender","Qasr Sharl"
"gigas bonze","Crystal Tower (Landmark);North Silvertear"
"gigas captive","The Ogre's Belly"
"gigas shramana","North Silvertear"
"gigas sozu","North Silvertear"
"gigaworm","The Blacklands"
"gigaworm stalker","The Blacklands"
"giggling gigantoad","Parata's Peace"
"gil turtle","Central Thanalan"
"gilded headstone","Shadowed City"
"Gilpincher Zuzuroon","Wellwick Wood"
"Gilshs Aath Swiftclaw","The Tempest"
"Girimekhala","The Azim Steppe"
"Girtab","North Shroud"
"giruveganaus","The Stone Vigil (Hard) (Zone)"
"gizamaluk","The Blind Forest of Yx'Maja"
"glaciated yumemi","Tebqeyiq"
"glacier golem","The Val River Swale"
"glacier sprite","Snowcloak (Zone)"
"glade wivre","The Val River Swale"
"gladiatorial node","Blue Sky"
"Glassjaw Nazagg Gah","Amalj'aa Encampment"
"glassy-eyed cobra","Advanced Clevering"
"glassy-eyed minotaur","Advanced Clevering"
"glassy-eyed shabti","Advanced Clevering"
"Glasya Labolas","Syrcus Tower"
"Glaukopis","East Flamerock"
"Glawackus","Chocobo Forest"
"glide bomb","Horizon's Edge"
"glitched sentry S8","East Yyasulani"
"glowering glowfly","Bentbranch"
"glowfly","The Bramble Patch;Cave Kikitola"
"glowing chimera","Recombination Labs"
"glowing cresset","Circle of the Tempered"
"glowing empuse","Recombination Labs"
"Gluttonous Gertrude","The Flock"
"Glycon","Landlord Colony"
"glyptodon","The Northern Plateau"
"gnarled gargoyle","The Footfalls"
"gnarled treant","Nine Ivies"
"Gnath cometdrone","The Dravanian Forelands"
"Gnath cultivator","The Smoldering Wastes"
"Gnath firedrone","The Smoldering Wastes;Loth ast Gnath"
"Gnath low patron","Loth ast Gnath"
"gneissic gargoyle","Amdapor Keep (Hard) (Zone)"
"gnole","Wolves of Shadow"
"gnome","Nuvy's Leavings;Mount Biran Mines"
"gobbie beak","Brayflox's Longstop (Hard) (Zone)"
"gobbledygawker","Advanced Clevering"
"gobbledygroper","Advanced Clevering"
"goblin ambusher","Silent Arbor"
"goblin fisher","Summerford"
"goblin glider","The Makers' Quarter"
"goblin hunter","The Honey Yard;Skull Valley"
"goblin mugger","Summerford;Hammerlea"
"goblin of fortune","The Excruciationator"
"goblin outlaw","Raincatcher Gully;Central Shroud"
"goblin picaroon","Summerford"
"goblin roper","Rootslake"
"goblin sharpshooter","The Arkhitekton"
"goblin thug","Silent Arbor;Goblins' Meet"
"goblin tinkerer","The Arkhitekton"
"goblin treasure hunter","The Aquapolis (Zone)"
"gobtank scrap","Life Support"
"gobwidow scrap","Life Support"
"Goddess Chadarnook","Mansion Cellar"
"goen anala","Hells' Lid (Landmark)"
"Gogmagolem","The Crying Dark (Hard)"
"gold back","The Clutch;Raincatcher Gully"
"gold bear","Halatali (Hard) (Zone)"
"gold whisker","The Shifting Altars of Uznair (Zone)"
"golden axe beak","The Burning Wall"
"golden brickman","Bronze Lake;Finder's Bluff"
"golden coeurl","Raincatcher Gully"
"golden fleece","The Burning Wall"
"goldvine","The Aurum Vale"
"golem soulstone","The Adytum of Lalafuto IV"
"Gomory","Syrcus Tower"
"gomphotherium","Everkeep Ward"
"goobbue","Raincatcher Gully"
"goobbue farmer","Cedarwood"
"go'ozoabek'be","Kozama'uka"
"Gordian footman","Serviceway 542;Serviceway 541;Serviceway 539"
"Gordian hardhelm","Hangar 12"
"Gordian hardmind","Hangar 12"
"Gordian sniper","Serviceway 541;Hangar 12"
"Gordian soldier","Hangar 12"
"gore demon","Haukke Manor (Landmark)"
"Gore Horde battle drake","Amalj'aa Encampment"
"Gore Horde lancer","Amalj'aa Encampment;Zanr'ak"
"Gore Horde thaumaturge","Amalj'aa Encampment"
"gorged spinner","Pike Falls"
"gorgimera","Northern Thanalan"
"Gorn the Garrgh","North Silvertear"
"gorpokkur","The Val River Source"
"Gorynich","The Stone Vigil (Hard) (Zone)"
"Goryshche","Delta Quadrant"
"Gossamer","Wellwick Wood"
"Gowrow","The Stone Vigil (Hard) (Zone)"
"Gozol Itzcan the Hatchet","Natalan"
"Gozu","Floor 50 (Heaven-on-High)"
"Graffi","Southwestern Ice Needles"
"Graffiacane","Southwestern Ice Needles"
"Graffias","The Thousand Maws of Toto-Rak (Zone)"
"Graffias's tail","The Thousand Maws of Toto-Rak"
"grain weevil","Hammerlea"
"grand aevis","Providence Point"
"grand archaeornis","Hemlock"
"grand bijou","Tomb of the Nullstone"
"Grand Duke Batym","West Flamerock"
"granite gaol","The Navel (Zone);East Flamerock"
"granite gaoler","The Navel (Zone)"
"Graoully","Twinpools"
"grasslands worm","Eshceyaani Wilds"
"Grassman","The Rak'tika Greatwood"
"gravedigger","The Tam-Tara Deepcroft"
"graven image","Upper Tower of Ruin"
"gravity node","Core Override"
"gravity orb","The Lost City of Amdapor (Zone)"
"great dragon","The Audience Chamber"
"great morbol","The Answering Quarter"
"Great Oak","Alder Springs"
"great putrid morbol","The Answering Quarter"
"great white torama","Whitebrim Front"
"great yellow pelican","Runstop Frontblock"
"Greataxe Beak","Hammerlea"
"greater amphisbaena","The Norvrandt Slope"
"greater armadillo","Terminus"
"greater asvattha","The Shroud of the Samgha"
"greater demon","Pools of Folly;Walk of Lament"
"greater doblyn","U'Ghamaro Mines"
"greater gulo gulo","The Rise of Bardam the Brash"
"greater morbol","The Makers' Quarter"
"greatest morbol","The Striped Hills"
"greatwing ked","Rootslake"
"Greatwood rail","The Great Pyramid of Ux'ner"
"greedy Fuath","Timh Gyeus"
"greedy hog","Silent Arbor"
"greedy hoglet","Silent Arbor"
"green Archon","Labyrinthos"
"green bavarois","The Final Ease"
"green dragon","Syrcus Tower"
"green glider","The Silent Cliffs"
"green laver","Bronze Lake"
"gremlin","The Lost City of Amdapor (Zone)"
"gremlin graverobber","The Exarch Gate"
"grenade","The Long Climb;Bluefog;Iron Lake"
"grey arbiter","The Striking Tree"
"grey bomb","Incubator 66"
"grey draco","Weathering"
"grey wolf","Amdapor Keep (Hard)"
"Greywine","Providence Point"
"griffin","The Sea of Clouds"
"gripper","Bloodshore"
"gritclaw","Pyariyoanaan Plain"
"grizzled lancer","Wailing Barracks"
"grizzly host","Saint Mocianne's Arboretum"
"groom-to-be","The Tam-Tara Deepcroft (Hard) (Zone)"
"grotto piranu","Sastasha (Hard)"
"grotty imp","Silent Arbor"
"ground squirrel","Treespeak;Jadeite Thick"
"groundseater","The Blue Window"
"groundsreaper","The Blue Window"
"growling gyuki","Rasen Kaikyo"
"gruesome gargoyle","The Footfalls"
"grumbling hippocerf","Avalonia Fallen"
"gruntamulous dindergrabble","Chocobo Forest"
"gryps","Philomythes Notos"
"guardian beast","Wightrock"
"guardian of Nym","The Long Climb;Outer La Noscea"
"Gubal falcon","School of Phantasmagoria"
"Gudanna","Floor 80 (Palace of the Dead)"
"Guguroon Wetnose","The Coffer & Coffin"
"guhasaya","The Shroud of the Samgha"
"guhasaya ambusher","The Shroud of the Samgha"
"Guhuo Niao","The Ruby Sea"
"guillotine beak","The Footfalls"
"Guimauve","Blue Sky"
"Gulg knocker","Dwarven Hollows"
"gulgnu","Scree"
"gully galago","Brayflox's Longstop (Zone);Brayflox's Longstop (Hard) (Zone)"
"Gungnir","South Shroud"
"Gunitt","The Tempest"
"Gurangatch","Elpis"
"Guttrix Sliverpicks","The Gods' Grip;Rootslake;Drybone"
"guud suud","Newvoid"
"Gwas-y-neidr","The Peaks"
"Gwyddrud","Recreation Zone"
"Gwyllgi","North Silvertear"
"Gyascutus","Ten Oohr"
"Gyorai Quickstrike","Yanxia"
"Gyr Abanian hornbill","Emprise"
"Gyr Abanian vulture","The Temple of the Fist (Zone)"
"Gyr Abanian zu","The Temple of the Fist (Zone)"
"gyre spume","The Whorleater"
"gyrtower","Conversion Chamber"
"gyuki","Rasen Kaikyo"
"Haam auk","Isle of Haam (Area)"
"Haam caribou","Isle of Haam (Area)"
"Haam crystal","Isle of Haam (Area)"
"Haam dhruva","The Aetherfont (Area)"
"Haam Forlorn","The Aetherfont (Area)"
"Haam golem","Isle of Haam (Area)"
"Haam hornbill","Isle of Haam (Area)"
"Haam merino","Isle of Haam (Area)"
"Haam myrrlith","The Aetherfont (Area)"
"Haam polycrystal","The Aetherfont (Area)"
"Haam troll","Isle of Haam (Area)"
"Haam yakow","Isle of Haam (Area)"
"hailstorm sprite","Inner Keep;Outer Walls"
"Halatali bat","Halatali (Hard) (Zone)"
"halgai","Onsal Hakair"
"halgai shoot","The Rise of Bardam the Brash"
"Halicarnassus","Haukke Manor (Hard)"
"halitostroper","Sorrel Haven"
"hanuman langur","The Shroud of the Samgha"
"Haokah","Syrcus Tower"
"Haokah followed","The Val River Source"
"Haokah unbound","Northeastern Ice Needles"
"Haokah unburdened","The Val River Source"
"harakiri hanya","Hon-maru Tenshu"
"harakiri kosho","Keisen Garden"
"hardskin amphisbaena","The Norvrandt Slope"
"hardskin stingray","The Norvrandt Slope"
"Harmachis","Evaluation and Authentication"
"harness snipper","The Keeper of the Lake (Zone)"
"harpeia","Hullbreaker Isle"
"harpuia","Ethoseletikos Boreas"
"harvester","The Central Hills of Amber"
"harvestman","Onsal Hakair"
"Hati","The Shifting Altars of Uznair (Zone)"
"hatsugyo","Sogyoku Piscary"
"haunt","Mansion Cellar"
"hawker","Timh Gyeus"
"hazmat","Uncanny Valley (Area)"
"head of the adjudicator","The Sunken Temple of Qarn (Hard) (Zone)"
"Headrip ogre","Broken Water"
"headstone","Control Gates"
"healthy tsanahale","Provenance"
"heartbroken ochu","Heartbreak Holt"
"heavenly aka-ishi","Floor 46 (Heaven-on-High)"
"heavenly amagoi","Floor 17 (Heaven-on-High)"
"heavenly Amikiri","Floor 4 (Heaven-on-High)"
"heavenly ango","Floor 8 (Heaven-on-High)"
"heavenly aomino","Floor 17 (Heaven-on-High)"
"heavenly apa","Floor 15 (Heaven-on-High)"
"heavenly ashigaru","Floor 37 (Heaven-on-High)"
"heavenly bombfish","Floor 2 (Heaven-on-High)"
"heavenly chizakura","Floor 66 (Heaven-on-High)"
"heavenly coralshell","Floor 4 (Heaven-on-High)"
"heavenly dhara","Floor 42 (Heaven-on-High)"
"heavenly dhruva","Floor 21 (Heaven-on-High)"
"heavenly dogu","Floor 37 (Heaven-on-High)"
"heavenly doguzeri","Floor 64 (Heaven-on-High);Floor 65 (Heaven-on-High)"
"heavenly dokyu","Floor 56 (Heaven-on-High)"
"heavenly ganseki","Floor 41 (Heaven-on-High)"
"heavenly Garula","Floor 81 (Heaven-on-High)"
"heavenly gedan","Floor 31 (Heaven-on-High)"
"heavenly gowan","Floor 58 (Heaven-on-High)"
"heavenly gyuki","Floor 5 (Heaven-on-High)"
"heavenly hakagiri","Floor 13 (Heaven-on-High)"
"heavenly halgai","Floor 21 (Heaven-on-High)"
"heavenly hand","Floor 14 (Heaven-on-High)"
"heavenly hanya","Floor 31 (Heaven-on-High)"
"heavenly harakiri","Floor 32 (Heaven-on-High)"
"heavenly hashiri-dokoro","Floor 67 (Heaven-on-High)"
"heavenly hatamoto","Floor 24 (Heaven-on-High)"
"heavenly hornbill","Floor 31 (Heaven-on-High)"
"heavenly hyoga","Floor 71 (Heaven-on-High)"
"heavenly hyozan","Floor 74 (Heaven-on-High)"
"heavenly ichijama","Floor 71 (Heaven-on-High)"
"heavenly iseki","Floor 47 (Heaven-on-High)"
"heavenly iwamushi","Floor 62 (Heaven-on-High)"
"heavenly jellyfish","Floor 63 (Heaven-on-High)"
"heavenly jubokko","Floor 61 (Heaven-on-High)"
"heavenly jujishi","Floor 76 (Heaven-on-High)"
"heavenly kamakiri","Floor 51 (Heaven-on-High)"
"heavenly kamanari","Floor 51 (Heaven-on-High)"
"heavenly karakuri","Floor 56 (Heaven-on-High)"
"heavenly katasharin","Floor 22 (Heaven-on-High)"
"heavenly keukegen","Floor 26 (Heaven-on-High)"
"heavenly kiyofusa","Floor 36 (Heaven-on-High)"
"heavenly koja","Floor 27 (Heaven-on-High)"
"heavenly kongorei","Floor 53 (Heaven-on-High)"
"heavenly korpokkur","Floor 11 (Heaven-on-High)"
"heavenly kosodegai","Floor 66 (Heaven-on-High)"
"heavenly kraken","Floor 6 (Heaven-on-High)"
"heavenly kuro-usagi","Floor 41 (Heaven-on-High)"
"heavenly mammoth","Floor 74 (Heaven-on-High)"
"heavenly mannenso","Floor 61 (Heaven-on-High)"
"heavenly maruishi","Floor 55 (Heaven-on-High)"
"heavenly matamata","Floor 8 (Heaven-on-High)"
"heavenly Matanga","Floor 81 (Heaven-on-High)"
"heavenly menreiki","Floor 24 (Heaven-on-High)"
"heavenly mizumimizu","Floor 46 (Heaven-on-High)"
"heavenly mokin","Floor 36 (Heaven-on-High)"
"heavenly moko","Floor 35 (Heaven-on-High)"
"heavenly monoiwa","Floor 47 (Heaven-on-High)"
"heavenly morbol","Floor 64 (Heaven-on-High)"
"heavenly mukai-inu","Floor 81 (Heaven-on-High)"
"heavenly mutsu","Floor 1 (Heaven-on-High)"
"heavenly naga","Floor 51 (Heaven-on-High)"
"heavenly naked yumemi","Floor 1 (Heaven-on-High)"
"heavenly Namazu","Floor 11 (Heaven-on-High)"
"heavenly noyagi","Floor 71 (Heaven-on-High)"
"heavenly okami","Floor 72 (Heaven-on-High)"
"heavenly onibi","Floor 21 (Heaven-on-High)"
"heavenly onmitsu","Floor 31 (Heaven-on-High)"
"heavenly onryo","Floor 3 (Heaven-on-High);Floor 62 (Heaven-on-High)"
"heavenly otokage","Floor 15 (Heaven-on-High)"
"heavenly penghou","Floor 67 (Heaven-on-High)"
"heavenly rachimonai","Floor 57 (Heaven-on-High)"
"heavenly rowan","Floor 81 (Heaven-on-High)"
"heavenly sai taisui","Floor 22 (Heaven-on-High)"
"heavenly saikoro","Floor 41 (Heaven-on-High)"
"heavenly sekiban","Floor 44 (Heaven-on-High)"
"heavenly sekizo","Floor 42 (Heaven-on-High);Floor 45 (Heaven-on-High)"
"heavenly shabti","Floor 56 (Heaven-on-High)"
"heavenly shark","Floor 2 (Heaven-on-High)"
"heavenly shikubi","Floor 71 (Heaven-on-High)"
"heavenly shiomushi","Floor 11 (Heaven-on-High)"
"heavenly shioname","Floor 17 (Heaven-on-High)"
"heavenly shiro-jishi","Floor 76 (Heaven-on-High)"
"heavenly shishi","Floor 37 (Heaven-on-High)"
"heavenly shitaibana","Floor 66 (Heaven-on-High)"
"heavenly shizuku","Floor 11 (Heaven-on-High)"
"heavenly tatsunoko","Floor 16 (Heaven-on-High)"
"heavenly tenaga","Floor 26 (Heaven-on-High)"
"heavenly tengu","Floor 27 (Heaven-on-High)"
"heavenly tesso","Floor 55 (Heaven-on-High)"
"heavenly tetsu-kyojin","Floor 56 (Heaven-on-High)"
"heavenly tofu","Floor 77 (Heaven-on-High);Floor 78 (Heaven-on-High)"
"heavenly tokagekiba","Floor 51 (Heaven-on-High)"
"heavenly unkiu","Floor 14 (Heaven-on-High)"
"heavenly uwabami","Floor 6 (Heaven-on-High)"
"heavenly vanara","Floor 34 (Heaven-on-High)"
"heavenly wakakusa","Floor 61 (Heaven-on-High)"
"heavenly wanyudo","Floor 26 (Heaven-on-High);Floor 27 (Heaven-on-High)"
"heavenly yak","Floor 78 (Heaven-on-High)"
"heavenly yuki","Floor 26 (Heaven-on-High)"
"heavenly yuki-otoko","Floor 78 (Heaven-on-High)"
"heavenly yuki-tokage","Floor 73 (Heaven-on-High)"
"heavenly yumemi","Floor 7 (Heaven-on-High)"
"heavy artillery unit","Passage"
"heavy banemite","Alder Springs"
"hecatoncheir mastermind","The Screaming Dark (Hard)"
"hecatoncheir quakequeller","Copperbell Mines (Hard) (Zone)"
"hecatoncheir rocksplitter","Copperbell Mines (Hard) (Zone)"
"hecatoncheir rockvaulter","Copperbell Mines (Hard) (Zone)"
"hecatoncheir skullcrusher","Copperbell Mines (Hard) (Zone)"
"hecatoncheir stonebreaker","Copperbell Mines"
"hecatoncheir stonehauler","Copperbell Mines"
"hecatoncheir stonehoarder","Copperbell Mines (Hard) (Zone)"
"hecatoncheir tremorward","Copperbell Mines (Hard) (Zone)"
"hecatoncheir wallcrasher","Copperbell Mines (Hard) (Zone)"
"heckler imp","Halatali"
"hecteyes","The Lost City of Amdapor (Zone)"
"Hedetet","The Scorpion's Den;The Southern Plateau"
"hedge gobknight","The Excruciationator"
"hedgerow ochu","Amdapor Keep (Hard) (Zone)"
"Heidrun","Riversmeet"
"Heket","Parata's Peace"
"Heliogabalus","The Eblan Rime"
"hellbender","Brayflox's Longstop"
"hellhound","Central Conveyance Unit"
"hellish gasame","Lid Crater"
"hellsbound warrior","Knights' Quarters"
"Hellsclaw","Eastern La Noscea"
"hellsfire","The Eblan Rime"
"helm beetle","The Citia Swamps"
"Herpekaris","Resource Transport Elevator (Area)"
"hexadrone bit","Ichi-no-Kuruwa"
"hidden mine","Machinery Bay 67;The Burden of the Son"
"highland condor","The Long Climb"
"highland dhara","The Striped Hills"
"highland eruca","Mount Yorn"
"highland hyssop","Scree"
"high-strung hen","The Dreamer's Run"
"hikagiri","Sogyoku Piscary"
"hippe","Lethe"
"hippogryph","North Silvertear"
"hippomartimus","Southwestern Ice Needles"
"Hiruko","Floor 30 (Heaven-on-High)"
"hoarfrosted aevis","Red Rim"
"hobgoblin","Cracked Shell Beach"
"hobgoblin marauder","Cracked Shell Beach"
"hobgoblin thief","Scree"
"holed mole","Royal Plantations"
"hollow","The Central Hills of Amber"
"hollow gargoyle","Whitebrim"
"holly blue","The Glory of Bardam the Bold"
"holy flame","The Chancel"
"holy sprite","Shattered Remembrance"
"holy wyvern","An Answer of Shame"
"hooded assaulter","Dragonhead"
"hooked bombfish","East Othard Coastline"
"hooked shiranui","East Othard Coastline"
"hooked unkiu","East Othard Coastline"
"hooked yumemi","East Othard Coastline"
"hoptrap","The Forest of the Lost Shepherd"
"Horde aevis","Steps of Faith;Riversmeet"
"Horde armored dragon","Steps of Faith"
"Horde biast","Steps of Faith"
"Horde dragon","Steps of Faith"
"Horde dragonfly","Steps of Faith"
"Horde outflyer","Whitebrim"
"Horde runner","Riversmeet"
"Horde shield dragon","Steps of Faith"
"Horde skirmisher","Riversmeet"
"Horde skirmisher captain","Riversmeet"
"Horde transcendent","Steps of Faith"
"Horde wyvern","Steps of Faith"
"horned iguana","The Night of Yx'Lokwa"
"horned lizard","Eshceyaani Wilds"
"horny toad","The Footfalls"
"hot grenade","Iron Lake"
"hot hip","Blue Sky"
"hotfooted gallimimus","Chocobo Forest"
"hound light","Amdapor Keep"
"hoverfly swarm","Lower Paths"
"hovering hawker","Timh Gyeus"
"Hraesvelgr broodling","An Answer of Shame"
"hrimthurs","Snowcloak (Zone)"
"Hrodric Poisontongue","The Golden Walls of Ruin"
"huallepen","Solace"
"hulder","Labyrinthos"
"huldu","Scree"
"hulk dweller","The North Star"
"hull nix","The Keeper of the Lake (Zone)"
"Humbaba","Goodblade"
"Hummelfaust","The Clevering"
"humming atomizer","Halatali (Hard) (Zone)"
"hungry canis lupinus","Cerulea Ingens"
"hungry caterpillar","The Gensui Chain"
"hungry dreadwolf","Bluefog"
"hungry snipper","Moonshade Isle"
"hungry sotormurg","Saltwind's Welcome"
"hungry tursus","Cerulea Ingens"
"hunter antlion","Virdjala"
"hunter of Bardam","The Rebirth of Bardam the Brave"
"hunting coyote","Mornveil Forest"
"hunting falcon","The Bannock;Silent Arbor"
"hunting troll","Mornveil Forest"
"Huracan","Kholusia"
"hybodus","Sterncastle Deck"
"hybodus pup","The Beast"
"hybrid gator","Snowcloak (Zone)"
"hybrid hog","Heartbreak Holt"
"Hydatos Delphyne","The East Val River Bank"
"Hydatos elbst","The West Val River Bank"
"Hydatos elemental","Eureka Hydatos"
"Hydatos gigantopithecus","The East Val River Bank"
"Hydatos grenade","The West Val River Bank"
"Hydatos nix","The Val River Source"
"Hydatos peiste","The East Val River Bank"
"Hydatos primelephas","The West Val River Bank"
"Hydatos pudding","The Val River Source"
"Hydatos slug","The Val River Source"
"Hydatos squib","The East Val River Bank"
"Hydatos tsanahale","The West Val River Bank"
"Hydatos vepar","The Val River Source"
"Hydatos wraith","The West Val River Bank"
"Hydatos zebu","The East Val River Bank"
"Hydatos ziz","The Val River Source"
"Hydnora","Blue Sky"
"hydra","Hall of the Bestiarii"
"hydrate core","Condensate Demineralizer 9"
"hydrosphere","The Shifting Altars of Uznair (Zone)"
"hydrosprite","The Void Ark"
"hydrozoan","The Norvrandt Slope"
"Hygieia","The Right Hand of Bahamut"
"hypertuned","Testing Compound"
"Hypertuned Grynewaht","Hall of the Scarlet Swallow"
"ianthine petalouda","First Bloom;Philomythes Notos"
"ibex","Snowcloak (Zone)"
"ibruq","Xmun Hojaw;The Ut'ohmu Horizon"
"ice arcanum","The Answering Quarter"
"ice bomb","Snowcloak (Zone)"
"ice commander","Twinpools"
"ice dragon","Red Rim"
"ice dragon in waiting","Landlord Colony"
"ice homunculus","Pools of Folly"
"ice pillar","Floor 80 (Heaven-on-High)"
"ice soldier","Akh Afah Amphitheatre"
"ice sphere","Shattered Remembrance"
"ice sprite","Dragonhead;Boulder Downs;Providence Point;Whitebrim;The Stone Vigil;North Silvertear;Snowcloak (Zone);Riversmeet;Gorgagne Holding;Coerthas Western Highlands;Blue Sky"
"ice warrior","Riversmeet"
"ice zoblyn","Red Rim"
"icetrap","Riversmeet;Coerthas Western Highlands;Outer Walls"
"icewater undine","Timh Gyeus"
"ichorous drip","The Crying Dark"
"Ichorous Ire","Copperbell Mines"
"icicle","The Crystal Dragon's Bloom"
"icicle sprite","Falcon's Nest"
"Ifrit's beacon","Zahar'ak"
"Igeyorhm's shade","Neurolink Nacelle"
"ignis fatuus","Heartbreak Holt"
"iksalion","Soldiery Gallery"
"Illuminati bighand","The Makers' Quarter"
"Illuminati commander","Brayflox's Longstop (Hard) (Zone)"
"Illuminati escapee","East Flamerock"
"Illuminati footman","Brayflox's Longstop (Hard) (Zone)"
"Illuminati glider","Brayflox's Longstop (Hard) (Zone);The Makers' Quarter"
"Illuminati marksman","Brayflox's Longstop (Hard) (Zone)"
"Illuminati smallhand","The Makers' Quarter"
"Illuminati sniper","Brayflox's Longstop (Hard) (Zone)"
"Illuminati soldier","Brayflox's Longstop (Hard) (Zone)"
"Illuminati vangob","The Makers' Quarter"
"Ilsabardian tursus","Cerulea Ingens"
"Imdugud","Alpha Concourse"
"Imitation Gogo","Blue Sky"
"immaculate apa","Telmatology (Hard);The Study (Hard);Purification Tank B"
"immaculate knight","The Citia Swamps"
"immaculate magus","The Rak'tika Greatwood"
"immaculate warrior","The Citia Swamps"
"immortalized clockwork dreadnaught","History Gallery"
"immortalized clockwork knight","History Gallery"
"immortalized clockwork soldier","History Gallery"
"immortalized colossus","Emerald Ward"
"immortalized death claw","Crimson Ward"
"immortalized interceptor drone","Crimson Ward;Emerald Ward"
"impenetrable veil","The Last Forest"
"imperial frumentarius","Drybone"
"imperial predator","The Striped Hills"
"imperial rearguard","Castrum Abania (Landmark)"
"imperial sky armor","Specula Imperatoris"
"imperial war hound","Via Praetoria (Castrum Meridianum);Central Crossing;Via Principalis"
"inconspicuous imp","The Tam-Tara Deepcroft"
"Indomitable","Kholusia"
"infernal beacon","Zanr'ak"
"infernal nail","Bowl of Embers;Carteneau Flats: Borderland Ruins"
"Infernal Shadow","The Memory of Embers"
"infernal sword","The Memory of Embers"
"inferno drake","Brayflox's Longstop"
"inflated nix","Costa del Sol"
"inflorescent sapria","East End"
"Ink Claw","Southern Entrenchment"
"inland tursus","Riversmeet"
"inner fury","Raincatcher Gully;South Tidegate"
"inner rage","Raincatcher Gully"
"inoshikacho","Noh Theater"
"interceptor drone","Carteneau Flats: Borderland Ruins"
"interceptor node","Carteneau Flats: Borderland Ruins"
"invasive anemone","Woven Oath"
"invasive banemite","Chocobo Forest"
"invasive miteling","Chocobo Forest"
"Iravati","Thavnair"
"Irminsul","Modification Cell"
"Iron Beak","The Northern Hills of Amber"
"iron cell","Halatali (Hard) (Zone)"
"iron claws","Hall of the Inexorable"
"iron giant","Walk of Lament;Hall of the Savage;Hall of the Inexorable"
"iron sphere","The Glory of Bardam the Bold"
"iron tortoise","Zanr'ak"
"ironbeard","The Duergar Mountains"
"ironbeard killer","The Duergar Mountains"
"ironbeard prototype","Scree"
"ironquill tuco-tuco","Drybone"
"irregular plasmoid","The Val River Swale"
"irritated stinkshell","Uyuypoga"
"irrlicht","Laxan Loft"
"Iseultalon","East Shroud"
"Isgebind","The Strongroom"
"island megalocrab","Moraby Bay"
"island rail","Shadow Fault"
"island wolf","The Bright Cliff"
"Islandhander","West Flamerock"
"isonade","East Othard Coastline"
"Itzpapalotl","Lakeland"
"Ivon Coeurlfist","The Temple of the Fist (Zone)"
"iwa-no-shiki","The Wreath of Snakes (Zone)"
"Ixali boldwing","Treespeak;Alder Springs;Dragonhead;Ixali Logging Grounds"
"Ixali bolecleaver","Ixali Logging Grounds"
"Ixali boundwing","Dragonhead;Proud Creek;Natalan"
"Ixali dulltalon","Treespeak;Peacegarden"
"Ixali fencer","Dragonhead"
"Ixali fogcaller","Gelmorra Ruins;Proud Creek"
"Ixali frostbeak","Dragonhead"
"Ixali frostcaller","Dragonhead"
"Ixali limbcutter","Ixali Logging Grounds"
"Ixali lostwing","Treespeak;Peacegarden"
"Ixali sabreur","Gelmorra Ruins"
"Ixali scout","Hedgetree (North Shroud)"
"Ixali skycaller","Natalan"
"Ixali slowbeak","Treespeak;Peacegarden"
"Ixali soilseer","Ixali Logging Grounds"
"Ixali stillbeak","The Ogre's Belly"
"Ixali stitcher","The Cage"
"Ixali straightbeak","Alder Springs"
"Ixali strongbeak","Treespeak;Proud Creek"
"Ixali strongwing","Treespeak"
"Ixali swiftbeak","Treespeak;Alder Springs;Gelmorra Ruins;Dragonhead;Proud Creek"
"Ixali windtalon","Proud Creek;Dragonhead"
"Ixion","The Lochs"
"Ixtab","The Rak'tika Greatwood"
"Izanami","The Swallow's Compass (Zone)"
"J Storm","The Burden of the Son"
"Ja Tiika moth","The Ja Tiika Heartland"
"jackal pup","Quarterstone"
"Jackanapes","Nine Ivies"
"Jackanapes's bean-bearer","Nine Ivies"
"Jaculus","The Bright Cliff"
"Jaded Jody","Hopeseed Pond"
"jagd doll","Hangar 12;The Burden of the Father"
"Jahannam","The Orchard"
"jhammel","Mount Yorn"
"jinmenju","The Timid Current"
"Joi kiyofusa","Ni-no-Maru Manor Gardens;Hon-maru Tenshu"
"Joi koja","Hon-maru Manor"
"Jolly Green","Raincatcher Gully"
"jotunn","The Eblan Rime"
"judgment crystal","Soul of the Creator"
"judgmental floret","The Val River Swale"
"judgmental hip","The Val River Swale"
"Judgmental Julika","The Val River Swale"
"Juggler Hecatomb","Amh Araeng"
"Julia quo Soranus","Provisional Imperial Landing"
"jungle coeurl","Raincatcher Gully"
"jungle goobbue","Raincatcher Gully"
"jungle iguana","The Glostfired Bank"
"jungle midge cloud","Raincatcher Gully"
"jungle orobon","Bopo'uihih"
"jura aevis","The Stone Vigil (Hard) (Zone)"
"kacchapa","Saltwind's Welcome"
"kaen anala","Hells' Lid (Landmark)"
"Kafre","Sylphlands"
"kaiser behemoth","Coerthas Western Highlands"
"Kajigakaka","Floor 80 (Heaven-on-High)"
"Kaliya","Core Override"
"kaluk","The High Bank"
"Kamapuaa","The Bramble Patch"
"Kamikiri","Harutsuge Gate"
"Kapikulu","Weaver's Warding"
"karakuri hanya","Hon-maru Tenshu"
"karakuri onmitsu","Hon-maru Manor"
"karasu tengu","Hon-maru Tenshu"
"kargas","Ratatoskr's Peace"
"Karkinos","Memeroon's Trading Post"
"Karlabos","Sastasha (Hard)"
"Karlabos of Pyros","Northeastern Ice Needles;Bonfire"
"Karya","The High Bank"
"katobleps","East Yyasulani"
"Keeper of Halidom","Still Waters (Landmark)"
"Kefka","Upper Tower of Ruin"
"Kelaino","The K'mul Astropolis"
"Kelpie","The Green Screams"
"Kenko","Floor 70 (Heaven-on-High)"
"Ker","Labyrinthos;Thavnair;Garlemald;Mare Lamentorum;Elpis;Ultima Thule"
"Ker shroud","Labyrinthos;Thavnair;Garlemald;Mare Lamentorum;Elpis;Ultima Thule"
"keyknot","The Queen's Room"
"Khalamari","The West Val River Bank"
"Kholusian bison","Shadow Fault"
"khor claw","The Val River Swale"
"khun chuluu","Ceol Aen"
"khun gurvel","The Dusk Trial"
"khun shavar","The Glory of Bardam the Bold"
"Kichiknebik","Syrcus Tower"
"killer bee","Timh Gyeus"
"killer korrigan","Last Step"
"killer kumbhira","The Shroud of the Samgha"
"killer moss fungus","Voeburtenburg"
"killer piranha","The Ut'ohmu Horizon"
"killer wespe","Three-malm Bend"
"kindling sprite","Copperbell Mines (Hard) (Zone)"
"king behemoth","Hall of the Savage"
"King Goldemar","The East Val River Bank"
"King Hazmat","Uncanny Valley (Area)"
"king's jester","The East Val River Bank"
"king's pike","The East Val River Bank"
"Kirnis","Pike Falls"
"Kirtimukha","Floor 120 (Palace of the Dead)"
"kiss of fire","The Morning Stars"
"kiss of ice","The Morning Stars"
"kiss of thunder","The Morning Stars"
"Kiwa","The Lochs"
"Klythios","Boulder Downs"
"knight hawk","Saint Mocianne's Arboretum"
"knocked-about knocker","Scree"
"knotty treant","Amdapor Keep (Hard) (Zone)"
"kobold bedesman","Iron Lake"
"kobold deacon","Kobold Dig"
"kobold dustman","Blind Iron Mines;Cedarwood;House of Sticks"
"kobold missionary","Bloodshore"
"kobold outlaw","Kobold Dig"
"kobold overseer","Kobold Dig"
"kobold potman","Cedarwood;House of Sticks"
"kobold rocksplitter","U'Ghamaro Mines"
"kobold roundsman","Iron Lake"
"kobold supplicant","Blind Iron Mines;House of Sticks;Zelma's Run"
"kobold toolbox","Kobold Dig"
"kokkine petalouda","First Bloom;Philomythes Notos"
"Kokoroon Quickfingers","Bloodshore"
"kongamato","Wightrock"
"korpokkur","Saint Mocianne's Arboretum"
"korrigan","Last Step;Heaven-on-High (Zone)"
"Koshchei","The Right Brattice"
"Kottos","Copperbell Mines"
"Kozol Nomotl the Turbulent","Natalan"
"kraken","Hullbreaker Isle;Sastasha (Hard)"
"kraken's arm","Hullbreaker Isle;Sastasha (Hard)"
"Kreios","Blue Sky"
"Kreutzet","Coerthas Western Highlands"
"kronprinz behemoth","Blue Sky"
"kshatriya ambusher","East End"
"ktiseos aello","Cosmopsis"
"ktiseos alkyone","Ouranopsis"
"ktiseos chione","Terrestrial Artifice"
"ktiseos erinys","Cosmopsis"
"ktiseos ktenos","Terrestrial Artifice"
"ktiseos lailaps","Experimental Artifice"
"ktiseos leon","Terrestrial Artifice"
"ktiseos lykos","Terrestrial Artifice"
"ktiseos ophion","Terrestrial Artifice;Experimental Artifice"
"ktiseos ophiotauros","Experimental Artifice"
"ktiseos panther","Terrestrial Artifice"
"Kucedre","The Rookery"
"Kujata","Cedarwood"
"kukulkan","The Bleached Shelf;The Blacklands"
"Kum Kum","Syrcus Tower"
"kumbhira","The Shroud of the Samgha"
"Kupni Kapp","Upper Paths"
"Kurma","The Azim Steppe"
"Kurrea","Mor Dhona"
"kyane petalouda","First Bloom;Philomythes Notos"
"La Velue","Lakeland"
"laboratory coeurl","The West Val River Bank"
"laboratory jackal","The East Val River Bank"
"laboratory lion","The East Val River Bank"
"laboratory rat","The West Val River Bank"
"labyrinth screamer","Mornveil Forest"
"Lacovie","Zanr'ak"
"Ladon Lord","Concept Review"
"Lady Amandine","White Hall;Haukke Manor (Hard) (Zone)"
"lady's candle","White Hall"
"lady's handmaiden","White Hall"
"Lahabrea's shade","Neurolink Nacelle"
"Laideronnette","Central Shroud"
"lake anemone","The Thirstless Shore"
"lake nanka","The Keeper of the Lake (Zone)"
"lake nix","North Silvertear"
"lake pugil","The Keeper of the Lake (Zone)"
"lake viper","The Thirstless Shore"
"lake yabby","The West Val River Bank"
"Lakhamu","The Soil Bed"
"Lakshmi","The First Altar of Djanan Qhat"
"Lamashtu","Newvoid"
"Lambda","Ostrakon Deka-hexi"
"Lamebrix Strikebocks","The Excruciationator;East Flamerock"
"Lameprix Strikedocks","The Excruciationator"
"lamia bellydancer","Bioweapon Sector VII"
"lamia bowyer","Incubator Transport"
"lamia cybrid","Beta Quadrant"
"lamia dancer","Incubator Transport"
"lamia deathdancer","Bioweapon Storage"
"lamia fatedealer","Bioweapon Storage"
"lamia prosector","Bioweapon Storage"
"lamia sharper","Bioweapon Sector VII"
"lamia thelytoke","Beta Quadrant"
"Lampalagua","Eastern Thanalan"
"lan'laii Gundu","The Sea of Clouds;Vundu Ok' Bendu"
"lan'loii Gundu","Cloudtop"
"lan'noii Gundu","Cloudtop"
"lan'poii sanuwa","The Gauntlet;Coldwind;The Blue Window;Ok' Vundu Vana;The Cromlech;Last Step;Cloudtop"
"lan'poii Vundu","The Gauntlet;Coldwind;The Blue Window;Ok' Vundu Vana;The Cromlech;Last Step;Cloudtop"
"lan'puii Vundu","The Blue Window"
"large bomb incubator","Incubator 66"
"large boulder","The Grey Fleet"
"large buffalo","Bloodshore"
"lava bomb","Incubator 66"
"lava drake","Inner Hold"
"lava slime","Blue Sky"
"lawless goblin glider","The Makers' Quarter"
"lawless goblin sharpshooter","The Makers' Quarter"
"Lazy Laurence","Nine Ivies"
"lead coblyn","The Footfalls"
"leaf mantis","The Ut'ohmu Horizon"
"leafbleed morbol","Rootslake"
"leafbleed ochu","Nine Ivies;Upper Paths;East Shroud"
"leafbleed roseling","Bentbranch;Upper Paths"
"leafminer","Amdapor Keep (Hard)"
"Leafscourge Hadoll Ja","Yak T'el"
"leannan sith","The Font of Quintessence"
"leaping lemur","Nine Ivies"
"leaping ringtail","The Long Climb"
"leathervine microchu","Jadeite Thick;Bentbranch;Nine Ivies"
"Leech King","Mor Dhona"
"left claw","Blue Sky"
"left foreleg","The Burden of the Father"
"left hand of the undertow","Blue Sky"
"left hindleg","The Burden of the Father"
"left wing","The Voiceless Muse"
"lemur","The Footfalls;Nine Ivies"
"lentic","Squib Sands"
"lentic mudpuppy","Fogfens"
"leopard","The Orchard"
"Lesath","West Flamerock"
"leshy","East End"
"lesser Aery dragon","Aery Apex"
"lesser apollyon","The Glostfired Bank"
"lesser gagana","The Striped Hills"
"lesser gargoyle","The Clutch;Swiftperch"
"lesser hydra","Delta Quadrant"
"lesser kalong","Snakemolt;Alder Springs;Urth's Gift;Proud Creek"
"lesser stellar dragon","Ostrakon Deka-okto"
"lesser telodragon","Paglth'an (Zone)"
"lesser wyvern","Stone Vigil"
"Leucosia","Northeastern Ice Needles"
"Leucrotta","Azys Lla"
"Leuke","The East Val River Bank"
"level cheater","Ultima Thule"
"level tricker","Ostrakon Deka-hexi"
"Leviathan","The Whorleater"
"Leviathan's tail","The Whorleater"
"leyak","Ahk Fahl Lye"
"liegedrake","Nidhogg An"
"liegetail","Nidhogg An"
"lifeless slave","The East Val River Bank"
"Ligeia","The Gauntlet"
"light artillery unit","Sunken Detritus"
"light sprite","The Lost City of Amdapor (Hard) (Zone)"
"lightless homunculus","Condemnation"
"lightning arcanum","The Answering Quarter"
"lightning globe","The Central Hills of Amber"
"lightning homunculus","Pools of Folly"
"lightning spark","Sorrel Haven"
"lightning sprite","The Gods' Grip;Quarterstone;The Long Climb;Sorrel Haven;The Standing Corses;Fogfens;North Silvertear;Copperbell Mines;Halatali;The Thousand Maws of Toto-Rak;The Churning Mists;Azys Lla;Beta Quadrant;The Gensui Chain;Old Bozja;The Alermuc Climb;Archeo Alexandria"
"Li'l Murderer","Kholusia"
"Lily of the Saint","Saint Mocianne's Arboretum"
"Lily of the Vale","The Aurum Vale"
"limascabra","Hatching Canal"
"lindwurm","Sorrel Haven;Everschade;Hopeseed Pond"
"lingering grief","Sinus Lacrimarum"
"liquid flame","The Great Gubal Library (Hard) (Zone)"
"liquid limb","Condensate Demineralizer 9"
"Livia the Undeterred","Central Observatory"
"living fossil","Copperbell Mines"
"living liquid","Condensate Demineralizer 9"
"living rock","Sapper Tunnel"
"loaghtan","The Smoldering Wastes"
"loamshell","Horizon's Edge;The Footfalls"
"loch leech","Loch Seld"
"loch nanka","Loch Seld"
"Locksmith","The Aurum Vale"
"logos","School of Fantastics"
"lone bi fang","East Othard Coastline"
"lone huallepen","Solace"
"lone yeti","The Bed of Bones"
"Longarm","Bloodshore"
"longhorn billygoat","Drybone"
"longhorn nannygoat","Drybone"
"longjaw","Shades of Grief"
"long-legged terror","Mount Biran Mines"
"longneck gagana","The Striped Hills"
"longneck phorusrhacos","The Central Hills of Amber"
"long-tailed armadillo","Ladle"
"long-winded lemur","Nine Ivies"
"looming shadow","The Rebirth of Bardam the Brave"
"loose boulder","The Bleached Shelf"
"Lord Ochu","The Western Plateau"
"Lord of the Wyverns","The Dravanian Forelands"
"lordstool","Amdapor Keep (Hard) (Zone)"
"Lorelei","Glowering Krautz"
"lost big claw","Northeastern Ice Needles"
"lost chocobo","Chocobo Forest"
"lost ewe","Dragonhead"
"lost sanuwa","Last Step"
"lost snipper","Northeastern Ice Needles"
"lothguard firedrone","Loth ast Gnath"
"lothguard steeldrone","Loth ast Gnath"
"lotis","Misopses Euros"
"Lou Carcolh","Everschade"
"loverly ladybird","Hammerlea"
"lower starkshadow skylord","Eil Tohm"
"loyal biast","The Keeper of the Lake (Zone)"
"loyal dragonfly","The Keeper of the Lake (Zone)"
"loyal wyvern","The Keeper of the Lake (Zone)"
"Lozatl","The Divine Threshold"
"lucky sphinx","The Hypermost Stage"
"ludicrously massive bear","Regio Domorum"
"Lugat","Spae Rock"
"Lumber Jack","East Flamerock"
"Luminare","The Lochs"
"luminescence","Amdapor Keep (Hard) (Zone)"
"luminion","Ostrakon Tria"
"luminous aether","Great Glacier"
"Lunar Bahamut","Paglth'an (Zone)"
"lunar fetters","Carteneau Flats: Borderland Ruins"
"lunar golem","Alder Springs;The Golem Trail"
"lunar nail","Paglth'an (Zone)"
"Lunar Odin","Carteneau Flats: Borderland Ruins"
"Lunar Ravana","Carteneau Flats: Borderland Ruins"
"lunatender","Southern Mare Lamentorum"
"lunatender queen","Mare Lamentorum"
"luncheon toad","The Medial Circuit (Area)"
"lunyucaua'pya","Yawtanane Grasslands"
"lunyuhiyshahe","Eshceyaani Wilds"
"Lupin freeblade","Doma (Area);Valley of the Fallen Rainbow"
"Lupin spearhand","The Glittering Basin"
"lured ninki nanka","Whilom River"
"lurking lock","Tomb of the Nullstone"
"lush morbol","Rootslake"
"Lutin","Whitebrim"
"Lycidas","Azys Lla"
"lykopersikon","Misopses Euros"
"Lyngbakr","Landfast Floe"
"lynx","The Val River Swale"
"Lyssa","Frozen Sphere"
"Lyuba","Coerthas Western Highlands"
"Maahes","Eastern Thanalan"
"Machairodus","Southwestern Ice Needles"
"mad karakul ram","Dragonhead"
"mad mudarch","Stonemarsh"
"madmite","The Lost City of Amdapor (Zone)"
"maelstrom","Maelstrom Command"
"magia fan","Uncanny Valley (Area)"
"magicked bones","The Tam-Tara Deepcroft (Landmark);Bentbranch;Drybone;Broken Water"
"magicked wamoura","Central Amdapor (Hard)"
"magitek bit","Sky Level;Porta Decumana;Magitek Installation"
"magitek chakram","Hall of the Scarlet Swallow"
"magitek colossus rubricatus","Armamentarium"
"magitek core","Paglth'an (Zone)"
"magitek death claw","Via Principalis;Castrum Meridianum;Phantom Train Depot;Armamentarium;Anti-aircraft Station;Main Level;Training Area;Magitek Research;Laboratorium Primum;Regio Urbanissima"
"magitek death machine","Regio Urbanissima"
"magitek explosive","Blue Sky"
"magitek field generator","Castrum Centri"
"magitek gunship","The Keeper of the Lake (Zone);Parapet"
"magitek hexadrone","Ichi-no-Kuruwa"
"magitek laserfield","Palace Shadows"
"magitek packer","North Silvertear"
"magitek pod","Testing Compound"
"magitek predator","Via Praetoria (Baelsar's Wall)"
"magitek rearguard","The Third Armory"
"magitek satellite","Regio Urbanissima"
"magitek scorpion","Rhalgr's Gate"
"magitek sky armor","Castrum Oriens (Baelsar's Wall)"
"magitek slasher","Armory (Outer Reaches);Magitek Installation;Magna Glacies;Regio Urbanissima"
"magitek turret I","Analysis and Proving;Neurolink Nacelle"
"magitek turret II","Analysis and Proving;Neurolink Nacelle"
"magitek vanguard","Daniffen Pass;Raubahn's Push;Via Principalis;Phantom Train Depot;Dreadnaught Landing (Duty);The Praetorium;Regio Urbanissima"
"magitek vanguard D-1","Armory (Outer Reaches)"
"magitek vanguard F-1","Area V"
"magitek vanguard H-1","Daniffen Pass;Fogfens;Castrum Centri;Training Area;Outer Walk;Magitek Research"
"magitek vanguard H-2","Raubahn's Push"
"magitek vanguard I prototype","East End"
"magna roader","Terrestrial Weaponry"
"Mahisha","The Lochs"
"main ceruleum tank","Azys Lla"
"maintenance module","Incubator Transport"
"Makara","South Tidegate"
"malboro terra","Saint Mocianne's Arboretum"
"malformed dragonet","Ostrakon Deka-okto"
"Maliktender","Amh Araeng"
"mammoth","Onsal Hakair"
"mammoth tentacle","The Deep Below"
"Mamool Ja bounder","Bronze Lake;The Floating City of Nym"
"Mamool Ja breeder","Bronze Lake"
"Mamool Ja executioner","Bronze Lake"
"Mamool Ja menace","Raincatcher Gully"
"Mamool Ja mercenary","Moraby Drydocks;The Gods' Grip"
"Mamool Ja mercenary head","Moraby Drydocks"
"Mamool Ja raider","The Floating City of Nym"
"Mamool Ja savant","Bronze Lake"
"Mamool Ja sophist","Bronze Lake"
"mana bomb","The Val River Swale"
"mana grenade","Squib Sands"
"mandragora prince","The Gods' Grip"
"Mandragora Queen","The Isles of Umbra"
"man-eating gasame","Hells' Lid (Landmark)"
"man-eating hornet","Spineless Basin"
"Manes","The Lochs"
"manipulated eye","Snowcloak (Landmark)"
"manipulated gaze","Twinpools;Wisent Herd"
"manipulated ogre","Snowcloak (Landmark)"
"manned death machine","Regio Domorum"
"manor acrobat","Haukke Manor (Hard) (Zone)"
"manor butler","Haukke Manor (Hard) (Zone)"
"manor claviger","Red Hall;Haukke Manor (Hard) (Zone)"
"manor footman","Haukke Manor (Hard) (Zone)"
"manor jester","Yellow Hall;Haukke Manor (Hard) (Zone)"
"manor maidservant","Ground Floor (Haukke Manor);Cellarage;Haukke Manor (Hard) (Zone)"
"manor sentry","Ground Floor (Haukke Manor);White Hall;Ground Floor (Haukke Manor Hard)"
"manor servitor","Cellarage"
"manor steward","Yellow Hall;Haukke Manor (Hard) (Zone)"
"manor warden","Haukke Manor (Hard) (Zone)"
"mantis king","The Ship Graveyard"
"mantis shrimp","The Norvrandt Slope"
"Manxome Molaa Ja Ja","The Wanderer's Palace (Hard)"
"Marberry","Upper La Noscea"
"marble guardian","Broken Water"
"marble marionette","The Gier Hall"
"marble urolith","Sleeping Stones"
"marching cultivator","The Smoldering Wastes;Avalonia Fallen;Loth ast Gnath"
"marching firedrone","Chocobo Forest;Avalonia Fallen;The Smoldering Wastes;Loth ast Gnath"
"marching mandragora","Cedarwood"
"marching steeldrone","Chocobo Forest;The Smoldering Wastes;Avalonia Fallen;Loth ast Gnath"
"marchosias","The Hall of Supplication"
"Mark II limpet bomb","U'Ghamaro Mines"
"Mark II magitek colossus","Command Chamber"
"Mark II telotek colossus","Paglth'an (Zone)"
"Mark II Zot colossus","Fervor Enhancement"
"Mark XLIII artillery cannon","Parade Ground"
"Mark XLIII field cannon","Ichi-no-Kuruwa"
"Mark XLIII mini cannon","Castrum Meridianum;Dreadnaught Landing (Duty);Terrestrial Weaponry"
"marolith","Middle Floors"
"Marraco","Coerthas Central Highlands"
"massive berkanan","The Central Circuit"
"massive marolith","The Lower Reaches"
"master coeurl","Fool Falls"
"masterful bandersnatch","Chocobo Forest"
"masterless Talos","Malikah's Well (Landmark)"
"masterless thrall","Drybone"
"Matagaigai","The Hedgetree (Central Shroud)"
"matamata","Chakha Zoh"
"Matanga castaway","East Flamerock"
"matchlock scorpion","Matchlock Menagerie"
"mating tarantula hawk","Landlord Colony"
"mature nopalitender","Eshceyaani Wilds"
"maultasche","The Bright Cliff"
"mechanoguardian","Northeastern Ice Needles"
"medusa","Misopses Euros"
"mega-gris","Northeastern Ice Needles"
"megalith marionette","The Gier Hall"
"megalobat","Nuvy's Leavings"
"megalotragus","Amdapor Keep (Hard)"
"megamaguey","Chabameki"
"meganeura","Middle Floors;School of Phantasmagoria"
"Melancholic Moira","The Answering Quarter"
"melanion","Kallimelios Zephyros"
"melia","The Smoldering Wastes"
"Melt","East Shroud"
"melting zoblyn","Riversmeet"
"meltwater goobbue","Dragonhead"
"Melusine","Bioweapon Storage"
"menacing mercenary","The Gods' Grip"
"Menuis","The Cookpot"
"Meracydian amphiptere","Delta Quadrant"
"Meracydian brobinyak","Delta Quadrant"
"Meracydian dragonet","Delta Quadrant"
"Meracydian falak","Delta Quadrant"
"Meracydian vouivre","Delta Quadrant"
"merdragon","Delta Quadrant"
"Meteor circle","Singularity Reactor"
"Metshaldjas","Raincatcher Gully"
"mettling dhara","The Fall of Bardam the Boastful"
"mettling matamata","The Glory of Bardam the Bold"
"Meww the Pusher","Halfstone"
"Mhachi bhoot","Shatotto Memorial;The Weeping City of Mhach"
"Mhachi ghost","Shatotto Memorial;The Weeping City of Mhach"
"miacid","Avalonia Fallen"
"Midan ambusher","Outer Illuminus;Illuminus (Landmark)"
"Midan brandisher","Outer Illuminus;Illuminus (Landmark)"
"Midan glider","Serviceway 763"
"Midan gunner","Machinery Bay 69"
"Midan hardhelm","Machinery Bay 69"
"Midan hardmind","Machinery Bay 69"
"Midan soldier","Serviceway 763;Machinery Bay 69"
"Midan tinkerer","Outer Illuminus;Illuminus (Landmark)"
"midge swarm","Treespeak;Peacegarden"
"Migas","Whilom River"
"mighty craklaw","Newvoid"
"Mighty Mackerel","Chocobo Forest"
"migratory chapuli","The Val River Swale"
"Milburh the Malicious","Abandoned Amajina Mythril Mine"
"mildewed goobbue","Raincatcher Gully"
"milkroot cluster","Sylphlands"
"milky eye","Whitebrim"
"Milleuda the Slitter","The Sepulchre"
"Mimas","Whitebrim"
"Minaruja","The Rookery"
"mindflayer","Central Shroud"
"mindless tenaga","The Sea of Blades"
"Mindmaker","The Rak'tika Greatwood"
"Minduruva","Ingenuity's Ingress;Wisdom's Ward"
"mine gnome","The Nabaath Mines"
"mine hound","Bluefog"
"mine worm","The Nabaath Mines"
"Minerva","Garlemald"
"Minhocao","Northern Thanalan"
"mining drone","The Gamma Segregate"
"mining dross","Copperbell Mines (Hard) (Zone)"
"minobi","The Gensui Chain"
"minotaur","High-level Incubation Bay"
"mirage dragon","The Keeper of the Lake (Zone)"
"Mirka","Coerthas Western Highlands"
"Miser's Mistress","The Miser's Take"
"mist dragon","The Aspersory"
"Mistwake petromole","Quan Caverns;Electrope Mine"
"miteling straggler","Witchdrop"
"mitetrap","The Thousand Maws of Toto-Rak"
"mixed-up soblyn","The High Bank"
"mnyiri","The Norvrandt Slope"
"Mogoosh the Misbehaving","Four Arms;Landlord Colony"
"moisture soma","The Central Circuit"
"Mojabune","Floor 10 (Heaven-on-High)"
"molamander","Nabaath Areng"
"mold colony","The Lost City of Amdapor (Zone)"
"Molech","The West Val River Bank"
"molten phoebad","Solace"
"molten scorpion","The Northern Plateau"
"molting megalocrab","Moraby Bay;Quarterstone"
"Monarch Ogrefly","South Shroud"
"monitoring drone","Autolift"
"monitoring node","Sector I"
"monoceros","Philomythes Notos"
"monocular biclops","Bloodshore"
"monoeye","The Anemos Seam"
"monstrous mole","Spineless Basin"
"moon gana","Thok ast Thok;Carteneau Flats: Borderland Ruins"
"Moondrip blastmaster","Moondrip"
"Moondrip piledriver","Moondrip"
"Moondrip stonehauler","Moondrip"
"Moonshade uragnite","Moonshade Isle"
"Moraby hedgemole","The Salt Strand"
"moraine golem","Alder Springs"
"morbol","Fogfens;Larkscall"
"morbol fruit","The Banded Lid"
"morbol marquis","The Hungering Gardens"
"morbol menace","The Flock"
"Mord cutpurse","The Fields of Amber"
"morgawr","The Norvrandt Slope"
"Mormo's missionary","The Footfalls"
"morozko","Regio Urbanissima"
"moss barrier","The Temple of the Fist (Zone)"
"moss dragon","Landlord Colony"
"moss dragon in waiting","Landlord Colony"
"moss fungus","Voeburtenburg"
"mossless goobbue","Moraby Bay;Cedarwood;Zephyr Drift;Summerford"
"mossling","East End"
"mother hornbill","The Ruby Sea"
"mottled eft","Jadeite Thick"
"mouche volante","The Gullet"
"mountain grizzly","East End"
"mountain morbol","Larh Tortoh"
"mourner","The Ja Tiika Heartland"
"mourning billy","Wellwick Wood"
"mourning nanny","Wellwick Wood"
"mousse","Northern Mare Lamentorum"
"mousse princess","Mare Lamentorum"
"mud biast","Brayflox's Longstop"
"mud pie","Upper Paths"
"mud pie princess","Upper Paths"
"mud slime","Kingsloam"
"muddy dorpokkur","Kingsloam"
"muddy mata","Purification Tank C;Purification Tank A"
"muddy zoblyn","Outer Training Grounds"
"mudman","Clayclot Cauldron"
"multifield","Main Generators"
"Mumuroon Yellowtooth","Broken Water"
"murderous asvattha","The Shroud of the Samgha"
"musky wisent","Last Step"
"Mustadio","Realm of the Machinists"
"mustard gas","Ten Oohr"
"mutsu","Sogyoku Piscary"
"myotragus nanny","Drybone;Sandgate"
"Myradrosh","Upper La Noscea"
"myrmeleon","East Yyasulani"
"myrmidon guard","Feeding Pit"
"myrmidon marshal","Feeding Pit"
"myrmidon princess","Feeding Pit"
"myrmidon sentry","The Dry Sands"
"myrmidon soldier","Feeding Pit"
"mythril golem","Proud Creek"
"mythril verge","The Cameral Chamber"
"mythrilcap","The Thirty-third Facet"
"Nahn","Western La Noscea"
"naishi-no-jo","Shisui Gokagura"
"naked shrew","Hammerlea"
"Namazu stickywhisker","The Lost Canals of Uznair (Zone)"
"nameless soul","Tomb of King Galvanth the Dominator (Hard)"
"nameless spirit","Tomb of King Galvanth the Dominator (Hard)"
"Nandi","Upper La Noscea"
"nanka","Hullbreaker Isle"
"Narantsetseg","The Sea of Blades"
"Narasimha","Halatali (Hard) (Zone)"
"narbrooi","The Makers' Quarter"
"Nariphon","Lakeland"
"Narrow-rift","Ultima Thule"
"Naryordor","Solace"
"Natalan boldwing","Natalan"
"Natalan fogcaller","Natalan"
"Natalan watchwolf","Natalan"
"Natalan windtalon","Natalan"
"nat'gaii Vundu","Vundu Ok' Bendu;Hall of the Fallen Plume"
"nat'laii Gundu","The Sea of Clouds;Vundu Ok' Bendu"
"nat'loii Gundu","Cloudtop"
"nat'noii Gundu","Cloudtop"
"nat'noii Vundu","The Blue Window"
"nat'poii Vundu","The Gauntlet;Coldwind;The Blue Window;Ok' Vundu Vana;The Cromlech;Last Step;Cloudtop"
"Naul","Coerthas Central Highlands"
"Nayokk Roh","Wellwick Wood"
"Nburu","The Tangle"
"necroserf","The Garden of Epopts"
"necrosis","The Ut'ohmu Horizon"
"nehd Sorn Gahr","Aery Interior"
"nemesis","Hall of the Deviant"
"Neo Exdeath","The Parapet"
"nest commander","Black Brush"
"nesting buzzard","Hammerlea;Cedarwood"
"nesting gastornis","Cloudtop"
"nestless cockerel","The Val River Source"
"nestless falcon","Outer Training Grounds"
"nether nix","The Aurum Vale"
"Nezul Cattlan the Violator","Peacegarden"
"ngozi","The Fields of Amber"
"Nidhogg broodling","Aery Interior"
"nightmare puppet","The Forest of the Lost Shepherd"
"nightmare worm","The Fields of Amber"
"ninki nanka","Hullbreaker Isle"
"Noble Whoresons smuggler","Abandoned Amajina Mythril Mine"
"nocturnal knight","The Vault"
"nomadic Matanga","The West Val River Bank"
"nopalitender","Yawtanane Grasslands"
"nopalitender Fabuloso","Shaaloani"
"North Shroud lemur","Nine Ivies"
"northern bateleur","Snowcloak (Zone)"
"northern griffin","Flurry"
"northern grizzly","West Flamerock"
"northern ray","West Flamerock"
"northern snapweed","The Medial Circuit (Area)"
"northern swallow","West Flamerock"
"northern tiger","The West Val River Bank"
"northern vulture","The Honey Yard"
"noxius","Hall of the Bestiarii"
"Nu Mou porxienapper","Voeburtenburg"
"Nuckelavee","Lakeland"
"Nullchu","Zymology (Hard)"
"numa-no-shiki","The Wreath of Snakes (Zone)"
"Number","The Orchard"
"Number 128","The Floating City of Nym"
"Number 132","U'Ghamaro Mines"
"Number XXIV","Castrum Abania (Zone)"
"Nunyunuwi","Southern Thanalan"
"Nure-onna","Rasen Kaikyo"
"Nussknacker","The Thirstless Shore"
"nutbreaker squirrel","Lifemend Stump"
"nutmuncher marmot","Hammerlea"
"Nuvy megalobat","Nuvy's Leavings"
"Nuvy mole","Nuvy's Leavings"
"Nuzal Hueloc","The Cage"
"Nymian petalodus","The Wanderer's Haven"
"O Poorest Pauldia","Il Mheg"
"Oannes","Bronze Lake"
"obdella","Voor Sian Siran"
"obstructive u'out","Stride of the Sun"
"occult golem","Abandoned Ascent"
"occult isleblazer","Abandoned Ascent"
"occult knight","Lost Citadel"
"Oceanus","Syrcus Tower"
"ochu","The Honey Yard;Larkscall;Sylphlands"
"Odin","Sorrel Haven;Hopeseed Pond;Gelmorra Ruins;Alder Springs;Proud Creek;Larkscall;Nine Ivies;Lower Paths;Upper Paths;Urth's Fount (Landmark);South Shroud"
"odqan","The Shroud of the Samgha"
"ogama","Raincatcher Gully"
"ogrebon","Strategeion - 3F;Strategeion - 4F"
"okeanis","The Ruling Quarter"
"Okeanos the Red","North Silvertear"
"Okina","The Ruby Sea"
"okyupete","Philomythes Notos"
"old goobbue","The Val River Swale"
"old pisaca","The Shroud of the Samgha"
"Old Six-arms","Quarterstone"
"Old World zu","The Anemos Seam"
"old-growth blue leafkin","The Cerulean Cexudross"
"old-growth treant","Larkscall"
"ominous onibi","Rasen Kaikyo"
"Omni","Azys Lla"
"Oni Yumemi","The Ruby Sea"
"onibi","Raincatcher Gully"
"Onion Prince","The Isles of Umbra"
"Onslaughter","The Burden of the Son"
"onyx claw","North Silvertear"
"Ophion","First Bloom"
"Ophioneus","Elpis"
"ophiotauros","Ethoseletikos Boreas;Ktisis Hyperboreia (Landmark)"
"Opinicus","Saint Guenriol's Chapel"
"opo-opo","Treespeak;Peacegarden"
"oppressor","Hangar 8"
"oppressor 0.5","Hangar 8"
"opulent syricta","The House of Letters"
"orb of conflagration","Jnanamandapa"
"orb of immolation","Jnanamandapa"
"Orghana","The Azim Steppe"
"Origenics eyeclops","Intake Wharf"
"Origenics katobleps","Intake Wharf"
"Origenics sentry G9","Resource Collection Facility"
"Origenics sentry S10","Soul Extraction Facility"
"Origenics sentry S9","Intake Wharf;Resource Collection Facility;Soul Extraction Facility"
"Origenics turret","Soul Extraction Facility"
"Orn kite","The Answering Quarter"
"ornery karakul","Dragonhead;Providence Point;Whitebrim"
"orobon","Spineless Basin;The Unholy Heir;The Footfalls"
"orphaned sylph","Nine Ivies"
"Ose","The Floating City of Nym"
"Oskh","Nidhogg An"
"Oskh Rhei","Ultima Thule"
"Otengu","The Heart of the Dragon"
"other one","Ostrakon Tria"
"Otis Oathbroken","Recreation Zone"
"Ouranos","The Cold Throne (Hard)"
"ouranou medusa","Lethe"
"outloth steeldrone","The Smoldering Wastes;Chocobo Forest"
"outrunner","Canal Town;Yesterland;Asyle Volcane;Windspath Gardens"
"Ouzelum","The Fringes"
"overdue tome","Southwestern Ice Needles"
"overflow Beta","Ostrakon Deka-hexi"
"overflow level checker","Ostrakon Deka-hexi"
"overflow Omicron","Ostrakon Deka-hexi"
"overgrown ivy","Nine Ivies"
"overgrown manjusaka","The Perfumed Rise"
"overgrown rose","The Eblan Rime"
"overridden bit","Regio Urbanissima"
"overridden slasher","East End"
"ovibos","The Eblan Rime"
"ovim billy","The Northern Hills of Amber"
"ovim nanny","The Northern Hills of Amber"
"Ovjang","Central Thanalan"
"Ovni","The Val River Source"
"owlbear","Alpha Quadrant"
"Ozma","The Gloriole"
"Ozmashade","Twelvefold"
"Ozmasphere","The Gloriole"
"Pachamama","The Rak'tika Greatwood"
"pack armadillo","Terminus"
"pack jackal","Three-malm Bend;Skull Valley"
"pack Lupin","Valley of the Fallen Rainbow"
"pack phorusrhacos","The Northern Hills of Amber"
"pack wolf","Lifemend Stump"
"pack ziz","South Shroud"
"Padfoot","The Gods' Grip"
"padlock","Electrocution Gallery"
"page 64","Middle Floors;Convocation House;Natural History Room;Astrology and Astromancy Camera;School of Fantastics"
"Pagos elemental","Eureka Pagos"
"painted colibri","Brayflox's Longstop (Zone);Brayflox's Longstop (Hard) (Zone)"
"paissa","Cloudtop"
"paleoaevis","The Stone Vigil (Hard) (Zone)"
"panicked phooka","Voeburtenburg"
"Pannixia of the Woven Wing","Nine Ivies"
"pantera","Wightrock"
"panzer doll","The Burden of the Father;Electrocution Gallery"
"panzer doll scrap","Life Support"
"Papa Humbaba","Blue Sky"
"paper wasp","The Dewspun Bank"
"paralarva","The West Val River Bank"
"parasitic djigga","Dragonhead"
"parthenope","Control Gates;The Weeping City of Mhach"
"patina dragon","Eil Tohm"
"Patriot","Old Bozja"
"patrol node","Meteor Fissure"
"patronguard firedrone","Loth ast Gnath"
"patronguard steeldrone","Loth ast Gnath"
"Patty","The Alermuc Climb"
"Pazuzu","Newvoid"
"peapuk","Bloodshore"
"pecking condor","Middle La Noscea"
"Peerifool","Southern Entrenchment"
"pegasos","Kallimelios Zephyros"
"penghou","The Gensui Chain"
"Penthesilea","The Ring of Fire"
"pephredo","The Medial Circuit (Area)"
"perimeter firedrone","Chocobo Forest"
"perimeter steeldrone","Avalonia Fallen"
"Peryton","The Long Climb"
"pescatarian","The Glittering Basin"
"pestilent swarm","Governor's Row"
"petalodus","Elpis"
"petrosphere","The Dungeons"
"Phaia","Urth's Gift"
"phanopsyche","Philomythes Notos"
"phantom Gaius","Magitek Lift"
"phantom Lahabrea","Porta Decumana"
"phantom phanopsyche","Philomythes Notos"
"phantom ray","Exhibit Level III"
"phantom soldier","The Tam-Tara Deepcroft (Hard) (Zone)"
"phantom tiger","Zephyr Drift"
"Phantom Train","Freight Car"
"Phecda","North Shroud"
"Philia","The Manor House Courtyard"
"Phlegethon","Hall of the Inexorable"
"phobosuchus","The Val River Swale"
"phoebad","Loch Seld"
"Phoenix","IC-06 Main Bridge"
"phooka","Old Earra Bridge"
"phorusrhacos","The Central Hills of Amber"
"Phronesis","The Central Hills of Amber"
"phuabo","The Val River Source"
"phurbleweed","Drybone"
"Piasa","The West Val River Bank"
"pineapple","Steps of the Speaker"
"Pinktoe","Hammerlea"
"pisaca","Saltwind's Welcome"
"piscodemon","Wormwood Altar (Hard)"
"piston lubricant","Condensate Demineralizer 9"
"pit basilisk","Halatali (Hard) (Zone)"
"pit coeurl","Halatali (Hard) (Zone)"
"pit coeurl pup","Halatali (Hard) (Zone)"
"pit hippocerf","Copperbell Mines"
"pit hippogryph","Copperbell Mines (Hard) (Zone)"
"pit peiste","Halatali"
"pit torama","Halatali (Hard) (Zone)"
"pit wolf","Halatali (Hard) (Zone);Hemlock"
"pitcher weed","The Xobr'it Cinderfield"
"plague purge","Camp Bronze Lake"
"plague pus","Camp Bronze Lake"
"plainstrider","Summerford;Cedarwood"
"planar fissure","Urth's Gift;Coerthas Western Highlands;Eastern Thanalan"
"planebreaker","Urth's Gift"
"plantoid","The Anemos Seam"
"plasma shield","Main Generators"
"plasmasphere","Main Generators"
"platinal","Hall of the Tainted"
"plume portentious","The West Val River Bank"
"plundered butler","Seat of the Foremost"
"plundered pawn","Seat of the Foremost"
"plundered steward","Seat of the Foremost"
"pneumaflayer","The Orchard"
"poison frog","Uyuypoga"
"poison mist","The Shrine of the Goetic"
"poison spore","The Orchard"
"poisoned peasant","The Aurum Vale"
"polar bear","Riversmeet;Twinpools"
"polis angler","2nd Chamber"
"polis ant","4th Chamber"
"polis anzu","3rd Chamber"
"polis archaeornis","6th Chamber"
"polis archaeosaur","6th Chamber"
"polis aurelia","2nd Chamber"
"polis aurochs","5th Chamber"
"polis bandersnatch","6th Chamber"
"polis banemite","4th Chamber"
"polis bear","5th Chamber"
"polis beetle","3rd Chamber"
"polis bhoot","3rd Chamber"
"polis biloko","4th Chamber"
"polis blue back","5th Chamber"
"polis bogy","3rd Chamber"
"polis bomb","3rd Chamber"
"polis bulb","4th Chamber"
"polis cactuar","2nd Chamber"
"polis cat","1st Chamber"
"polis centaur","7th Chamber"
"polis chigoe","3rd Chamber"
"polis chimera","7th Chamber"
"polis cockerel","3rd Chamber"
"polis corpse flower","6th Chamber"
"polis crawler","3rd Chamber"
"polis deepeye","1st Chamber"
"polis diremite","4th Chamber"
"polis dodo","6th Chamber"
"polis drubber","3rd Chamber"
"polis dullahan","7th Chamber"
"polis dung beetle","4th Chamber"
"polis effigy","7th Chamber"
"polis eggplant","3rd Chamber"
"polis elbst","7th Chamber"
"polis fungus","2nd Chamber"
"polis gadfly","4th Chamber"
"polis garlic","3rd Chamber"
"polis gold back","5th Chamber"
"polis golem","7th Chamber"
"polis gremlin","3rd Chamber"
"polis grenade","3rd Chamber"
"polis griffin","6th Chamber"
"polis hawk","4th Chamber"
"polis hecteyes","5th Chamber"
"polis hornet","4th Chamber"
"polis hybodus","2nd Chamber"
"polis idol","6th Chamber"
"polis imp","3rd Chamber"
"polis inkhorn","5th Chamber"
"polis kargas","6th Chamber"
"polis knight","4th Chamber"
"polis korpokkur","1st Chamber"
"polis korrigan","1st Chamber"
"polis leech","2nd Chamber"
"polis magus","7th Chamber"
"polis mandragora","1st Chamber"
"polis mantis","4th Chamber"
"polis megalotragus","5th Chamber"
"polis miacid","5th Chamber"
"polis miteling","4th Chamber"
"polis monk","5th Chamber"
"polis morbol","5th Chamber"
"polis morgawr","7th Chamber"
"polis morpho","4th Chamber"
"polis mummy","4th Chamber"
"polis nanka","2nd Chamber"
"polis ninki nanka","2nd Chamber"
"polis ochu","6th Chamber"
"polis ogrebon","2nd Chamber"
"polis onion","3rd Chamber"
"polis opken","7th Chamber"
"polis paissa","1st Chamber"
"polis poroggo","1st Chamber"
"polis pot","6th Chamber"
"polis pteranodon","6th Chamber"
"polis pugil","2nd Chamber"
"polis pullet","3rd Chamber"
"polis queen","3rd Chamber"
"polis raptor","6th Chamber"
"polis ripper","3rd Chamber"
"polis roselet","2nd Chamber"
"polis sable back","5th Chamber"
"polis salamander","7th Chamber"
"polis sallet","1st Chamber"
"polis sankchinni","2nd Chamber"
"polis sasquatch","3rd Chamber"
"polis sasquatch cub","4th Chamber"
"polis seedling","5th Chamber"
"polis shell","2nd Chamber"
"polis skatene","5th Chamber"
"polis slug","2nd Chamber"
"polis snipper","2nd Chamber"
"polis talker","3rd Chamber"
"polis tiger","5th Chamber"
"polis tomato","3rd Chamber"
"polis tome","5th Chamber"
"polis treant","4th Chamber"
"polis uragnite","2nd Chamber"
"polis viking","7th Chamber"
"polis violet back","5th Chamber"
"polis wamoura","4th Chamber"
"polis wamouracampa","4th Chamber"
"polis wivre","6th Chamber"
"polis wolf","5th Chamber"
"Polyphemus","The Anemos Seam"
"Pomguard pomchopper","Unsevered Despair"
"Pomguard pomcrier","Unsevered Despair"
"Pomguard pomfluffer","Unsevered Despair"
"Pomguard pomfryer","Unsevered Despair"
"Pomguard pompiercer","Unsevered Despair"
"Pomguard pompincher","Unsevered Despair"
"pondless poroggo","The Makers' Quarter"
"Poqhiraj","Unstifled Prayer"
"poroggo","The Ruling Quarter"
"poroggo choirtoad","The Manifest"
"poroggo rivertamer","Pleroma"
"portrayal of fire","Mansion Cellar"
"Porus","North Silvertear"
"potent petrosphere","The Dungeons"
"potter wasp swarm","Broken Water"
"pouting paissa","Last Step"
"pouting phooka","Saint Fathric's Temple"
"powder keg","Steps of Faith"
"power generator","Life Support"
"Power Plasma alpha","Machinery Bay 68"
"Power Plasma beta","Machinery Bay 68;The Burden of the Son"
"Power Plasma gamma","Machinery Bay 68;The Burden of the Son"
"precultured biomass","Bioweapon Research;Incubation Bay VII"
"preying mantis","The Isles of Umbra"
"prickly paissa","The Gauntlet"
"priest of storms","Newvoid"
"primelephas","Newvoid"
"primordial hippocerf","Kallimelios Zephyros"
"Prince of Pestilence","Nine Ivies"
"prison pteroc","The Thousand Maws of Toto-Rak"
"prison pudding","The Thousand Maws of Toto-Rak"
"prisoner's delight","The Thousand Maws of Toto-Rak"
"Profane Fafnir follower","The Chancel"
"Progenitor","Incubator 66"
"Progenitrix","Incubator 66"
"Prometheus","Impact Crater"
"proterosuchus","Weathering"
"Proto Ultima arm unit","Magitek Research"
"proto-chimera","Incubator Transport"
"proto-naga","Beta Quadrant"
"proto-noctilucale","The Diadem"
"prototype bit","The Chamber of Knowledge"
"prototype death claw","The Chamber of Knowledge"
"Provenance Watcher","The Crystal Dragon's Bloom"
"psammead","Timh Gyeus"
"pseudo sprite","Middle Floors"
"Psoglav","Old Bozja"
"psycheflayer","The Gier Hall"
"pteroc","The Long Climb"
"pteroc matron","Dragonhead"
"pteroc pointer","The Wanderer's Palace (Hard)"
"Pterygotus","The Dravanian Forelands"
"pug pugil","The Wanderer's Palace"
"puk hatchling","Summerford;Western Thanalan;Skull Valley"
"Pukla Puki the Pomburner","Thornmarch"
"Pukna Pako the Tailturner","Thornmarch"
"Puksi Piko the Shaggysong","Thornmarch"
"Pulxio of the Short Gale","The Seedbed"
"pumice golem","Alder Springs"
"purbol","The Sea of Blades"
"pure energy","Boulder Downs"
"pure white flame","West Flamerock"
"puroboros","Hall of the Savage"
"purple bavarois","The Final Ease"
"purple laver","Bronze Lake"
"purulent abscess","The Wanderer's Palace (Hard)"
"purulent pustule","The Wanderer's Palace (Hard)"
"pus gnat","Nine Ivies;East Shroud"
"putrid passenger","Freight Car"
"Pylraster","The Dravanian Forelands"
"Pyracmon","Halatali (Hard) (Zone)"
"pyrite coblyn","Hammerlea;The Footfalls"
"Pyros apanda","Northeastern Ice Needles"
"Pyros bhoot","Flurry;Northeastern Ice Needles"
"Pyros bombfish","West Flamerock"
"Pyros chelone","Northeastern Ice Needles"
"Pyros coeurl","Flurry"
"Pyros crab","West Flamerock"
"Pyros elemental","Eureka Pyros"
"Pyros gremlin","Flurry"
"Pyros gulo gulo","West Flamerock"
"Pyros hardwood golem","East Flamerock"
"Pyros hawk","West Flamerock"
"Pyros hecteyes","The Cavern of the Second Cant"
"Pyros kongamato","Flurry"
"Pyros nanka","Flurry"
"Pyros parthenope","West Flamerock"
"Pyros piranu","West Flamerock"
"Pyros pudding","West Flamerock"
"Pyros serpent","Northeastern Ice Needles"
"Pyros shuck","The Cavern of the Second Cant"
"Pyros slime","West Flamerock"
"Pyros slug","Flurry"
"Pyros snake","Flurry"
"Pyros treant","East Flamerock"
"Pyros wolf","Flurry"
"Pyros wood golem","East Flamerock"
"Pyros wraith","Northeastern Ice Needles;Southwestern Ice Needles"
"Pyros zoblyn","Flurry"
"python","Submerged Skyline"
"Qalyana brahmin","Qalyana Nilya"
"Qalyana kshatriya","Qalyana Nilya"
"Qalyana shudra","Qalyana Nilya"
"Qarn facer","The Sunken Temple of Qarn"
"Qarn guardian","The Sunken Temple of Qarn (Hard) (Zone)"
"Qiqirn beater","Buscarron's Scar;Alder Springs"
"Qiqirn eggcandler","Lower La Noscea"
"Qiqirn eggdigger","The Salt Strand"
"Qiqirn egglifter","Bentbranch"
"Qiqirn gullroaster","Gullperch Tower;Bloodshore"
"Qiqirn meatcarrier","The Ziggurat"
"Qiqirn meateater","The Ziggurat;The Carmine Kitchen;The Last Forest"
"Qiqirn meatgnasher","The Ziggurat"
"Qiqirn plucker","Tiller's Rest"
"Qiqirn roerunner","Wellwick Wood"
"Qiqirn roostkeep","Tiller's Rest"
"Qiqirn scrambler","Bentbranch"
"Qiqirn trafficker","Wellwick Wood"
"Qiqirn yolkdrainer","Broken Water"
"Qiqirn yolkshaker","Lower La Noscea"
"quarantine node","Sector VII"
"queen hawk","Saint Mocianne's Arboretum"
"queen's gunner","The Hall of Hieromancy"
"queen's knight","The Hall of Hieromancy"
"queen's soldier","The Hall of Hieromancy"
"queen's warrior","The Hall of Hieromancy"
"queer bubble","Brayflox's Longstop"
"quicksand basilisk","The Dry Sands"
"quickwater snake","The Val River Swale;Klauser's Peace"
"quivering coffer","Shoal Rock;Heaven-on-High (Zone)"
"rabbit's tail","Voeburtenburg"
"rabid aurochs","Skull Valley"
"rabid mongrel","Drybone"
"rabid wolverine","The Forest of the Lost Shepherd"
"Rabisu","Sil'dih Excavation Site"
"Radiant crab","The Arrapago Remnants"
"rafflesia","Scar's Edge"
"Rageclaw","Skull Valley"
"ragged ratel","The Makers' Quarter"
"raging vajralangula","The Perfumed Rise"
"raging valras","The Perfumed Rise"
"rain sprite","The Orchard;Heartbreak Holt"
"rainbow drop","East Flamerock"
"rainbow lorikeet","Voeburtenburg"
"rainbow tiger","Valley of the Fallen Rainbow"
"raiun","Floor 30 (Heaven-on-High)"
"Raktapaksa","Ashfall"
"rambling valras","The Perfumed Rise"
"rampant cobra","North Silvertear"
"ranch wamoura","The Lost City of Amdapor (Zone)"
"rancor flame","Bronze Lake"
"Rangda","Akh Fahl Lye"
"raptor poacher","Nine Ivies"
"rasher hog","Western Thanalan"
"rasher swine","Cleric"
"Raskovnik","Telmatology (Hard)"
"Rastaban","Ohl Tahn"
"rat king","The Grey Fleet"
"Ratfinx Twinkledinks","Advanced Clevering"
"Rathalos","The Azim Steppe"
"Ravana's will","Carteneau Flats: Borderland Ruins"
"raveled raincatcher","Brayflox's Longstop (Zone);Brayflox's Longstop (Hard) (Zone)"
"ravenous billygoat","Drybone"
"ravenous silver wolf","Dragonhead"
"ravenous smilodon","The Forest of the Lost Shepherd"
"raw sludge","The Honey Yard"
"razana","Tears of the Gods"
"razor plume","The Howling Eye (Zone)"
"rearguard bit","The Third Armory"
"rearguard mine","The Third Armory"
"Reaver coeurl","The Isles of Umbra"
"recluse hippogryph","Dzemael Darkhold (Zone)"
"red aevis","Dragonhead;Whitebrim;North Silvertear"
"Red ambusher","Sakazuki"
"red bonnet","Heartbreak Holt"
"Red bukan","The Isle of Zekki"
"red chocobo","Old Bozja;The Glittering Basin"
"red dragon","Syrcus Tower"
"red eye","Southwestern Ice Needles"
"Red honkan","The Isle of Zekki"
"Red hyoe","The Isle of Zekki"
"red jackal","Cedarwood"
"red marshmallow","Coerthas Central Highlands"
"Red pillager","The Isle of Bekko"
"Redbelly larcener","No Man's Hovel;Silent Arbor"
"redhorn ogre","Providence Point"
"reflection of Karlabos","The Teeth"
"Reflective Rebekkah","Blue Sky"
"Refurbisher 0","Life Support"
"regolith","Southern Mare Lamentorum"
"reinforced whelk ballista","Sapsa Spawning Grounds"
"reinforcement steeldrone","Loth ast Gnath"
"remedy bomb","Incubator 66"
"remembird","Canal Town"
"remora","Lethe"
"Renaud","Bioweapon Storage"
"reptoid","Beta Quadrant"
"repurposed dreadnaught","The Gamma Segregate"
"restless raptor","Raincatcher Gully;Camp Overlook"
"restraint collar","Airship Landing (Baelsar's Wall)"
"retooled enforcement droid","Crimson Ward"
"retuned magitek bit","Hall of the Scarlet Swallow"
"revenant","Sorrel Haven;Amberscale Rock;Rootslake;The Fury's Gaze"
"rhino beetle","The Gensui Chain;Uyuyub'"
"Rhitahtyn the Unshakable","Saltcrystal Strings"
"ridgetrap","Sentinel (Landmark)"
"right claw","Blue Sky"
"right foreleg","The Burden of the Father"
"right hand of the undertow","Blue Sky"
"right hindleg","The Burden of the Father"
"right wing","The Voiceless Muse"
"ringtail","The Long Climb"
"Ripe Rampager","Lifemend Stump"
"river hikagiri","The Timid Current;The Wrathful Current"
"river ray","The Timid Current;The Wrathful Current"
"river scorpion","The Timid Current;The Wrathful Current"
"river unkiu","The Timid Current;The Wrathful Current"
"riverbank toad","Moraby Bay"
"rivertoad","Moraby Bay"
"robber rat","The Last Forest"
"Roc","Gates of Judgement"
"rock biter","The Gamma Segregate"
"rock of Albus","Vicus Messorum"
"rockfin","Uncanny Valley (Area)"
"rockskin peiste","Broken Water"
"Rongeur","Daniffen Pass"
"Ronkan dreamer","The Qitari Dissent"
"Ronkan idol","The Qitari Dissent;The Qitana Ravel (Area);The K'mul Astropolis (Echo)"
"Ronkan thorn","The Qitari Dissent;The Qitana Ravel (Area)"
"Ronkan vessel","The Qitari Dissent;The Qitana Ravel (Area)"
"Rookery diresaur","The Rookery"
"Rookery master","The Rookery"
"rose bud","Saint Mocianne's Arboretum"
"Rose Garden","Saint Mocianne's Arboretum"
"rose hip","Saint Mocianne's Arboretum"
"rosebear","Timh Gyeus"
"Rostnsthal the Reborn","Outer La Noscea"
"rotten jam","Upper La Noscea"
"rotten mandragora","Southern Entrenchment"
"rotting captive","The Isle of the Dead"
"rotting corpse","The Invisible City"
"rotting eye","Hall of the Tainted"
"rotting noble","The Invisible City"
"rotting sentinel","Jadeite Thick"
"royal bladebearer","The Jasper Walls"
"royal cupbearer","The Jasper Walls"
"royal custard","The Jade Paths"
"royal oak","Saint Mocianne's Arboretum"
"Rrax Yity'a","Yak T'el"
"rroneek","Pyariyoanaan Plain"
"ruby hornbill","The Isle of Bekko"
"Ruby Princess","Akashio Hall"
"rudis beak","Halatali"
"ruffled hornbill","The Glittering Basin"
"Ruffletuft Kupta Kapa","Thornmarch"
"ruins crawler","The Sunken Temple of Qarn (Hard) (Zone)"
"ruins dross","The Lost City of Amdapor (Zone)"
"ruins wamoura","Amdapor Keep (Hard) (Zone)"
"ruins wamouracampa","Amdapor Keep (Hard) (Zone)"
"Ruminator","Mare Lamentorum"
"runagate imp","Sil'dih Excavation Site"
"runaway coblyn","The Outer Circuit"
"Rusalka","The Tempest"
"rusted dreadnaught","The West Val River Bank"
"rutting buffalo","Bloodshore"
"ruud suud","Whitherwander;Hidden Tear"
"sable back","Runstop Frontblock"
"sabotender","Broken Water"
"sabotender bailaor","Broken Water"
"Sabotender Bailarina","Central Thanalan"
"sabotender campeador","The Sunken Temple of Qarn (Hard) (Zone)"
"sabotender del sol","Drybone"
"sabotender desertor","The Wet Sands"
"sabotender emperatriz","The Sunken Temple of Qarn (Hard) (Zone)"
"sabotender guardia","The Sunken Temple of Qarn (Hard) (Zone)"
"sabotender mariachi","The Val River Source"
"sabotender soldado","The Sunken Temple of Qarn (Hard) (Zone)"
"sacred idol","The Wanderer's Palace (Hard) (Zone)"
"sacred marid","Djanan Qhat"
"sacred spear","The Wanderer's Palace (Hard) (Zone)"
"sacred standard","The Wanderer's Palace (Hard) (Zone)"
"Safat","Coerthas Central Highlands"
"Sahagin sapper","Sahagin Landbase"
"Sahagin skirmisher","Sahagin Landbase"
"Sahagin waverider","Sapsa Spawning Grounds"
"sai taisui","The Heart of Water;The Heart of Earth;The Heart of Wind;The Wrathful Current;The Dairyu Chain"
"saichania","Scree"
"saiga","Regio Domorum"
"salivating hanuman langur","The Shroud of the Samgha"
"sallet crab","Hullbreaker Isle"
"Sally the Sweeper","Living Memory"
"Salt and Light","The Lochs"
"salt dhruva","The White Aisle"
"salt swallow","Lookback Cave"
"salt swallow larva","Lookback Cave"
"saltwater aurelia","Moraby Bay;The Gods' Grip"
"salvaged vanguard F-1","Horizon's Edge"
"samurai corpse","The East Val River Bank"
"sanctuary skipper","Sudden Torment"
"sanctuary tsanahale","Ratatoskr's Peace"
"sand bat","The Dry Sands"
"sand mole","The Fields of Amber"
"sandcake","Foundation Framework;Sediment Trough"
"sandshell","The Wet Sands"
"sandskin peiste","Broken Water"
"sandskin sibilus","The Fields of Amber"
"sandstorm","The Wet Sands"
"sandsucker","The Fields of Amber"
"sandtoad","Nophica's Wells"
"Sanduruva","Prosperity's Promise;Wisdom's Ward"
"sandworm","Sagolii Desert;Forgotten Springs"
"sanitary node","Sector II"
"sankchinni","Eil Tohm"
"Sanu Vali of Dancing Wings","The Sea of Clouds"
"sanuwa Gundu","The Protector"
"sapria","East End"
"Sarameya","Drybone"
"sarcosuchus","Peat Bogs"
"sarracenia","The Ja Tiika Heartland"
"Sartauvoir the Inferno","Old Bozja"
"sasquatch","Hullbreaker Isle"
"Sastasha orobon","Sastasha"
"Sastasha pugil","Sastasha (Hard)"
"Sateli Hueloc of the South Wind","Natalan"
"satin plume","The Howling Eye (Zone)"
"sawtooth","Modification Cell"
"scabrous jotunn","Horrea Campi"
"Scale Eater","The Footfalls;Horizon's Edge"
"scalepuk","Moraby Bay"
"Scape leech","The Val River Swale"
"scaphite","The Silent King"
"scarab beetle","Central Amdapor (Hard);Rustrock"
"Scarface Bugaal Ja","Bronze Lake"
"scarlet tentacle","Undersea Entrance"
"scarred antelope","Upper Paths"
"scarred caracal","The Blind Forest of Yx'Maja"
"scarred jackal","Skull Valley"
"scavenging u'out","Uyuypoga"
"Schola armored weapon","Crash Site"
"Schola avenger","The Field of Soot;The Field of Ash"
"Schola canis pugnax","The Trenches;Crash Site"
"Schola colossus","The Field of Ash"
"Schola colossus rubricatus","The Field of Ash"
"Schola eques","The Trenches;Crash Site;The Field of Soot;The Field of Ash"
"Schola gunship","The Trenches"
"Schola hexadrone","The Field of Ash"
"Schola Mark II colossus","The Field of Ash"
"Schola predator","The Trenches;Crash Site;The Field of Soot;The Field of Ash"
"Schola rearguard","The Field of Ash"
"Schola scorpion","The Field of Soot"
"Schola sky armor","The Trenches"
"schorl doblyn","The Blue Sands"
"scissorjaws","The Fields of Amber"
"Scitalis","The Churning Mists"
"scorpion hawk","The Makers' Quarter"
"scout wolf","Gelmorra Ruins"
"scouting node","IC-08 Control"
"scrambled engineer","Automachina Research"
"scrambled iron claw","Automachina Research"
"scrambled iron giant","Automachina Research"
"scrambled paladin","Automachina Research"
"scrap","Life Support"
"scrap Byblos","Steel Gateway"
"scrap gargoyle","Steel Gateway"
"scraper","Greatest Endsvale"
"screamer","Pharos Sirius (Zone)"
"Scree gnome","Scree"
"scurvy dog","Sastasha"
"Scylla","Syrcus Tower"
"scythe mantis","Halatali"
"sea anemone","The Trinculo Shelf"
"sea beggar","Eil Tohm"
"sea bishop","The Val River Swale"
"sea gelatin","The Norvrandt Slope"
"sea monk","The Whipjacks"
"sea pugil","Squib Sands"
"sea serpent","Rasen Kaikyo"
"sea wasp","Halfstone"
"seaboard angler","Squib Sands"
"seaboard ogrebon","Squib Sands"
"searching bit","Regio Urbanissima"
"searching roader","Palatium Novum"
"searching satellite","Regio Urbanissima"
"searching slasher","The Eblan Rime;Regio Urbanissima"
"seawater sprite","Hullbreaker Isle"
"Sebek","Snowcloak (Landmark)"
"security mammet","Costa del Sol"
"security node","Core Override"
"seeker bat","Yesterland"
"seemingly ordinary imp","Nophica's Wells"
"Sekhmet","Raincatcher Gully"
"Senmurv","The Dravanian Forelands"
"sentient inkhorn","School of Phantasmagoria"
"sentient tome","School of Phantasmagoria;Middle Floors"
"Sephirot","Containment Bay S1T7"
"Seps","Whitebrim"
"septic slime","Copperbell Mines (Hard) (Zone)"
"sepulture gargoyle","Central Conveyance Unit"
"Ser Yuhelmeric","Lord Commander's Seat"
"Serket","Sagolii Desert;The Val River Swale"
"Serpent of the Ruby Sea","The Coral Banquet"
"Serpent Reaver bluetail","The Isles of Umbra"
"Serpent Reaver deckhound","Empty Heart"
"Serpent Reavest tail","Limsa Lominsa Upper Decks"
"servant of the sage","Serenity (Landmark)"
"servitor's lantern","Second Floor (Haukke Manor)"
"servomechanical chimera 14X","Eureka Orthos"
"servomechanical minotaur 16","Eureka Orthos"
"Sethuli Hueloc of the West Wind","Natalan"
"seven-spot nanka","Chocobo Forest"
"seven-spot ninki nanka","Chocobo Forest"
"seven-year gnat","Nine Ivies"
"severed slug","Dimwold"
"severely severed slug","Dimwold"
"sewer rat","Upper Paths"
"Sewer Syrup","Western Thanalan"
"shabti","Soldiery Gallery"
"shade seeker","Sastasha"
"shadow bat","Western La Noscea;Eastern La Noscea"
"shadow of the sage","Serenity (Landmark)"
"shadow sprite","The Chrysalis (Zone);The Isles of Umbra"
"shadow wing","The Anemos Seam"
"shadow wraith","Newvoid"
"Shadow-dweller Yamini","The Fringes"
"Shadowkeeper","Laxan Loft (Zone)"
"shadowy mist","Ala Gannha"
"shadowy shade","Ala Gannha"
"shadowy spume","Ala Gannha"
"shale golem","Alder Springs"
"shallows monk","The Arrapago Remnants"
"shallows ogrebon","The Arrapago Remnants"
"shallows xzomit","The Arrapago Remnants"
"shaper-rook","Central Decks"
"shapeshifting bloodsucker","Shades of Grief"
"shard doblyn","U'Ghamaro Mines"
"Sharlayan mimic","The Lower Reaches"
"sharpshell of the Red","Shoal Rock;The Isle of Zekki;Hells' Lid (Landmark)"
"sharptooth orobon","Rootslake"
"shattering cap","Copperbell Mines (Hard) (Zone)"
"Shearing Sheridan","Three-malm Bend"
"shelfclaw chief","Sapsa Spawning Grounds"
"shelfclaw guard","Sapsa Spawning Grounds"
"shelfclaw Reaver","Halfstone"
"shelfscale chief","Sapsa Spawning Grounds"
"shelfscale guard","Sapsa Spawning Grounds"
"shelfscale Reaver","Halfstone"
"shelftooth chief","Sapsa Spawning Grounds"
"shelftooth guard","Sapsa Spawning Grounds;Reaver Hide"
"Shezmu","Raincatcher Gully"
"Shiden Skyscream","Kugane"
"shield dragon","The Stone Vigil (Hard) (Zone)"
"shield dragon in waiting","Four Arms"
"shikigami koja","Valley of the Fallen Rainbow"
"shikigami of the pyre","Blue Sky"
"shikigami of the undertow","Blue Sky"
"Shinryu","The Lochs"
"Shisui Yohi","Shisui Gokagura"
"shoal iwamushi","Shoal Rock"
"Shockmaw","Elpis"
"shore jellyfish","Onokoro"
"shore slug","Three-malm Bend"
"shorttail sibilus","The Fields of Amber"
"shrapnel","The Dry Sands"
"Shredder","Redbelly Hive"
"Shroud hare","Alder Springs;Everschade"
"shugen tengu","The West Val River Bank"
"sibilus","The Fields of Amber"
"siege goobbue","Tapaxoli"
"sifaka","Hullbreaker Isle"
"silkmoth","Weathering"
"silt golem","The Soil Bed"
"silver axe beak","The Burning Wall"
"silver falcon","The Keeper of the Lake (Zone)"
"silver wolf","Riversmeet"
"Silverscales lurker","The Wanderer's Palace (Hard)"
"Silverscales pontificator","Bronze Lake"
"Silverscales sabreur","Bronze Lake"
"Silverscales sophist","The Wanderer's Palace (Hard) (Zone)"
"Silverscales stabler","The Wanderer's Palace (Hard)"
"Silverscales warder","The Wanderer's Palace (Hard)"
"Silverscales zenist","The Wanderer's Palace (Hard) (Zone)"
"Silvertear cobra","North Silvertear"
"simple bomb incubator","Second Level;Sapper Tunnel"
"Simurgh","Fool Falls"
"Simurgh's strider","The Anemos Seam"
"singha","The Temple of the Fist (Zone)"
"singha cub","The Temple of the Fist (Zone)"
"singularity fragment","The Gloriole"
"singularity trace","Twelvefold"
"Sinister","The Queen's Bedchamber"
"sinking arrogance","Aetherial Lens (Area)"
"sinking cynicism","Aetherial Lens (Area)"
"sinking desire","Abyssal Plane"
"sinking dishonesty","Aetherostatic Peak"
"sinking dissension","Abyssal Plane"
"sinking imparity","Aetherostatic Peak"
"sinking impatience","Aetherostatic Peak"
"sinking partiality","Abyssal Plane"
"sinking resentment","Aetherial Lens (Area)"
"sinking rivalry","Aetherial Lens (Area)"
"siren","The Isles of Umbra;Pharos Sirius (Zone)"
"Sirius elbst","Pharos Sirius (Zone)"
"Sirius leech","Pharos Sirius (Zone)"
"Sirius pugil","Pharos Sirius (Zone)"
"Sirius screamer","Fifth and Fourth Levels;Fuel Chamber"
"Sirius uragnite","Pharos Sirius (Zone)"
"Sirocco","Upper Paths"
"Sisiutl","The Sea of Clouds"
"sizable slug","Dimwold"
"Sjoorm","Hullbreaker Isle"
"Skadi","Dragonhead"
"skainsmate","Amdapor Keep (Hard) (Zone)"
"Skalla nanka","Lookback Cave"
"Skalla soblyn","Lookback Cave"
"skatene","School of Fantastics"
"skeleton noble","Heartbreak Holt;Klauser's Howe"
"skeleton soldier","The Tam-Tara Deepcroft;Witchdrop"
"skimmer","East End"
"skinless deckhand","The Jane Guy"
"skinless skipper","The Jane Guy"
"Skogs Fru","Middle La Noscea"
"Skoll","The Garden of Despite"
"sky armor reinforcement","Via Praetoria (Baelsar's Wall)"
"skybound sea anemone","The Norvrandt Slope"
"skygazer","Last Step"
"slave to the beast","Goodblade"
"sledgehammer beak","Black Brush"
"sleet trap","Coerthas Western Highlands"
"slickshell captain","Reunion"
"slickshell of the Red","Reunion;Hells' Lid (Landmark)"
"Slipjaw ogre","Cedarwood;Black Brush"
"Slipkinx Steeljoints","The Dravanian Hinterlands"
"slippery armadillo","Qasr Sharl"
"slipsand","The Blue Sands"
"Slithy Zolool Ja","The Wanderer's Palace (Hard)"
"slumbering dragon","Aery Interior"
"small boulder","The Grey Fleet"
"smallfoot sifaka","Hullbreaker Isle"
"smallmouth orobon","Upper Paths"
"smart bomb","The Long Climb"
"smartbomb","Advanced Clevering"
"smilodon","Weathering"
"Smok","Old Bozja"
"smoked soblyn","Loch Seld"
"smoldering dragon","Aery Interior"
"smolenkos","Third Floor"
"snapjaw","Dragonhead;Whitebrim"
"snapmint","The Citia Swamps"
"snapper-rook","Alpha Quadrant"
"snapping shrew","Spineless Basin"
"snapweed","Bowrest"
"snegovik","Cerulea Ingens"
"snoll","Outer Training Grounds"
"snow wolf","Boulder Downs"
"snowblown goobbue","Dragonhead"
"Snowcloak goobbue","Snowcloak (Zone)"
"Snowcloak wolf","Snowcloak (Zone)"
"snowclops","Snowcloak (Zone)"
"snowmelt sprite","The Val River Source"
"snowshoe mouse","Whitebrim"
"snowstorm goobbue","Whitebrim"
"snowstorm sprite","West Flamerock;East Flamerock;The Val River Source"
"soaring shark","Shoal Rock"
"sobbing sapling","East Flamerock"
"soblyn","The High Bank;The Lochs"
"softshell of the Red","The Isle of Zekki"
"softskin peiste","The Footfalls"
"soft-spoken lancer","Wailing Barracks"
"Sohr Khai anzu","An Answer of Silence"
"Sohr Khai anzu egg","An Answer of Silence"
"Sohr Khai buzzard","An Answer of Silence"
"Sohr Khai cockerel","An Answer of Silence"
"soldier avatar","The Hall of Hieromancy"
"soldier bee cloud","Lozatl's Conquest;The Citia Swamps"
"soldier crawler","Timh Gyeus"
"soldier gazellehawk","Pike Falls"
"soldier hawk","Saint Mocianne's Arboretum"
"soldier of Nym","The Long Hall"
"soldier S0","Receiving Room"
"Solkzagyl the Loyal","Banepool"
"sombre mimic","Agelyss River"
"somnambulant bhoot","Hidden Tear"
"son of Imdugud","Alpha Concourse"
"son of the keeper","The Keeper of the Lake (Zone)"
"Sophia","Containment Bay P1T6 (Zone)"
"Sophrosyne","Scree;The Blind Forest of Yx'Maja"
"Soranus duo","Provisional Imperial Landing"
"sordes","The Stone Vigil (Hard)"
"Sotoli Hueloc of the East Wind","Natalan"
"sotormurg","The Perfumed Rise"
"soul collector","Amdapor Keep"
"soul reaper","The Audience Chamber"
"soulless adventurer","The West Val River Bank"
"soulless agent","East Flamerock"
"soulless chrisom","Horizon's Edge"
"soulless pathfinder","The Cavern of the Second Cant;East Flamerock"
"soulless researcher","The Val River Source"
"soulmate","Wormwood Altar (Hard)"
"soulsucker imp","Nophica's Wells"
"South Shroud opo-opo","Nine Ivies"
"southern seas colibri","Saint Mocianne's Arboretum"
"southwestern wind","Newvoid"
"spaeshell of the Red","The Isle of Zekki;Hells' Lid (Landmark)"
"spandule","Middle Floors;Aetherology End"
"spangencrab","The Val River Swale"
"spanner-rook","IC-01 Control"
"spare body","Tomb of King Galvanth the Dominator (Hard)"
"spare lung","The Tam-Tara Deepcroft (Hard) (Zone)"
"spare soul","The Tam-Tara Deepcroft (Hard) (Zone)"
"spare will","The Tam-Tara Deepcroft (Hard) (Zone)"
"spawning adamantoise","Rootslake"
"spawning lesser apollyon","The Imperious"
"spawning megalocrab","Three-malm Bend"
"spawning ophion","Philomythes Notos"
"spawning orobon","The Unholy Heir"
"spawning tatsunoko","Sakazuki"
"spawning tolba","The Fields of Amber"
"specter","The Song of Kings"
"spectral necromancer","Summer Ballroom"
"speedreader","School of Fantastics"
"spelaean slug","Sastasha (Hard)"
"Sphatika","Thavnair"
"sphene doblyn","Camp Bluefog"
"sphinx","The Flagship"
"spider","Fuel Chamber"
"spine duster","Middle Floors;Aetherology End;Convocation House"
"spinner-rick","Alpha Quadrant"
"spinner-rook","The Binding Coil of Bahamut - Turn 4"
"spiny plume","The Howling Eye (Zone)"
"spirit flame","The Temple of the Fist (Zone)"
"spirit gana","Thok ast Thok;Carteneau Flats: Borderland Ruins"
"Spiteful","Spriggan Dig"
"Spitfire","Black Brush"
"spitting spider","The Queen's Room"
"spotted mudpuppy","Daniffen Pass"
"spotted spider","Yx'Anpa Mul;The K'mul Astropolis"
"Spotter","Bronze Lake"
"sprawling sankchinni","Telmatology (Hard)"
"spriggan","The Standing Corses"
"spriggan copper carrier","Copperbell Mines"
"spriggan copper copper","Copperbell Mines"
"spriggan crier","The Blue Sands"
"spriggan doorkeeper","The Lower Reaches"
"spriggan flametender","Nanawa Mines"
"spriggan gemcutter","Where Hearts Leap"
"spriggan icecutter","Snowcloak (Zone)"
"spriggan miner","Shaft B1 (Hard)"
"spriggan pankratiast","Flurry"
"spriggan quencher","The Crying Dark"
"spriggan sifter","The Screaming Dark"
"spriggan tumbler","Snowcloak (Zone)"
"spry gyuki","Ten-thousand-year Pine"
"spurned soul","Alder Springs"
"squib","Squib Sands"
"Squonk","The Sea of Clouds"
"St. Daniffen's fire","The Ogre's Belly"
"Staff of Eldering","Syrcus Tower"
"staff-waving training partner","The Fold"
"stagnant water sprite","Jadeite Thick;Dragonhead"
"stale bubble","Upper La Noscea"
"stalker ziz","Klauser's Peace"
"stampeding rhino beetle","The Glittering Basin"
"star marmot","Spineless Basin;Hammerlea;Black Brush;Little Ala Mhigo"
"star shard","The Rebirth of Bardam the Brave"
"Starcrier","Yak T'el"
"starfall circle","Syrcus Tower"
"starkshadow amphiptere","Eil Tohm"
"starkshadow biast","Eil Tohm"
"starkshadow wyvern","Eil Tohm"
"starmite","The Perfumed Rise"
"starved seeker bat","Yesterland"
"stealthy poacher","Rootslake"
"steam bomb","Machinery Bay 67;The Burden of the Son"
"steam chakram","Machinery Bay 68;The Burden of the Son"
"steam gasket","The Burden of the Father;The Burden of the Son"
"steam pump","The Burden of the Father"
"steam regulator A","The Burden of the Father;The Burden of the Son"
"steam regulator B","The Burden of the Father;The Burden of the Son"
"steelquill tuco-tuco","Drybone"
"stegoceras","East Flamerock"
"stegodon","The West Val River Bank"
"stegotaur","Whitebrim Front"
"steinbock","Riversmeet"
"stellar amphiptere","Ostrakon Deka-okto"
"stellar brobinyak","Ostrakon Deka-okto"
"stellar chuluu","Onsal Hakair"
"stellar dragon","The Vitrified Fort"
"stellar shelled dragon","Ostrakon Deka-okto"
"stellar wyvern","Ostrakon Deka-okto"
"stench blossom","Azys Lla"
"steppe dhole","The Sea of Blades"
"steppe dzo","The Sea of Blades"
"steppe eagle","The Fall of Bardam the Boastful"
"steppe sheep","Bardam's Hunt"
"steppe yamaa","Bardam's Hunt"
"Steropes","Whitebrim"
"sticky web","The Thousand Maws of Toto-Rak"
"Stikflix Grumblytoss","Central Shroud"
"Stinging Sophie","East Shroud"
"stinging syrphid cloud","Drybone;Rootslake"
"stingray","The Caliban Gorge"
"stinkshell","Miyakabek'zu"
"Stolas","The Dravanian Hinterlands"
"stone brickman","Sil'dih Excavation Site;Blind Iron Mines;Bronze Lake;Bentbranch;Finder's Bluff"
"stone marionette","The Gier Hall"
"stone phoebad","Salvation"
"stone servant","The Cold Throne"
"stone shiver","Alder Springs"
"stonefall circle","Syrcus Tower"
"Stonespike Tanadd Gah","Sagolii Desert"
"storm biast","The Stone Vigil (Hard) (Zone)"
"storm sprite","Bloodshore"
"storming jabberwock","Main Street (Treno)"
"storming spirit","Main Street (Treno)"
"storming thunder spirit","Bridge Street (Treno);Main Street (Treno)"
"Storsie","Labyrinthos"
"straf doll","The Burden of the Father"
"Straightshot assassin","Black Brush"
"strange statue","Schism (Landmark)"
"stratogryph","The Southern Plateau"
"stray dodo","Cedarwood;Moraby Bay"
"stray gazelle","Miriam's Luck"
"stray karakul ewe","Dragonhead"
"stray karakul ram","Dragonhead"
"stray snipper","Northeastern Ice Needles"
"stray tomato","The Medial Circuit (Area)"
"striped ray","The Isle of Zekki"
"stronghold mylodon","Outer Training Grounds"
"stronghold tursus","Outer Walls"
"stumbling funguar","Lifemend Stump;Bentbranch;Nine Ivies"
"sturm doll","Machinery Bay 44;Electrocution Gallery"
"stylish tentacle","Blue Sky"
"subservient","A Door Unopened"
"succubus","Third Floor"
"Sugaar","Amh Araeng"
"Sugriva","Thavnair"
"Suikazura","Floor 60 (Heaven-on-High)"
"sulphur byrgen","The Duergar's Tewel (Landmark)"
"sulphuric slime","West Flamerock"
"Sum","The Azim Steppe"
"summoned dahak","The Shrine of the Goetic"
"summoned golem","Nald's Reflection"
"summoned haagenti","The Shrine of the Goetic"
"summoned succubus","The Shrine of the Goetic"
"summoning circle","Nald's Reflection"
"sun bat","Black Brush;The Clutch"
"sun bear","The Answering Quarter"
"sun juror","The Cameral Chamber"
"sun leech","Quickspill Delta"
"sun midge cloud","Hammerlea;Horizon's Edge"
"sunbeard","Yawtanane Grasslands"
"sundrake","Sagolii Desert"
"Suparna","The Howling Eye (Zone)"
"Supay","The Rak'tika Greatwood"
"supercharged levin","Recreation Zone"
"supporter","The Carrotorium"
"suppuration","Amdapor Keep (Hard) (Zone)"
"surf eft","Mudstop Watergush"
"surf elbst","Open Sea - Merchantman"
"surfclaw Sahagin","Open Sea - Merchantman"
"surfscale Sahagin","Open Sea - Merchantman"
"surfspine Sahagin","Open Sea - Merchantman"
"surftooth Sahagin","Open Sea - Merchantman"
"surftooth sentry","Open Sea - Merchantman;Open Sea - Pirate Vessel"
"surveillance module","Central Decks"
"Susano","The Pool of Tribute"
"suspicious astrologian","Limsa Lominsa Upper Decks"
"suspicious megalocrab","The Gods' Grip"
"Sutali Hueloc of the North Wind","Natalan"
"Svara","Steel Vigil"
"Svarog","Avalonia Fallen"
"swamp pugil","Mudstop Watergush"
"swampmonk","Miyakabek'zoma"
"swarming tarantula hawk","Landlord Colony"
"sweet echevore","Timh Gyeus"
"sweet song","The Ship Graveyard"
"sweet tooth goobbue","Empty Heart"
"swiftwater hakulaq","The Wishbone"
"Swindler","Machinery Bay 69;The Burden of the Son"
"swirling apa","The Central Circuit"
"swirling sprite","The Central Circuit"
"Switch gremlin","The Blackened Meadow"
"swollen djigga","The Bramble Patch"
"sworn shield","Banepool"
"sylph bonnet","Larkscall;Sylphlands"
"sylph pillow","South Shroud"
"sylpheed cackle","Sylphlands"
"sylpheed screech","Larkscall;Sylphlands"
"sylpheed sigh","Larkscall;The Seedbed"
"sylpheed snarl","Larkscall;Sylphlands"
"sylpheed wail","Sylphlands"
"Sylphlands sentinel","Sylphlands"
"sylvan scream","The Bramble Patch"
"sylvan screech","Larkscall"
"sylvan sigh","Larkscall"
"sylvan sough","The Bramble Patch;South Shroud"
"Symond the Unsinkable","Pharos Sirius (Zone)"
"syricta","Mourn"
"syrphid cloud","Black Brush;Spirithold;Blind Iron Mines;Drybone;Everschade;Lifemend Stump;Jadeite Thick"
"Tadric the Vainglorious","The Dancing Plague (Zone)"
"tail of the adjudicator","The Sunken Temple of Qarn (Hard) (Zone)"
"tainted earth sprite","Treespeak Stables;Bentbranch Meadows;Upper Paths;Silent Arbor"
"tainted eye","Halatali (Hard) (Zone)"
"tainted louse","The Thousand Maws of Toto-Rak"
"tainted mold","The Lost City of Amdapor (Zone)"
"tainted water sprite","The Hedgetree (East Shroud);Lilystone"
"tainted wind sprite","Jadeite Thick;The Honey Yard"
"talking colibri","Bloodshore"
"Tall Mountain","Loch Seld"
"Tamamo Gozen","Valley of the Fallen Rainbow;Yanxia"
"tamed bifericeras","Pleroma"
"tamed cauahepya","Leynode Nine"
"tamed dodo","Western La Noscea"
"tamed hropken","Pleroma"
"tamed jackal","Western La Noscea"
"tamed leech","Pleroma"
"tamed polar bear","Gorgagne Mills"
"tamed puk","Western La Noscea"
"tamed spriggan","Western Thanalan"
"tamed warbear","Gorgagne Mills"
"tamed woolback","Leynode Nine"
"Tangata","Hall of the Bestiarii"
"tangie","Newvoid"
"tangled narbrooi","Saint Mocianne's Arboretum"
"taoquan","Castrum Fluminis (Landmark)"
"Tarasque","Avalonia Fallen"
"Tarchia","Amh Araeng"
"tarichuk","The Blind Forest of Yx'Maja"
"tatsunoko","Sakazuki"
"Taulurd","Feasting Hall"
"taurus","The Ogre's Belly"
"taurus minion","Haukke Manor (Hard) (Zone)"
"Tcaridyi","The Makers' Quarter"
"tear","East Flamerock"
"tegu","The Dewspun Bank"
"teleoceras","Virdjala"
"Teles","The Orchard"
"Tellus","The Firkins"
"telobrobinyak","Paglth'an (Zone)"
"telocanis","Magna Glacies"
"teloclaw","Paglth'an (Zone)"
"telodragonet","Paglth'an (Zone)"
"telotek armored weapon","Carteneau Flats: Borderland Ruins"
"telotek colossus","Carteneau Flats: Borderland Ruins"
"telotek Gamma","Carteneau Flats: Borderland Ruins"
"telotek gunship","Carteneau Flats: Borderland Ruins"
"telotek hexadrone","Magna Glacies"
"telotek predator","Paglth'an (Zone);Carteneau Flats: Borderland Ruins;Magna Glacies"
"telotek sky armor","Paglth'an (Zone);Carteneau Flats: Borderland Ruins;Magna Glacies"
"telotek vanguard","Paglth'an (Zone);Magna Glacies"
"telotulihand","Paglth'an (Zone)"
"telovouivre","Paglth'an (Zone)"
"tempered champion","Zanr'ak"
"tempered gladiator","Zanr'ak;Circle of the Tempered"
"tempered sylph","The Bramble Patch"
"tempered sylvan scream","Nine Ivies"
"tempered sylvan sough","Nine Ivies"
"tempered virtue","Scree"
"tempest biast","Brayflox's Longstop"
"Tempest swallow","The Norvrandt Slope"
"temple bat","The Sunken Temple of Qarn"
"temple bee","The Sunken Temple of Qarn"
"temple coeurl","The Temple of the Fist (Zone)"
"temple croc","The Sunken Temple of Qarn"
"temple doblyn","The Temple of the Fist (Zone)"
"temple fox","The Sunken Temple of Qarn (Hard) (Zone)"
"temple guardian","The Adytum of Lalafuto IV"
"temple mite","The Sunken Temple of Qarn (Hard) (Zone)"
"temple mossling","The Temple of the Fist (Zone)"
"temple mummy","The Sunken Temple of Qarn (Hard) (Zone)"
"temple pup","The Temple of the Fist (Zone)"
"tengu ember","The Heart of the Dragon"
"ten-no-shiki","The Wreath of Snakes (Zone)"
"tentacle","Hullbreaker Isle;Sastasha (Hard)"
"teratotaur","The Oratory of Tatamefu II"
"teredo moth","Forward Port Ventilator"
"teredo worm","Forward Port Ventilator"
"Terminus beholder","Regio Urbanissima;Connecting Corridor"
"Terminus bellwether","Thus did the second doom break us.;The Shroud of the Samgha;Purusa;Martial Conditioning"
"Terminus crier","And lo, vile beasts did rise,"
"Terminus detonator","And lo, vile beasts did rise,;Martial Conditioning"
"Terminus drainer","Yet it was neither claw nor flame, but our very sins"
"Terminus Est","Magitek Lift"
"Terminus flesher","It would not, however, prove the last.;Connecting Corridor"
"Terminus howler","It would not, however, prove the last.;The Shroud of the Samgha"
"Terminus lacerator","Yet it was neither claw nor flame, but our very sins;Martial Conditioning"
"Terminus moaner","The Iron Womb"
"Terminus pursuer","And lo, vile beasts did rise,;The Shroud of the Samgha;Ksiroda"
"Terminus reaper","Yet it was neither claw nor flame, but our very sins"
"Terminus roiler","Leaving naught in their wake but blood and ash."
"Terminus shadower","It would not, however, prove the last.;The Shroud of the Samgha"
"Terminus shriver","It would not, however, prove the last.;Regio Domorum;Connecting Corridor;Martial Conditioning"
"Terminus snatcher","The Wakeful Torana;Purusa"
"Terminus sprinter","And lo, vile beasts did rise,;Connecting Corridor;Martial Conditioning"
"Terminus stalker","And lo, vile beasts did rise,;The Shroud of the Samgha;Purusa;The Iron Womb"
"Terminus trampler","Martial Conditioning"
"Terminus twitcher","Yet it was neither claw nor flame, but our very sins;Regio Urbanissima;Connecting Corridor;Martial Conditioning"
"Terminus vanquisher","Yet it was neither claw nor flame, but our very sins"
"Terminus wrecker","The Shroud of the Samgha;Purusa"
"territorial abyss","Ultima Thule"
"territorial aevis","Boulder Downs"
"territorial ahriman","Hammerlea;Horizon's Edge;The Footfalls;Spineless Basin;The Clutch;Black Brush;Drybone;Sandgate;Zanr'ak;Sagolii Desert;Bluefog;Raubahn's Push;Raincatcher Gully;Halfstone;The Standing Corses"
"territorial almasty","Garlemald"
"territorial amphiptere","The Smoldering Wastes;Avalonia Fallen;Landlord Colony;Ohl Tahn;Four Arms;Greensward;Sohm Al Summit"
"territorial antling princess","Hammerlea;Horizon's Edge;The Footfalls;Spineless Basin;The Clutch;Black Brush;Drybone;Sandgate;Zanr'ak;Sagolii Desert;Bluefog;Raubahn's Push"
"territorial antling sentry","Hammerlea;Horizon's Edge;The Footfalls;Spineless Basin;The Clutch;Black Brush;Drybone;Sandgate;Zanr'ak;Sagolii Desert;Bluefog;Raubahn's Push"
"territorial asvattha","Thavnair"
"territorial aurelia","The Gods' Grip"
"territorial axe beak","The Footfalls"
"territorial banemite","Bentbranch;Greentear;Sorrel Haven;The Honey Yard;The Bramble Patch;Larkscall;Upper Paths;Rootslake;Silent Arbor;Proud Creek;Alder Springs"
"territorial baritine croc","Providence Point;Whitebrim"
"territorial belladonna","Mount Yorn;The High Bank"
"territorial berkanan","Labyrinthos"
"territorial bhujamga","Thavnair"
"territorial bi fang","Rasen Kaikyo;Valley of the Fallen Rainbow"
"territorial biast","Boulder Downs"
"territorial bifericeras","The Churning Mists;The Dravanian Hinterlands;The Sea of Clouds"
"territorial bird of Elpis","Philomythes Notos"
"territorial bogy","Raincatcher Gully;Halfstone;The Standing Corses"
"territorial brobinyak","Ultima Thule"
"territorial cactuar","The Burning Wall"
"territorial caribou","Labyrinthos"
"territorial ceruleum zoblyn","Garlemald"
"territorial chamrosh","The Perfumed Rise"
"territorial cobra","Bloodshore;The Bramble Patch;Black Brush;The Long Climb;Boulder Downs"
"territorial cockatrice","Providence Point;Whitebrim"
"territorial coeurl","Skull Valley;Horizon's Edge"
"territorial coeurl pup","Skull Valley;Horizon's Edge"
"territorial condor","Providence Point;Whitebrim"
"territorial cryoconite","Labyrinthos"
"territorial cyclops","Fogfens"
"territorial daphnia","Southern Mare Lamentorum"
"territorial deathgaze","Boulder Downs;Bentbranch"
"territorial devilet","Boulder Downs;Bentbranch"
"territorial diresaur","Landlord Colony;Ohl Tahn;Four Arms;Greensward;Sohm Al Summit"
"territorial djigga","Bentbranch;Greentear;Sorrel Haven;The Honey Yard;The Bramble Patch;Larkscall;Upper Paths;Rootslake;Silent Arbor;Proud Creek;Alder Springs"
"territorial dodo","Providence Point;Whitebrim"
"territorial dragonfly","Boulder Downs"
"territorial drake","Bloodshore;The Bramble Patch"
"territorial dullahan","Nine Ivies"
"territorial Eblan bear","Garlemald"
"territorial echo","The Citia Swamps"
"territorial elder syricta","Landlord Colony;Ohl Tahn;Four Arms;Greensward;Sohm Al Summit"
"territorial floating eye","Fogfens"
"territorial flowertender","The Burning Wall"
"territorial fluturini","Mount Yorn;The High Bank"
"territorial flytrap","Bentbranch;Greentear;Sorrel Haven;The Honey Yard;The Bramble Patch;Larkscall;Upper Paths;Rootslake;Silent Arbor;Proud Creek;Alder Springs"
"territorial frost grenade","Riversmeet;Twinpools;Banepool;Red Rim;The Bed of Bones"
"territorial gaja","Thavnair"
"territorial gallimimus","The Smoldering Wastes;Avalonia Fallen;Landlord Colony;Ohl Tahn;Four Arms;Greensward;Sohm Al Summit"
"territorial gargoyle","Boulder Downs;Bentbranch"
"territorial gazellehawk","Mount Yorn;The High Bank"
"territorial gelato","Twinpools"
"territorial gigantoad","Agelyss River;Zephyr Drift;The Eyes;Cedarwood;The Gods' Grip;Raincatcher Gully;Bloodshore;Quarterstone;Halfstone;The Isles of Umbra;Oakwood;Bronze Lake;The Long Climb;Iron Lake;Bentbranch;Greentear;Sorrel Haven;The Honey Yard;The Bramble Patch;Larkscall;Upper Paths;Rootslake;Silent Arbor;Proud Creek;Alder Springs;North Silvertear"
"territorial Greatwood rail","The Citia Swamps"
"territorial griffin","Sea of Clouds"
"territorial hamsa","Thavnair"
"territorial harpeia","The Gauntlet;Coldwind;The Blue Window;Ok' Vundu Vana;The Cromlech;Last Step;Cloudtop"
"territorial harpuia","Philomythes Notos"
"territorial hippe","Philomythes Notos"
"territorial hornbill","Rasen Kaikyo;Valley of the Fallen Rainbow"
"territorial hound","Broken Water"
"territorial irismoth","Il Mheg"
"territorial jackal","Broken Water"
"territorial jotunn","Garlemald"
"territorial kalong","Agelyss River;Zephyr Drift;The Eyes;Cedarwood;The Gods' Grip;Raincatcher Gully;Bloodshore;Quarterstone;Halfstone;The Isles of Umbra;Oakwood;Bronze Lake;The Long Climb;Iron Lake"
"territorial karakul","Providence Point;Whitebrim"
"territorial ked","Bentbranch;Greentear;Sorrel Haven;The Honey Yard;The Bramble Patch;Larkscall;Upper Paths;Rootslake;Silent Arbor;Proud Creek;Alder Springs"
"territorial korrigan","The Gauntlet;Coldwind;The Blue Window;Ok' Vundu Vana;The Cromlech;Last Step;Cloudtop"
"territorial lemur","Bentbranch;Greentear;Sorrel Haven;The Honey Yard;The Bramble Patch;Larkscall;Upper Paths;Rootslake;Silent Arbor;Proud Creek;Alder Springs"
"territorial lily bulb","Proud Creek"
"territorial limascabra","Labyrinthos"
"territorial lindwurm","Nine Ivies"
"territorial luncheon toad","Labyrinthos"
"territorial mandragora","The Gods' Grip;The Gauntlet;Coldwind;The Blue Window;Ok' Vundu Vana;The Cromlech;Last Step;Cloudtop"
"territorial marmot","Agelyss River;Zephyr Drift;The Eyes;Cedarwood;The Gods' Grip;Raincatcher Gully;Bloodshore;Quarterstone;Halfstone;The Isles of Umbra;Oakwood;Bronze Lake;The Long Climb;Iron Lake"
"territorial megalocrab","The Gods' Grip"
"territorial miacid","The Smoldering Wastes"
"territorial morbol","Bentbranch;Fogfens"
"territorial morbol seedling","Bentbranch;Fogfens"
"territorial morozko","Garlemald"
"territorial muu shuwuu","Rasen Kaikyo;Valley of the Fallen Rainbow"
"territorial mylodon","Riversmeet;Twinpools;Banepool;Red Rim;The Bed of Bones"
"territorial narbrooi","The Dravanian Forelands;The Churning Mists;The Dravanian Hinterlands"
"territorial ochu","Bentbranch;Greentear;Sorrel Haven;The Honey Yard;The Bramble Patch;Larkscall;Upper Paths;Rootslake;Silent Arbor;Proud Creek;Alder Springs"
"territorial other","Ultima Thule"
"territorial ovibos","Garlemald"
"territorial pelican","Bronze Lake"
"territorial pephredo","Labyrinthos"
"territorial phurble","The Burning Wall;Castrum Centri"
"territorial polar bear","Riversmeet;Twinpools;Banepool;Red Rim;The Bed of Bones"
"territorial pudding","Hammerlea;Horizon's Edge;The Footfalls;Spineless Basin;The Clutch;Black Brush;Drybone;Sandgate;Zanr'ak;Sagolii Desert;Bluefog;Raubahn's Push"
"territorial pugil","Agelyss River;Zephyr Drift;The Eyes;Cedarwood;The Gods' Grip;Raincatcher Gully;Bloodshore;Quarterstone;Halfstone;The Isles of Umbra;Oakwood;Bronze Lake;The Long Climb;Iron Lake"
"territorial puk","Bloodshore;The Bramble Patch"
"territorial raptor","Bronze Lake"
"territorial ratel","The Smoldering Wastes"
"territorial regolith","Southern Mare Lamentorum"
"territorial revenant","Hammerlea;Horizon's Edge;The Footfalls;Spineless Basin;The Clutch;Black Brush;Drybone;Sandgate;Zanr'ak;Sagolii Desert;Bluefog;Raubahn's Push;Raincatcher Gully;Halfstone;The Standing Corses"
"territorial rime tursus","Garlemald"
"territorial Ronkan doll","The Citia Swamps"
"territorial Ronkan vessel","The Citia Swamps"
"territorial rose","Garlemald"
"territorial roselet","Bentbranch;Greentear;Sorrel Haven;The Honey Yard;The Bramble Patch;Larkscall;Upper Paths;Rootslake;Silent Arbor;Proud Creek;Alder Springs"
"territorial sabotender","The Burning Wall"
"territorial salamander","Agelyss River;Zephyr Drift;The Eyes;Cedarwood;The Gods' Grip;Raincatcher Gully;Bloodshore;Quarterstone;Halfstone;The Isles of Umbra;Oakwood;Bronze Lake;The Long Climb;Iron Lake;Bentbranch;Greentear;Sorrel Haven;The Honey Yard;The Bramble Patch;Larkscall;Upper Paths;Rootslake;Silent Arbor;Proud Creek;Alder Springs;North Silvertear"
"territorial sandworm","Drybone"
"territorial sanguiptere","The Smoldering Wastes;Avalonia Fallen;Landlord Colony;Ohl Tahn;Four Arms;Greensward;Sohm Al Summit"
"territorial sankchinni","The Dravanian Forelands;The Churning Mists;The Dravanian Hinterlands"
"territorial sea wasp","Middle La Noscea"
"territorial shelled dragon","Ostrakon Deka-okto;Ultima Thule"
"territorial slug","Agelyss River;Zephyr Drift;The Eyes;Cedarwood;The Gods' Grip;Raincatcher Gully;Bloodshore;Quarterstone;Halfstone;The Isles of Umbra;Oakwood;Bronze Lake;The Long Climb;Iron Lake;Bentbranch;Greentear;Sorrel Haven;The Honey Yard;The Bramble Patch;Larkscall;Upper Paths;Rootslake;Silent Arbor;Proud Creek;Alder Springs;North Silvertear"
"territorial snapweed","Labyrinthos"
"territorial snipper","Western La Noscea;Middle La Noscea"
"territorial sprite","Fogfens;North Silvertear"
"territorial stag","Nine Ivies"
"territorial stellar amphiptere","Ultima Thule"
"territorial stellar dragonfly","Ultima Thule"
"territorial stoneshell","Western La Noscea;Agelyss River;Zephyr Drift;The Eyes;Cedarwood;The Gods' Grip;Raincatcher Gully;Bloodshore;Quarterstone;Halfstone;The Isles of Umbra;Oakwood;Bronze Lake;The Long Climb;Iron Lake"
"territorial sun bear","The Smoldering Wastes"
"territorial sweeper","Southern Mare Lamentorum"
"territorial swine","The Citia Swamps"
"territorial syricta","Landlord Colony;Ohl Tahn;Four Arms;Greensward;Sohm Al Summit"
"territorial syrphid cloud","Agelyss River;Zephyr Drift;The Eyes;Cedarwood;The Gods' Grip;Raincatcher Gully;Bloodshore;Quarterstone;Halfstone;The Isles of Umbra;Oakwood;Bronze Lake;The Long Climb;Iron Lake"
"territorial tiger","The Smoldering Wastes"
"territorial trimmer","Southern Mare Lamentorum"
"territorial troll","Labyrinthos"
"territorial uragnite","Agelyss River;Zephyr Drift;The Eyes;Cedarwood;The Gods' Grip;Raincatcher Gully;Bloodshore;Quarterstone;Halfstone;The Isles of Umbra;Oakwood;Bronze Lake;The Long Climb;Iron Lake"
"territorial vodoriga","Black Brush;The Long Climb;Boulder Downs"
"territorial vouivre","The Smoldering Wastes;Avalonia Fallen;Landlord Colony;Ohl Tahn;Four Arms;Greensward;Sohm Al Summit"
"territorial vulture","The Long Climb;Alder Springs;Dragonhead"
"territorial wamouracampa","Bloodshore;Sagolii Desert;North Silvertear"
"territorial wanderer","Southern Mare Lamentorum"
"territorial weeper","Southern Mare Lamentorum"
"territorial wolf","Broken Water"
"territorial yeti","Riversmeet;Twinpools;Banepool;Red Rim;The Bed of Bones"
"territorial yetitrap","Riversmeet;Twinpools;Banepool;Red Rim;The Bed of Bones"
"territorial yggdreant","Philomythes Notos"
"territorial young coeurl","Skull Valley;Horizon's Edge;Fogfens;North Silvertear"
"territorial ziz","The Footfalls"
"territorial zu cockerel","Sagolii Desert;The Honey Yard;Cedarwood"
"territorial zu pullet","Sagolii Desert;The Honey Yard;Cedarwood"
"testy tatsunoko","Sakazuki"
"tetchy tatsunoko","Rasen Kaikyo"
"Thanatos","Hall of the Deviant"
"Thavnairian jhammel","The Perfumed Rise"
"Thavnairian mite","The Gods' Grip"
"Thavnairian miteling","The Gods' Grip"
"Thavnairian tortoise","Saint Mocianne's Arboretum"
"the accused","The Sunken Temple of Qarn"
"the Avatar","Central Bow"
"the Beholder","Riversmeet"
"the Black Rider","Floor 60 (Palace of the Dead)"
"the blood of Meracydia","The Burning Heart"
"the Compound","Bridge"
"the condemned","The Sunken Temple of Qarn"
"the Curator","Reality Augmentation Bay"
"the Defoliator","Flurry"
"the Emperor of Anemos","The Orchard"
"the Everliving Bibliotaph","Rhapsodies Quadrangle"
"the First Beast","Thus did the first doom befall us."
"the Forefather","Blue Sky"
"the Forlorn","The Fringes;The Peaks;The Lochs;The Ruby Sea;The Azim Steppe;Yanxia;Lakeland;Amh Araeng;Kholusia;Il Mheg;The Rak'tika Greatwood;The Tempest;Labyrinthos;Thavnair;Garlemald;Mare Lamentorum;Elpis;Ultima Thule"
"the Garlok","Eastern La Noscea"
"the general's might","Soul of the Creator;Entropy"
"the general's time","Soul of the Creator;Entropy"
"the general's wing","Soul of the Creator;Entropy"
"the Godmother","Floor 90 (Palace of the Dead)"
"the Governor","Warden's Delight"
"the Groveller","Warden's Delight"
"the gust of Meracydia","The Burning Heart"
"the Idol of Darkness","The Halo"
"the Indigo Beast","The Sultana's Lap"
"the Last Yak","Riversmeet"
"the Left Wing of Tragedy","Ceol Aen"
"the Lord of Anemos","The Val River Swale"
"the Mailed Man","Proud Creek"
"the Manipulator","The Burden of the Father"
"the mudman","Il Mheg"
"the Old One","A Door Unopened"
"the Pagan's Knot","Forward Port Ventilator"
"the Pagan's Vine","Forward Port Ventilator"
"the pain of Meracydia","The Burning Heart"
"the Pale Rider","The Dravanian Hinterlands"
"the Queen","Queensheart"
"the Right Wing of Injury","Ceol Aen"
"the Ruby Weapon","Cinder Drift (Zone)"
"the Sapphire Weapon","Terncliff Bay"
"the Scarecrow","The Churning Mists"
"the Scarlet Lector","Eil Tohm"
"the Scarlet Price","The Chancel"
"the scourge of Meracydia","The Right Hand of Bahamut"
"the shadow of Meracydia","The Burning Heart"
"the sin of Meracydia","The Burning Heart"
"the Sophist","Northeastern Ice Needles"
"the Storm","The Hall of the Griffin (Landmark)"
"the storm of Meracydia","The Burning Heart"
"the Swell","The Hall of the Griffin (Landmark)"
"the Thunder God","Realm of the Thunder God"
"the Ultima Weapon","Porta Decumana;Sky Level"
"the Way of the Blade","The Temple of the Fist (Zone)"
"the Way of the Fist","The Temple of the Fist (Zone)"
"the Way of the Lance","The Temple of the Fist (Zone)"
"the Weeping Willow","East Flamerock"
"the White Rider","The Val River Swale"
"Therion","Fading Hearth"
"Thextera","The Dravanian Forelands"
"thickfur doe","Silent Arbor"
"thickset tarichuk","Bowrest"
"thieving Namazu","The Glittering Basin"
"thieving torbalan","The Promenade"
"thievish imp","Chocobo Forest"
"thinker","Northern Mare Lamentorum"
"thirsting rail","Shadow Fault"
"thistle mole","The Central Hills of Amber"
"Thor the Lost","The East Val River Bank"
"thoughtless dragon","Four Arms"
"Thousand-cast Theda","North Shroud"
"thrall to pain","Witchdrop"
"throwing spear","The Rebirth of Bardam the Brave"
"thrustaevis","Camp Dragonhead;Whitebrim"
"Thuban","Landlord Colony;Ohl Tahn"
"thunder dragon","The Hundred Throes"
"thunder spirit","The Thunderyards;Everkeep Ward;Archeo Alexandria"
"thunderball","East Flamerock"
"thunderbolt sprite","Aery Exterior"
"thunderclap guivre","Hall of the Secutores"
"Thunderhooves","The Gods' Grip"
"thunderstorm sprite","Flurry;Southwestern Ice Needles;Northeastern Ice Needles;West Flamerock;East Flamerock;The Cavern of the Second Cant"
"tideborn angel","Southern Entrenchment"
"tigerhawk","The East Val River Bank"
"Tikbalang","Blue Sky"
"timberman","Windspath Gardens"
"time bomb","Second Level"
"time grenade","Sapper Tunnel"
"tiny caterpillar","The Gensui Chain"
"tiny Gajasura","The Shroud of the Samgha"
"tiny mandragora","Summerford;Cedarwood;Middle La Noscea"
"Tioman","Sohm Al"
"tipsy sylph","Nine Ivies"
"tireless tulihand","Eil Tohm"
"Toari alligator","Pyariyoanaan Plain"
"toco toco","The Blue Window"
"t'ohsoq","The Xobr'it Cinderfield"
"t'ohts'on","The Xobr'it Cinderfield"
"Tokkapchi","Kingsloam"
"tolba","The Fields of Amber"
"tomahawk beak","Hammerlea"
"tomatl","The Citia Swamps"
"Tomato King","The Isles of Umbra"
"tomaton","The Glostfired Bank"
"tomeshifter imp","Middle Floors"
"tomewind","Astrology and Astromancy Camera"
"Tonawawtan outlaw","Sheshenewezi Springs"
"tonberry","The Wanderer's Palace"
"tonberry creeper","Bronze Lake"
"tonberry hexer","Bronze Lake"
"tonberry king","The Chantry"
"tonberry slasher","The Chantry"
"tonberry stalker","The Wanderer's Palace"
"tonberry wanderer","Bronze Lake"
"torbalan","Canal Town"
"torchlight","The Flock"
"torrent","The Heart of Water"
"tot aevis","Mithai Glorianda"
"towering oliphant","Gathering Hall"
"toxic battrap","East Shroud"
"Toxic Tamlyn","Upper La Noscea"
"toxic toad","The Unholy Heir"
"Tozol Huatotl","The Vortex"
"tracer antlion","Pike Falls"
"tragopan","The Split Hull"
"trained deathgaze","Witchdrop"
"training automaton","The Fold"
"training incendiary","Outer La Noscea"
"trancetoad","Silent Arbor"
"tranquillityite","Sinus Lacrimarum"
"traveling gourmand","The Val River Swale"
"treant","Snakemolt"
"treant sapling","Treespeak;Jadeite Thick;The Honey Yard;Peacegarden;Greentear"
"treasure coffer","Hullbreaker Isle"
"trenchtooth Sahagin","Sahagin Landbase"
"trilobite","The Norvrandt Slope"
"trimmer","Southern Mare Lamentorum"
"trinity avowed","The Vault of Singing Crystal"
"trinity seeker","The Theater of One"
"Tristitia","The Val River Source"
"Troian bishop","Troia Keep"
"Troian butler","Hydromantic Terraces"
"Troian equerry","Hydromantic Terraces"
"Troian footman","Troia Keep"
"Troian guard","Troia Keep"
"Troian hound","Troia Keep"
"Troian pawn","Carcere IV"
"Troian rider","Troia Keep"
"Troian scavenger","Carcere IV"
"Troian sentry","Carcere IV"
"Troian steward","Hydromantic Terraces"
"Troian trapper","Hydromantic Terraces"
"troll","Mornveil Forest"
"troll ruffian","Mornveil Forest"
"troodon","The Nabaath Mines"
"troveshell of the Red","The Isle of Bekko"
"truculent boar","Sylphlands"
"true griffin","Wightrock"
"true heart","Electrocution Gallery"
"truffle coeurl","The Gods' Grip"
"Truthspeaker Huibairten","The Smoldering Wastes"
"Tryptix Stumblemox","Skull Valley"
"Ttokrrone","Sandnest"
"tulichu","Chabayuqeq"
"tulidile","Solace"
"tumbleclaw","Yawtanane Grasslands"
"tunnel knocker","The Dragging Tail"
"Turali hawksbill","Pyariyoanaan Plain"
"Turali morbol","Miyakabek'zoma"
"Turali netzach","The Glostfired Bank"
"Turali ratel","Chabayuqeq"
"turned Sahagin","The Sultana's Lap"
"tursus","The Stone Vigil (Hard) (Zone)"
"Twintania","The Right Hand of Bahamut"
"ty'aitya","The Ut'ohmu Horizon"
"Tyger","Lakeland"
"typhoon sprite","The Val River Swale;Newvoid;Flurry;Northeastern Ice Needles;Bonfire;West Flamerock;The Cavern of the Second Cant;East Flamerock"
"tyrannosaur tyrant","Eil Tohm"
"Tyrant","Pharos Sirius (Zone)"
"Udumbara","The Fringes"
"ufiti","The Shroud of the Samgha"
"U'Ghamaro golem","U'Ghamaro Mines"
"U'Ghamaro guardian","U'Ghamaro Mines"
"U'Ghamaro patrolman","U'Ghamaro Mines"
"U'Ghamaro quarryman","U'Ghamaro Mines"
"U'Ghamaro roundsman","U'Ghamaro Mines"
"Ulhuadshi","Forgotten Springs"
"Ultima Garuda","Porta Decumana"
"Ultima Ifrit","Porta Decumana"
"Ultima Titan","Porta Decumana"
"unbound persona","Riversmeet"
"Unbound ravager","Gorgagne Holding"
"unbreakable urolith","Sleeping Stones"
"uncommon cactuar","Hammerlea"
"uncontrollable koja","The Swallow's Compass (Landmark)"
"undead gravekeeper","Blue Sky"
"undead serf","Blue Sky"
"undead warden","The Isle of the Dead"
"undead warrior","Blue Sky"
"Underkeep hornfly","Service Route;Sediment Trough"
"Underkeep myrmecoleon","Sediment Trough"
"Undertaker","Drybone"
"undine","Timh Gyeus"
"Unei's clone","Syrcus Tower"
"unfound ogre","The East Val River Bank"
"unholy grimoire","Snowcloak (Landmark);Twinpools"
"unified Ea","Ostrakon Tria"
"Unktehi","Lower La Noscea"
"Unrest","| Duty         ="
"unsightly buffalo","Bloodshore;Raincatcher Gully"
"unspeaking swordsman","The Ogre's Belly"
"unstoppable aevis","Skyfire Locks"
"unstoppable dragonfly","Skyfire Locks"
"unstoppable wyvern","Skyfire Locks"
"u'out","Uyuypoga"
"upland iguana","Scree"
"upland mylodon","Landlord Colony"
"urolith sentinel","Salvation"
"urstrix","High-level Incubation Bay"
"ü-u-ü-u","Labyrinthos"
"Vajrakumara","Thavnair"
"vajralangula","The Perfumed Rise"
"Val antelope","The West Val River Bank"
"Val antlion","Uncanny Valley (Area)"
"Val bear","The Val River Swale"
"Val biast","The Orchard"
"Val biloko","The Val River Swale"
"Val bloodglider","East Flamerock"
"Val chigoe","The Val River Source"
"Val gigantopithecus","East Flamerock"
"Val hornbill","East Flamerock"
"Val icetrap","Flurry"
"Val imp","The Val River Swale"
"Val leshy","The Orchard"
"Val mammoth","Northeastern Ice Needles"
"Val mantis","The Val River Source"
"Val minotaur","East Flamerock"
"Val mole","The East Val River Bank"
"Val nanka","The Val River Source"
"Val Nullchu","The West Val River Bank"
"Val revenant","Heartbreak Holt"
"Val specter","Newvoid"
"Val tulihand","The Val River Source"
"Val wraith","Northeastern Ice Needles"
"Val yeti","Southwestern Ice Needles"
"valar","Pools of Demise"
"Valbol","Heartbreak Holt"
"Vale banemite","The Aurum Vale"
"Vale bat","The Aurum Vale"
"Vale diremite","The Aurum Vale"
"Vale wasp","The Aurum Vale"
"valefor","Pools of Folly;Walk of Lament"
"Valia Pira","Chamber of Patience"
"Valiant","IC-01 Control"
"Valin","The Shroud of the Samgha"
"Valking","Southwestern Ice Needles"
"valras","The Perfumed Rise"
"vampire bat","The Exarch Gate;The Bridges;The Forest of the Lost Shepherd;Fort Jobb"
"vampire cup","Lake Tusi Mek'ta"
"vampire vine","The Citia Swamps"
"vanara","Rhotano Sea;The Glittering Basin"
"vangob scrap","Life Support"
"vanguard prototype","Raubahn's Push"
"Vapula","The Northern Plateau"
"Varis yae Galvus","Transmission Control;Transmission Control (Zone)"
"vassago","Walk of Fire"
"vawtsaral br'aax","The Ut'ohmu Horizon"
"veiled gigaworm","The Blacklands"
"Velodyna ant","Virdjala"
"Velodyna pugil","The Striped Hills"
"Velodyna sarcosuchus","The Striped Hills"
"Velodyna toad","The Wishbone"
"velveteen ant","Saint Mocianne's Arboretum"
"Venat's phantom","Elpis"
"vengeful archaeornis","Red Rim"
"vengeful wadjet","Twinpools"
"vengeful wyvern","Twinpools"
"vepar","Loch Seld"
"Vergilia van Corculum","Magna Glacies"
"Veri Selen","Twinpools"
"vesper bat","Heartbreak Holt"
"vicegerent to the Warden","The Sunken Temple of Qarn (Hard) (Zone)"
"vicegerent's head","The Sunken Temple of Qarn (Hard) (Zone)"
"vicegerent's left hand","The Sunken Temple of Qarn (Hard) (Zone)"
"vicegerent's right hand","The Sunken Temple of Qarn (Hard) (Zone)"
"Vigil heir","The Stone Vigil (Hard)"
"Vigilia","Southern Entrenchment"
"vindthurs","Coerthas Western Highlands"
"vinegaroon","Mourn"
"vinegaroon ambusher","Zenith"
"vinegaroon executioner","The Southern Plateau"
"violent gomphotherium","Everkeep Ward"
"violet back","Runstop Frontblock;Mudstop Watergush"
"violet bombfish","Shisui Temple"
"violet coralshell","Sogyoku Piscary"
"violet shark","Shisui Temple"
"violet tatsunoko","Shisui Temple"
"violet triffid","The Forest of the Lost Shepherd"
"virago","Drybone;North Silvertear"
"Vishap","Steps of Faith"
"visitant arch demon","The Eblan Rime"
"visitant Arioch","Restricted Access"
"visitant blackguard","The Eblan Rime;Via Varis;Cardo VI"
"visitant bloodguard","Tyrannis"
"visitant dahak","The Eblan Rime"
"visitant gnat","the Eblan Rime"
"visitant hellhound","Dock I"
"visitant jester","Restricted Access"
"visitant longfingers","Transeptimum;Cardo VI"
"visitant monk","Fons Manalis"
"visitant ogre","The Eblan Rime"
"visitant persona","The Eblan Rime;Transeptimum;Cardo VI"
"visitant satana","Fons Manalis"
"visitant succubus","Dock I"
"visitant taurus","The Eblan Rime;Lar;Transeptimum"
"visitant trapper","the Eblan Rime;North Eblan Timberland"
"visitant troubadour","Dock I"
"visitant vodoriga","Vicus Messorum;Via Varis"
"visitant voidskipper","The Eblan Rime"
"vivid gastornis","The West Val River Bank"
"Viy","Old Bozja"
"Vochstein","The Peaks"
"vodoriga biblioclast","School of Fantastics"
"vodoriga cur","Nine Ivies;Rootslake"
"vodoriga sleeper","Second Floor (Amdapor Keep)"
"vodoriga slicer","Amdapor Keep (Hard) (Zone)"
"vodoriga usher","Greenwood Altar (Hard)"
"Vodyanoi","The Unholy Heir"
"Vogaal Ja","Middle La Noscea"
"void crack","The Orchard"
"void dross","Thal's Respite"
"void echo","Urth's Gift"
"void fire","Control Gates"
"void garm","The Orchard"
"void herald","Thal's Respite"
"void hound","Lower La Noscea"
"void jumper","Drybone;The Gods' Grip;Bluefog"
"void lantern","Nald's Reflection"
"void mine","Bloodshore;Raincatcher Gully;Rootslake;Drybone;Broken Water"
"void slave","Highbridge;Bluefog"
"void soulcounter","The Tam-Tara Deepcroft"
"void spark","Newvoid"
"void syrup","Amdapor Keep (Hard) (Zone)"
"void trumpeter","Nald's Reflection"
"void tyrant","Urth's Gift"
"void vouivre","The West Val River Bank"
"void warrior","Moondrip"
"void wyvern","The East Val River Bank"
"voidcluster","The Eblan Rime"
"voidcrystal","The Eblan Rime"
"voidgate","Nald's Reflection"
"voidscale","Newvoid"
"voidsent discarnate","Camp Bronze Lake"
"voidskipper","Northeastern Ice Needles"
"voidsphere","Rhapsodies Quadrangle"
"Voidwalker","The Halo"
"volatile cerule bomb","Maw of Sansheya"
"volcanic ridgetrap","Larh Tortoh"
"volcanic scorpion","Matchlock Menagerie"
"Voll the Sharkskinned","Halfstone"
"Voluptuous Vivian","Fogfens"
"Volxia of the Blade","Moonspore Grove"
"voracious maw","The Lost City of Amdapor (Zone)"
"Vortexer","Machinery Bay 70;The Burden of the Son"
"votive candle","Coerthas Central Highlands"
"vuk'gaii Vundu","Ok' Vundu Vana;Ok' Vundu Mok"
"vuk'laii Gundu","The Sea of Clouds;Vundu Ok' Bendu"
"vuk'noii Gundu","Cloudtop"
"vuk'poii totem","The Gauntlet;Coldwind;The Blue Window;Ok' Vundu Vana;The Cromlech;Last Step;Cloudtop"
"vuk'poii Vundu","The Gauntlet;Coldwind;The Blue Window;Ok' Vundu Vana;The Cromlech;Last Step;Cloudtop"
"Vulpangue","Il Mheg"
"Vundu totem","The Cromlech"
"Vuokho","Outer La Noscea"
"vyraal","Snowcloak (Landmark)"
"wailing almasty","Cerulea Ingens"
"wailing yeti","Riversmeet"
"Wakizashi the Hunterling","Valley of the Fallen Rainbow"
"walking sapling","Flurry"
"walking tree","Windspath Gardens"
"wall crawler","The Sunken Temple of Qarn"
"wall of Bardam","The Dusk Trial"
"wamoura","The Lost City of Amdapor (Zone)"
"wamouracampa","The Lost City of Amdapor (Zone)"
"wanderer","The Searing Brand"
"wandering ceratoraptor","Pyariyoanaan Plain"
"wandering coyote","The Fields of Amber;Mount Biran Mines"
"wandering death machine","Regio Urbanissima"
"wandering eye","Hammerlea"
"wandering gritclaw","Pyariyoanaan Plain"
"wandering hydrozoan","The Caliban Gorge"
"wandering knocker","Nuvy's Leavings"
"wandering pisaca","The Perfumed Rise"
"wandering soul","Raincatcher Gully;Dragonhead"
"wandering starmite","The Perfumed Rise"
"wandering wisp","Bentbranch;Raincatcher Gully;Dragonhead;Whitebrim"
"wandering yeheheceyaa","Yawtanane Grasslands"
"Wandil","Snowcloak (Zone)"
"wanted goblin","Silent Arbor"
"warden's hound","The Isle of the Dead"
"warden's whip","The Thousand Maws of Toto-Rak"
"warg betrayer","The Stay"
"warm grenade","Iron Lake"
"warmonger","Garlemald"
"warmspring gasame","The Anemone Gardens"
"warped flesh","Pestilent Sands"
"Warren Warden","Quarterstone"
"warrior of Bardam","The Rebirth of Bardam the Brave"
"warspite","The Flagship"
"warthog","The Gensui Chain"
"Wasserspeier","Southwestern Ice Needles"
"watch wyvern","The Stone Vigil (Hard) (Zone)"
"water arcanum","The Answering Quarter"
"water familiar","Southwestern Ice Needles"
"water homunculus","Pools of Folly"
"water serpent","The Glittering Basin"
"water spirit","Canal Town"
"water sprite","Greentear;Jadeite Thick;Three-malm Bend;Upper Paths;Silent Arbor;Bronze Lake;Halfstone;Urth's Fount (Landmark);The Sea of Clouds;The Dravanian Forelands;The Dravanian Hinterlands;The Anemone Gardens;The Gensui Chain;The Sea of Blades;Canal Town;Nine Ivies;The Bramble Patch;Everschade;Rootslake;The Weeping Saint;Bentbranch"
"waterspout","Machinery Bay 70;The Burden of the Son"
"Waugyl","Monsterie"
"wave spume","The Whorleater"
"wavespine Sahagin","The Whorleater"
"wavetooth Sahagin","The Whorleater"
"weapons node","Core Override"
"webmaiden","The Queen's Room"
"weeper","The Chlorophosgrot"
"Weight of the World","Electrocution Gallery"
"well armadillo","The Jasper Walls"
"well huldu","The Jade Paths"
"well lizard","The Jasper Walls"
"well phoebad","The Jade Paths"
"Wellwick worm","Sagolii Desert"
"werewood","Voeburtenburg"
"wet rat","Empty Heart"
"wetland warg","The Forest of the Lost Shepherd"
"whale oil","Astrology and Astromancy Camera"
"wharf rat","Moraby Bay;Zephyr Drift;Summerford;The Grey Fleet"
"whelk ballista","Sahagin Landbase"
"Whilom grizzly","The Hundred Throes"
"whiptail","The Bright Cliff"
"whirling gaol","Saint Guenriol's Chapel"
"whispering wind sprite","Avalonia Fallen"
"white baboon","The Dairyu Chain"
"white bavarois","The Final Ease"
"white bear","Snowcloak (Zone)"
"white death","Dragonhead"
"white flame","The Audience Chamber"
"white gremlin","Northern Staging Point"
"White Joker","Central Shroud"
"white knight","The Vault (Zone)"
"white magestone","The Lost City of Amdapor (Zone)"
"Whitespark Hepugg Roh","Zahar'ak"
"wicked jester","Amdapor Keep (Hard) (Zone)"
"widowmaker","The Dewspun Bank"
"wild baboulas","The Orchard"
"wild bhujamga","The Shroud of the Samgha"
"wild boar","The Bramble Patch"
"wild chamrosh","The Perfumed Rise"
"wild chocobo","Chocobo Forest"
"wild dhara","Maw of Sansheya"
"wild dodo","Moraby Bay;Cedarwood;The Flock;The Gods' Grip"
"wild flying popoto","Yawtanane Grasslands"
"wild hog","Urth's Gift"
"wild hoglet","The Honey Yard;East Shroud"
"wild jackal","The Flock;The Gods' Grip;Quarterstone;Three-malm Bend;Alder Springs;Larkscall"
"wild morbol","Fogfens"
"wild morbol seedling","Fogfens"
"wild ram","Moraby Bay"
"wild saiga","Regio Domorum"
"wild swallow","The Norvrandt Slope"
"wild swine","The Citia Swamps"
"wilde wildebeest","The Makers' Quarter"
"wildfire sprite","Zanr'ak"
"will-o'-the-wisp","Bloodshore;Snakemolt"
"wind arcanum","The Answering Quarter"
"wind familiar","Southwestern Ice Needles"
"wind homunculus","Pools of Folly"
"wind spirit","The Knowable"
"wind sprite","Cedarwood;Bloodshore;The Honey Yard;Nine Ivies;Larkscall;Upper Paths;Dragonhead;The Sea of Clouds;The Churning Mists;The Glittering Basin;The Sea of Blades;Old Bozja;Southern Entrenchment;The Alermuc Climb;Windspath Gardens"
"Window wamoura","The Blue Window"
"wine back","The Clutch;Raincatcher Gully"
"wine crate","Raincatcher Gully"
"wingrat","Nine Ivies"
"winter nix","Whitebrim;North Silvertear"
"witchweed","Good Jenanna's Grace"
"withered belladonna","Telmatology (Hard);Silvology (Hard)"
"withered kaluk","The Study (Hard)"
"withered melia","Saint Mocianne's Arboretum"
"wivre","The Ja Tiika Heartland"
"wivre fodder","The Wanderer's Palace (Hard)"
"woad back","The Clutch;Raincatcher Gully"
"woken biast","Hammerlea"
"woken drake","Hammerlea"
"woken zonure","Mortal Irons"
"wolf poacher","Nine Ivies"
"wolverine","The Forest of the Lost Shepherd"
"wood eyes","Shadow Fault"
"wood golem","The Last Forest"
"wood raider","The K'mul Astropolis"
"woodbat","The Great Pyramid of Ux'ner"
"woodsman","Uyuypoga"
"woolback","Archeo Alexandria"
"wooly mossling","East End"
"wooly woodchuck","Heartbreak Holt"
"wooly yak","Twinpools;Quill's Trace"
"Woolywart Kupqu Kogi","Thornmarch"
"worker hawk","Saint Mocianne's Arboretum"
"Worm of the Well","Amh Araeng"
"worm stalker","The Blacklands"
"Wormwix Scribbletalk","Empty Heart"
"Worqor snowarbler","Ruin's Wrath"
"Worr the Whalefin","Sapsa Spawning Grounds"
"wounded aurochs","The Cookpot"
"wrathful gaja","Saltwind's Welcome"
"wrathful ogre","Whitebrim"
"wrecked sentry S5","The Thunderyards"
"writhing statue","Haukke Manor (Hard) (Zone)"
"wroth ghost","Freight Car"
"wrothful drake","The Rookery"
"wrothful golem","The Rookery"
"wrothful melia","The Rookery"
"Wulgaru","East Shroud"
"wyrmhound","Mudstop Watergush;Snowcloak (Landmark)"
"wyvern","Snowcloak (Landmark);Dragonhead;Hall of the Bestiarii"
"Xelphatol bravewing","Tapaxoli;The First Mountain"
"Xelphatol fatecaller","Tapaxoli"
"Xelphatol fogcaller","The First Mountain"
"Xelphatol skycaller","The First Mountain"
"Xelphatol strongbeak","Tapaxoli;The First Mountain"
"Xelphatol swiftbeak","Tapaxoli;The First Mountain"
"Xelphatol watchwolf","The First Mountain"
"Xelphatol whirltalon","Tapaxoli"
"Xelphatol windtalon","Tapaxoli;The First Mountain"
"Xexeu","Last Step"
"xurble","Heartbreak Holt"
"xzomit","The West Val River Bank"
"yabby","Loch Seld"
"Yafaemi spider","Peat Bogs;The Outer Circuit"
"Yak T'el squib","The Xobr'it Cinderfield"
"yakow","The Medial Circuit (Area)"
"yama-no-shiki","The Wreath of Snakes (Zone)"
"Yanxian tiger","The Gensui Chain"
"Yaquaru","Floor 70 (Palace of the Dead)"
"yarzon biter","The Gods' Grip"
"yarzon feeder","Hammerlea;Summerford;The Tam-Tara Deepcroft"
"yarzon lurker","Quarterstone;Hammerlea;Western Thanalan"
"ya-te-veo","Weathering;The Forest of the Lost Shepherd"
"yeheheceyaa","Eshceyaani Wilds"
"yellow bavarois","The Final Ease"
"yellow laver","Bronze Lake"
"yggdreant","Philomythes Notos"
"Yilan","Thavnair"
"yol","The Voiceless Muse"
"Yorn pig","Advanced Clevering"
"Yotoli Hueloc the Austere","Dragonhead"
"young anole","Naked Rock"
"young antelope stag","Nine Ivies"
"young coeurl","The Floating City of Nym"
"young vajralangula","The Perfumed Rise"
"young woolback","Archeo Alexandria"
"Yowie","Chocobo Forest"
"Yoyoroon Softhands","Lower La Noscea"
"Yumcax","Elpis"
"yumemi","The Anemone Gardens"
"Yxtlilton","The K'mul Astropolis (Echo)"
"Yyenisheyni bat","East Yyasulani;Earthen Sky"
"Zadnor beetle","The Southern Plateau"
"Zadnor cliffmole","The Southern Plateau"
"Zadnor crawler","The Western Plateau"
"Zadnor dhalmel","The Southern Plateau"
"Zadnor dullahan","The Southern Plateau"
"Zadnor gaur","The Southern Plateau"
"Zadnor wamouracampa","The Northern Plateau"
"Zadnor yamaa","The Northern Plateau"
"Zadnor ziz","The Southern Plateau"
"Zaghnal","Riversmeet"
"Zahar'ak archer","Zahar'ak"
"Zahar'ak fortune-teller","Zahar'ak"
"Zahar'ak thaumaturge","Zahar'ak"
"Zanig'oh","Southern Thanalan"
"Zanr'ak pugilist","Zanr'ak"
"zebu","East Flamerock"
"Zell the Adamantine","South Tidegate"
"Zenos's avatar","Beyond the Stars"
"Zezeroon Stickyfingers","Nine Ivies"
"Zipacna","Blue Sky"
"ziz gorlin","Nine Ivies"
"zombie barber","Pharos Sirius (Zone)"
"zombie sailor","Pharos Sirius (Zone)"
"zombie storm private","Pharos Sirius (Zone)"
"zombie storm sergeant","Pharos Sirius (Zone)"
"zombie war hound","Pharos Sirius (Zone)"
"Zona Seeker","Western Thanalan"
"Zoredonite","Bronze Lake"
"Zot armored fiend","Aetherial Manipulation (Area)"
"Zot armored weapon","Fervor Enhancement"
"Zot death claw","Inculcation Channel"
"Zot gunship","Fervor Enhancement"
"Zot hypertuned","Inculcation Channel"
"Zot predator","Fervor Enhancement"
"Zot roader","Fervor Enhancement"
"Zot sky armor","Aetherial Manipulation (Area)"
"Zot umbril","Inculcation Channel"
"zu","Pharos Sirius (Zone)"
"zu cockerel","Pharos Sirius (Zone)"
"zu egg","Pharos Sirius (Zone)"
"zu nestling","The East Val River Bank"
"zu pullet","Pharos Sirius (Zone)"
"zuiko-maru","Keisen Garden"
"zuniceratops","Newvoid"
"Zuro Roggo","The Manifest"
"Zurvan","Containment Bay Z1T9 (Zone)"
"zuzeca","Hullbreaker Isle"
