BaseId,TerritoryId,NameId,Label,SourceModule
884,159,1547,Boss,RealmReborn/Dungeon/D15WanderersPalace
931,159,0,Tonberry,RealmReborn/Dungeon/D15WanderersPalace
1052,159,1548,Boss,RealmReborn/Dungeon/D15WanderersPalace
1053,159,1549,Boss,RealmReborn/Dungeon/D15WanderersPalace
1054,159,0,WhiteBavarois,RealmReborn/Dungeon/D15WanderersPalace
1055,159,0,GreenBavarois,RealmReborn/Dungeon/D15WanderersPalace
1057,159,0,PurpleBavarois,RealmReborn/Dungeon/D15WanderersPalace
1058,159,0,BlueBavarois,RealmReborn/Dungeon/D15WanderersPalace
2261,159,0,TonberrySlasher,RealmReborn/Dungeon/D15WanderersPalace
643,167,1694,Boss,RealmReborn/Dungeon/D16Amdapor
1484,167,1696,Boss,RealmReborn/Dungeon/D16Amdapor
1485,167,0,DarkHelot,RealmReborn/Dungeon/D16Amdapor
1486,167,0,DarkNova,RealmReborn/Dungeon/D16Amdapor
1488,167,0,BossP2,RealmReborn/Dungeon/D16Amdapor
1489,167,1689,BossP1,RealmReborn/Dungeon/D16Amdapor
1490,167,0,StoneMarionette,RealmReborn/Dungeon/D16Amdapor
1491,167,0,MarbleMarionette,RealmReborn/Dungeon/D16Amdapor
1492,167,0,MegalithMarionette,RealmReborn/Dungeon/D16Amdapor
2347,174,706,Boss,RealmReborn/Alliance/A11BoneDragon
2349,174,0,Platinal,RealmReborn/Alliance/A11BoneDragon
2350,174,710,Boss,RealmReborn/Alliance/A13Thanatos
2352,174,0,Nemesis,RealmReborn/Alliance/A13Thanatos
2354,174,727,Boss,RealmReborn/Alliance/A15KingBehemoth
2356,174,0,Puroboros,RealmReborn/Alliance/A15KingBehemoth
2357,174,0,IronGiant,RealmReborn/Alliance/A15KingBehemoth
2358,174,0,Comet,RealmReborn/Alliance/A15KingBehemoth
2360,174,732,Boss,RealmReborn/Alliance/A16Phlegethon
2362,174,0,IronClaws,RealmReborn/Alliance/A16Phlegethon
2403,174,1872,Boss,RealmReborn/Alliance/A12Atomos
2404,174,0,Valefor,RealmReborn/Alliance/A12Atomos
2405,174,0,GreaterDemon,RealmReborn/Alliance/A12Atomos
2406,174,0,Dira,RealmReborn/Alliance/A12Atomos
2407,174,1873,Boss,RealmReborn/Alliance/A14AllaganBomb
2408,174,0,AllaganBalloon,RealmReborn/Alliance/A14AllaganBomb
2409,174,0,AllaganNapalm,RealmReborn/Alliance/A14AllaganBomb
2410,174,0,Vassago,RealmReborn/Alliance/A14AllaganBomb
2434,174,0,RottingEye,RealmReborn/Alliance/A11BoneDragon
2435,174,0,Sandman,RealmReborn/Alliance/A13Thanatos
2436,174,0,IronGiant,RealmReborn/Alliance/A16Phlegethon
3426,189,3274,Boss,RealmReborn/Dungeon/D31AmdaporKeepHard
3428,189,0,Luminescence,RealmReborn/Dungeon/D31AmdaporKeepHard
2007,241,1466,Boss,RealmReborn/Raid/T01Caduceus
2008,241,0,DarkMatterSlime,RealmReborn/Raid/T01Caduceus
2183,241,1459,Boss,RealmReborn/Raid/T01Caduceus
2184,241,0,PatrolNode,RealmReborn/Raid/T01Caduceus
2185,241,0,AttackNode,RealmReborn/Raid/T01Caduceus
2186,241,0,DefenseNode,RealmReborn/Raid/T01Caduceus
2009,242,1459,ADS,RealmReborn/Raid/T02MultiADS
2010,242,1468,QuarantineNode,RealmReborn/Raid/T02MultiADS
2011,242,1469,AttackNode,RealmReborn/Raid/T02MultiADS
2012,242,1470,SanitaryNode,RealmReborn/Raid/T02MultiADS
2013,242,1471,MonitoringNode,RealmReborn/Raid/T02MultiADS
2014,242,1472,DefenseNode,RealmReborn/Raid/T02MultiADS
2015,242,1473,DisposalNode,RealmReborn/Raid/T02MultiADS
434,244,0,DriveCylinder,RealmReborn/Raid/T04Gauntlet
2016,244,0,ClockworkBug,RealmReborn/Raid/T04Gauntlet
2017,244,0,ClockworkSoldier,RealmReborn/Raid/T04Gauntlet
2018,244,0,ClockworkKnight,RealmReborn/Raid/T04Gauntlet
2019,244,0,SpinnerRook,RealmReborn/Raid/T04Gauntlet
2020,244,0,ClockworkDreadnaught,RealmReborn/Raid/T04Gauntlet
2282,244,0,ClockworkBugP1,RealmReborn/Raid/T04Gauntlet
2021,245,1482,Boss,RealmReborn/Raid/T05Twintania
2022,245,0,Neurolink,RealmReborn/Raid/T05Twintania
2023,245,0,ScourgeOfMeracydia,RealmReborn/Raid/T05Twintania
2024,245,0,Hygieia,RealmReborn/Raid/T05Twintania
2025,245,0,Asclepius,RealmReborn/Raid/T05Twintania
2026,245,0,Dreadknight,RealmReborn/Raid/T05Twintania
2034,245,0,Conflagration,RealmReborn/Raid/T05Twintania
2035,245,0,Oviform,RealmReborn/Raid/T05Twintania
2663,281,2505,Boss,RealmReborn/Trial/T09WhorleaterH
2691,281,0,DangerousSahagins,RealmReborn/Trial/T09WhorleaterH
2692,281,0,Sahagin,RealmReborn/Trial/T09WhorleaterH
2693,281,0,Spume,RealmReborn/Trial/T09WhorleaterH
2694,281,0,Tail,RealmReborn/Trial/T09WhorleaterH
2948,281,0,ElementalConverter,RealmReborn/Trial/T09WhorleaterH
209,292,1185,Boss,RealmReborn/Trial/T05IfritH
210,292,0,InfernalNail,RealmReborn/Trial/T05IfritH
247,293,1801,Boss,RealmReborn/Trial/T07TitanH
1443,293,0,BombBoulder,RealmReborn/Trial/T07TitanH
1505,293,0,GraniteGaol,RealmReborn/Trial/T07TitanH
1508,293,0,TitansHeart,RealmReborn/Trial/T07TitanH
240,294,0,Monolith,RealmReborn/Trial/T06GarudaH
241,294,0,RazorPlume,RealmReborn/Trial/T06GarudaH
242,294,1644,Boss,RealmReborn/Trial/T06GarudaH
1535,294,0,SatinPlume,RealmReborn/Trial/T06GarudaH
1566,294,0,Chirada,RealmReborn/Trial/T06GarudaH
1567,294,0,Suparna,RealmReborn/Trial/T06GarudaH
1571,294,0,Whirlwind,RealmReborn/Trial/T06GarudaH
1572,294,0,EyeOfTheStorm,RealmReborn/Trial/T06GarudaH
211,295,1185,Boss,RealmReborn/Extreme/Ex4Ifrit
212,295,0,InfernalNailSmall,RealmReborn/Extreme/Ex4Ifrit
2331,295,0,InfernalNailLarge,RealmReborn/Extreme/Ex4Ifrit
248,296,1801,Boss,RealmReborn/Extreme/Ex3Titan
1504,296,0,BombBoulder,RealmReborn/Extreme/Ex3Titan
1506,296,0,GraniteGaol,RealmReborn/Extreme/Ex3Titan
1509,296,0,TitansHeart,RealmReborn/Extreme/Ex3Titan
2290,296,0,GraniteGaoler,RealmReborn/Extreme/Ex3Titan
243,297,0,Monolith,RealmReborn/Extreme/Ex2Garuda
244,297,0,RazorPlume,RealmReborn/Extreme/Ex2Garuda
245,297,1644,Boss,RealmReborn/Extreme/Ex2Garuda
1536,297,0,SpinyPlume,RealmReborn/Extreme/Ex2Garuda
1537,297,0,SatinPlume,RealmReborn/Extreme/Ex2Garuda
1568,297,0,Chirada,RealmReborn/Extreme/Ex2Garuda
1569,297,0,Suparna,RealmReborn/Extreme/Ex2Garuda
1573,297,0,Whirlwind,RealmReborn/Extreme/Ex2Garuda
1574,297,0,EyeOfTheStorm,RealmReborn/Extreme/Ex2Garuda
2319,348,2137,Boss,RealmReborn/Extreme/Ex1Ultima
2320,348,0,UltimaIfrit,RealmReborn/Extreme/Ex1Ultima
2321,348,0,UltimaTitan,RealmReborn/Extreme/Ex1Ultima
2322,348,0,UltimaGaruda,RealmReborn/Extreme/Ex1Ultima
2323,348,0,Aetheroplasm,RealmReborn/Extreme/Ex1Ultima
2324,348,0,Ultimaplasm,RealmReborn/Extreme/Ex1Ultima
2325,348,0,MagitekBit,RealmReborn/Extreme/Ex1Ultima
5476,540,541,Boss,RealmReborn/Novice
5489,545,4784,Boss,RealmReborn/Novice
5492,545,0,N12Gladiator,RealmReborn/Novice
5498,547,4784,Boss,RealmReborn/Novice
5521,552,4787,Boss,RealmReborn/Novice
5778,561,4986,Boss,Heavensward/DeepDungeon/PalaceOfTheDead
5791,562,4999,Boss,Heavensward/DeepDungeon/PalaceOfTheDead
5987,562,0,PalaceHornet,Heavensward/DeepDungeon/PalaceOfTheDead
5804,563,5012,Boss,Heavensward/DeepDungeon/PalaceOfTheDead
5817,564,5025,Boss,Heavensward/DeepDungeon/PalaceOfTheDead
5988,564,0,NightmareBhoot,Heavensward/DeepDungeon/PalaceOfTheDead
5830,565,5038,Boss,Heavensward/DeepDungeon/PalaceOfTheDead
5864,565,0,GargoyleSteward,Heavensward/DeepDungeon/PalaceOfTheDead
5865,565,0,DemonButler,Heavensward/DeepDungeon/PalaceOfTheDead
6164,593,5309,Boss,Heavensward/DeepDungeon/PalaceOfTheDead
6374,593,0,VoidsentDiscarnate,Heavensward/DeepDungeon/PalaceOfTheDead
6165,594,5321,Boss,Heavensward/DeepDungeon/PalaceOfTheDead
6166,595,5333,Boss,Heavensward/DeepDungeon/PalaceOfTheDead
6384,595,0,Tornado,Heavensward/DeepDungeon/PalaceOfTheDead
6167,596,5345,Boss,Heavensward/DeepDungeon/PalaceOfTheDead
6376,596,0,GreyBomb,Heavensward/DeepDungeon/PalaceOfTheDead
6377,596,0,LavaBomb,Heavensward/DeepDungeon/PalaceOfTheDead
6378,596,0,GiddyBomb,Heavensward/DeepDungeon/PalaceOfTheDead
6152,597,5356,Boss,Heavensward/DeepDungeon/PalaceOfTheDead
6153,597,0,GiantCorse,Heavensward/DeepDungeon/PalaceOfTheDead
6154,597,0,BicephalicCorse,Heavensward/DeepDungeon/PalaceOfTheDead
6155,597,0,IronCorse,Heavensward/DeepDungeon/PalaceOfTheDead
6168,598,5371,Boss,Heavensward/DeepDungeon/PalaceOfTheDead
6169,599,5384,Boss,Heavensward/DeepDungeon/PalaceOfTheDead
6405,599,0,DeepPalaceHornet,Heavensward/DeepDungeon/PalaceOfTheDead
6170,600,5397,Boss,Heavensward/DeepDungeon/PalaceOfTheDead
6171,601,5410,Boss,Heavensward/DeepDungeon/PalaceOfTheDead
6406,601,0,DeepPalaceFollower,Heavensward/DeepDungeon/PalaceOfTheDead
6172,602,5424,Boss,Heavensward/DeepDungeon/PalaceOfTheDead
6379,602,0,FanaticGargoyle,Heavensward/DeepDungeon/PalaceOfTheDead
6380,602,0,FanaticVodoriga,Heavensward/DeepDungeon/PalaceOfTheDead
6381,602,0,FanaticZombie,Heavensward/DeepDungeon/PalaceOfTheDead
6382,602,0,FanaticSuccubus,Heavensward/DeepDungeon/PalaceOfTheDead
6173,603,5438,Boss,Heavensward/DeepDungeon/PalaceOfTheDead
6383,603,0,VoidsentDiscarnate,Heavensward/DeepDungeon/PalaceOfTheDead
6174,604,5449,Boss,Heavensward/DeepDungeon/PalaceOfTheDead
6175,605,5461,Boss,Heavensward/DeepDungeon/PalaceOfTheDead
6384,605,0,TornadoVoidZones,Heavensward/DeepDungeon/PalaceOfTheDead
6176,606,5471,Boss,Heavensward/DeepDungeon/PalaceOfTheDead
6385,606,0,RemedyBomb,Heavensward/DeepDungeon/PalaceOfTheDead
6386,606,0,LavaBomb,Heavensward/DeepDungeon/PalaceOfTheDead
6387,606,0,GiddyBomb,Heavensward/DeepDungeon/PalaceOfTheDead
7700,693,5633,Boss,Stormblood/Raid/O3NHalicarnassus
7701,693,0,SoulReaper,Stormblood/Raid/O3NHalicarnassus
7702,693,0,GreatDragon,Stormblood/Raid/O3NHalicarnassus
6358,706,0,AldisSwordOfNald,Stormblood/Quest
6993,706,6311,Boss,Stormblood/Quest
6994,706,0,TaintedWindSprite,Stormblood/Quest
7871,712,0,BonusAddAbharamu,Stormblood/TreasureHunt/TheLostCanalsOfUznair
7950,712,0,BossAdd1,Stormblood/TreasureHunt/TheLostCanalsOfUznair
7951,712,0,BossAdd2,Stormblood/TreasureHunt/TheLostCanalsOfUznair
7957,712,6650,Boss,Stormblood/TreasureHunt/TheLostCanalsOfUznair
6358,722,0,FallenKuribu,Stormblood/Quest
7343,722,6345,Boss,Stormblood/Quest
7348,722,0,ShadowSprite,Stormblood/Quest
8159,733,0,Twintania,Stormblood/Ultimate/UCOB
8160,733,0,Oviform,Stormblood/Ultimate/UCOB
8161,733,0,NaelDeusDarnus,Stormblood/Ultimate/UCOB
8162,733,0,NaelGeminus,Stormblood/Ultimate/UCOB
8163,733,0,Firehorn,Stormblood/Ultimate/UCOB
8164,733,0,Iceclaw,Stormblood/Ultimate/UCOB
8165,733,0,Thunderwing,Stormblood/Ultimate/UCOB
8166,733,0,TailOfDarkness,Stormblood/Ultimate/UCOB
8167,733,0,FangOfLight,Stormblood/Ultimate/UCOB
8168,733,0,BahamutPrime,Stormblood/Ultimate/UCOB
8169,733,0,Phoenix,Stormblood/Ultimate/UCOB
8489,761,7221,Boss,Stormblood/Trial
8490,761,0,Garula,Stormblood/Trial
8491,761,0,SteppeSheep,Stormblood/Trial
8492,761,0,SteppeYamaa,Stormblood/Trial
8493,761,0,SteppeYamaa1,Stormblood/Trial
8494,761,0,SteppeCoeurl,Stormblood/Trial
9152,761,0,WyvernsTail,Stormblood/Trial
8495,762,7221,Boss,Stormblood/Extreme
8496,762,0,Garula,Stormblood/Extreme
8497,762,0,SteppeSheep,Stormblood/Extreme
8498,762,0,SteppeYamaa,Stormblood/Extreme
8499,762,0,SteppeYamaa1,Stormblood/Extreme
8500,762,0,SteppeCoeurl,Stormblood/Extreme
9177,762,0,WyvernsTail,Stormblood/Extreme
9185,770,7480,Boss,Stormblood/DeepDungeon/HeavenOnHigh
9191,771,7481,Boss,Stormblood/DeepDungeon/HeavenOnHigh
9192,771,0,ChokeshinAdds,Stormblood/DeepDungeon/HeavenOnHigh
8785,772,7482,Boss,Stormblood/DeepDungeon/HeavenOnHigh
8786,772,0,RaiunClouds,Stormblood/DeepDungeon/HeavenOnHigh
9193,773,7485,Boss,Stormblood/DeepDungeon/HeavenOnHigh
9194,773,0,Gloom,Stormblood/DeepDungeon/HeavenOnHigh
9195,774,7489,Boss,Stormblood/DeepDungeon/HeavenOnHigh
8865,775,0,Onra,Stormblood/DeepDungeon/HeavenOnHigh
9199,775,7582,Boss,Stormblood/DeepDungeon/HeavenOnHigh
9235,775,0,SandSphere,Stormblood/DeepDungeon/HeavenOnHigh
8722,777,0,Garuda,Stormblood/Ultimate/UWU
8723,777,0,GarudaSister,Stormblood/Ultimate/UWU
8724,777,0,RazorPlume,Stormblood/Ultimate/UWU
8725,777,0,SatinPlume,Stormblood/Ultimate/UWU
8726,777,0,SpinyPlume,Stormblood/Ultimate/UWU
8727,777,0,Titan,Stormblood/Ultimate/UWU
8728,777,0,BombBoulder,Stormblood/Ultimate/UWU
8729,777,0,GraniteGaol,Stormblood/Ultimate/UWU
8730,777,0,Ifrit,Stormblood/Ultimate/UWU
8731,777,0,InfernalNail,Stormblood/Ultimate/UWU
8732,777,0,Lahabrea,Stormblood/Ultimate/UWU
8733,777,0,MagitekBit,Stormblood/Ultimate/UWU
8734,777,0,UltimaWeapon,Stormblood/Ultimate/UWU
8735,777,0,Aetheroplasm,Stormblood/Ultimate/UWU
8736,777,0,Ultimaplasm,Stormblood/Ultimate/UWU
9186,782,7483,Boss,Stormblood/DeepDungeon/HeavenOnHigh
9187,782,0,Whirlwind,Stormblood/DeepDungeon/HeavenOnHigh
9188,783,7487,Boss,Stormblood/DeepDungeon/HeavenOnHigh
9189,783,0,AccursedCane,Stormblood/DeepDungeon/HeavenOnHigh
9196,784,7490,Boss,Stormblood/DeepDungeon/HeavenOnHigh
9197,784,0,IceBoulder,Stormblood/DeepDungeon/HeavenOnHigh
9198,784,0,IcePillar,Stormblood/DeepDungeon/HeavenOnHigh
9722,791,7906,Boss,Global/PVP/HiddenGorge
9523,794,7585,Boss,Stormblood/TreasureHunt/TheShiftingAltarsOfUznair
9524,794,7586,Boss,Stormblood/TreasureHunt/TheShiftingAltarsOfUznair
9525,794,7587,Boss,Stormblood/TreasureHunt/TheShiftingAltarsOfUznair
9526,794,7588,Boss,Stormblood/TreasureHunt/TheShiftingAltarsOfUznair
9527,794,7589,Boss,Stormblood/TreasureHunt/TheShiftingAltarsOfUznair
9528,794,7590,Boss,Stormblood/TreasureHunt/TheShiftingAltarsOfUznair
9529,794,7591,Boss,Stormblood/TreasureHunt/TheShiftingAltarsOfUznair
9530,794,7627,Boss,Stormblood/TreasureHunt/TheShiftingAltarsOfUznair
9531,794,7623,Boss,Stormblood/TreasureHunt/TheShiftingAltarsOfUznair
9533,794,7595,Boss,Stormblood/TreasureHunt/TheShiftingAltarsOfUznair
9534,794,0,Featherofthewinged,Stormblood/TreasureHunt/TheShiftingAltarsOfUznair
9535,794,7597,Boss,Stormblood/TreasureHunt/TheShiftingAltarsOfUznair
9536,794,0,BossAdd2,Stormblood/TreasureHunt/TheShiftingAltarsOfUznair
9537,794,7599,Boss,Stormblood/TreasureHunt/TheShiftingAltarsOfUznair
9538,794,7600,Boss,Stormblood/TreasureHunt/TheShiftingAltarsOfUznair
9539,794,7601,Boss,Stormblood/TreasureHunt/TheShiftingAltarsOfUznair
9540,794,0,BonusAddGoldWhisker,Stormblood/TreasureHunt/TheShiftingAltarsOfUznair
9541,794,0,BonusAddAltarMatanga,Stormblood/TreasureHunt/TheShiftingAltarsOfUznair
9542,794,0,AltarOnion,Stormblood/TreasureHunt/TheShiftingAltarsOfUznair
9543,794,0,AltarEgg,Stormblood/TreasureHunt/TheShiftingAltarsOfUznair
9544,794,0,AltarGarlic,Stormblood/TreasureHunt/TheShiftingAltarsOfUznair
9545,794,0,AltarTomato,Stormblood/TreasureHunt/TheShiftingAltarsOfUznair
9546,794,0,AltarQueen,Stormblood/TreasureHunt/TheShiftingAltarsOfUznair
9563,794,0,Hydrosphere,Stormblood/TreasureHunt/TheShiftingAltarsOfUznair
9564,794,0,BossAdd,Stormblood/TreasureHunt/TheShiftingAltarsOfUznair
9566,794,0,BossAdd,Stormblood/TreasureHunt/TheShiftingAltarsOfUznair
9571,794,0,BossAdd,Stormblood/TreasureHunt/TheShiftingAltarsOfUznair
9574,794,0,BossAdd,Stormblood/TreasureHunt/TheShiftingAltarsOfUznair
9575,794,0,BossAdd,Stormblood/TreasureHunt/TheShiftingAltarsOfUznair
9577,794,0,BossAdd,Stormblood/TreasureHunt/TheShiftingAltarsOfUznair
9578,794,0,BossAdd,Stormblood/TreasureHunt/TheShiftingAltarsOfUznair
9583,794,0,BossAdd,Stormblood/TreasureHunt/TheShiftingAltarsOfUznair
9586,794,0,BossAdd,Stormblood/TreasureHunt/TheShiftingAltarsOfUznair
9587,794,0,BossAdd3,Stormblood/TreasureHunt/TheShiftingAltarsOfUznair
9588,794,0,BossAdd4,Stormblood/TreasureHunt/TheShiftingAltarsOfUznair
1010,821,8141,Boss,Shadowbringers/Dungeon/D02DohnMheg
3860,821,8146,Boss,Shadowbringers/Dungeon/D02DohnMheg
3939,821,0,LiarsLyre,Shadowbringers/Dungeon/D02DohnMheg
10186,822,8260,Boss,Shadowbringers/Dungeon/D05MtGulg
10188,822,8261,Boss,Shadowbringers/Dungeon/D05MtGulg
10189,822,0,Brightsphere,Shadowbringers/Dungeon/D05MtGulg
10190,822,8262,Boss,Shadowbringers/Dungeon/D05MtGulg
10191,822,0,BossClones,Shadowbringers/Dungeon/D05MtGulg
10192,822,0,Orbs,Shadowbringers/Dungeon/D05MtGulg
10159,823,8231,Boss,Shadowbringers/Dungeon/D03QitanaRavel
10160,823,8232,Boss,Shadowbringers/Dungeon/D03QitanaRavel
10161,823,8233,Boss,Shadowbringers/Dungeon/D03QitanaRavel
10460,823,0,RonkanIdol,Shadowbringers/Dungeon/D03QitanaRavel
10461,823,0,RonkanVessel,Shadowbringers/Dungeon/D03QitanaRavel
10467,823,0,RonkanThorn,Shadowbringers/Dungeon/D03QitanaRavel
10816,823,8639,Boss,Shadowbringers/Dungeon/D03QitanaRavel
9692,827,7976,Boss,Stormblood/Foray/BaldesionArsenal
9693,827,0,RelativeVirtue,Stormblood/Foray/BaldesionArsenal
9694,827,0,AernsWynav,Stormblood/Foray/BaldesionArsenal
9695,827,0,BrightAurora,Stormblood/Foray/BaldesionArsenal
9696,827,0,DarkAurora,Stormblood/Foray/BaldesionArsenal
9704,827,7981,Boss,Stormblood/Foray/BaldesionArsenal
9705,827,0,Shadow,Stormblood/Foray/BaldesionArsenal
9706,827,0,Ozmasphere,Stormblood/Foray/BaldesionArsenal
9707,827,0,ArsenalUrolith,Stormblood/Foray/BaldesionArsenal
9733,827,7973,Boss,Stormblood/Foray/BaldesionArsenal
9734,827,0,BallLightning,Stormblood/Foray/BaldesionArsenal
9735,827,0,StreakLightning,Stormblood/Foray/BaldesionArsenal
9818,827,7968,Boss,Stormblood/Foray/BaldesionArsenal
9819,827,0,Orlasrach,Stormblood/Foray/BaldesionArsenal
9821,827,7970,Boss,Stormblood/Foray/BaldesionArsenal
9822,827,0,Munderg,Stormblood/Foray/BaldesionArsenal
10085,827,7965,Boss,Stormblood/Foray/NM
10086,827,0,LifelessSlave1,Stormblood/Foray/NM
10087,827,0,FaithlessGuard,Stormblood/Foray/NM
10116,827,0,LifelessSlave3,Stormblood/Foray/NM
10117,827,0,LifelessSlave2,Stormblood/Foray/NM
9849,836,8252,Boss,Shadowbringers/Dungeon/D04MalikahsWell
9850,836,8250,Boss,Shadowbringers/Dungeon/D04MalikahsWell
9851,836,8249,Boss,Shadowbringers/Dungeon/D04MalikahsWell
9852,836,0,RhapsodicNail,Shadowbringers/Dungeon/D04MalikahsWell
9854,836,0,MorningStar,Shadowbringers/Dungeon/D04MalikahsWell
9859,836,0,PackArmadillo,Shadowbringers/Dungeon/D04MalikahsWell
10122,837,8299,Boss,Shadowbringers/Dungeon/D01Holminster
10123,837,8300,Boss,Shadowbringers/Dungeon/D01Holminster
10124,837,8301,Boss,Shadowbringers/Dungeon/D01Holminster
10389,837,0,IronChain,Shadowbringers/Dungeon/D01Holminster
10390,837,0,Orbs,Shadowbringers/Dungeon/D01Holminster
6358,838,0,FallingTower,Shadowbringers/Dungeon/D06Amaurot
10166,838,8201,Boss,Shadowbringers/Dungeon/D06Amaurot
10168,838,8202,Boss,Shadowbringers/Dungeon/D06Amaurot
10169,838,0,TerminusFlesher,Shadowbringers/Dungeon/D06Amaurot
10170,838,0,TerminusDetonator,Shadowbringers/Dungeon/D06Amaurot
10171,838,0,TerminusRoiler,Shadowbringers/Dungeon/D06Amaurot
10172,838,0,TerminusShriver,Shadowbringers/Dungeon/D06Amaurot
10173,838,0,TerminusCrier,Shadowbringers/Dungeon/D06Amaurot
10174,838,0,TerminusBeholder,Shadowbringers/Dungeon/D06Amaurot
10177,838,8210,Boss,Shadowbringers/Dungeon/D06Amaurot
10179,838,0,TheFaceOfTheBeast,Shadowbringers/Dungeon/D06Amaurot
10361,838,0,TerminusSprinter,Shadowbringers/Dungeon/D06Amaurot
10716,838,0,FallenStar,Shadowbringers/Dungeon/D06Amaurot
10757,879,0,BonusAddKeeperOfKeys,Shadowbringers/TreasureHunt/TheDungeonsOfLyheGhiah
10758,879,0,DungeonOnion,Shadowbringers/TreasureHunt/TheDungeonsOfLyheGhiah
10759,879,0,DungeonEgg,Shadowbringers/TreasureHunt/TheDungeonsOfLyheGhiah
10760,879,0,DungeonGarlic,Shadowbringers/TreasureHunt/TheDungeonsOfLyheGhiah
10761,879,0,DungeonTomato,Shadowbringers/TreasureHunt/TheDungeonsOfLyheGhiah
10762,879,0,DungeonQueen,Shadowbringers/TreasureHunt/TheDungeonsOfLyheGhiah
11173,879,8953,Boss,Shadowbringers/TreasureHunt/TheDungeonsOfLyheGhiah
11174,879,0,BossAdd,Shadowbringers/TreasureHunt/TheDungeonsOfLyheGhiah
9559,882,9147,Boss,Shadowbringers/Alliance/A14Engels
11271,882,0,ReverseJointedGoliath,Shadowbringers/Alliance/A14Engels
11272,882,0,SmallBiped,Shadowbringers/Alliance/A14Engels
11273,882,0,MarxL,Shadowbringers/Alliance/A14Engels
11274,882,0,MarxR,Shadowbringers/Alliance/A14Engels
11275,882,0,Marx1,Shadowbringers/Alliance/A14Engels
11276,882,0,Marx2,Shadowbringers/Alliance/A14Engels
11307,882,9143,Boss,Shadowbringers/Alliance/A12Hobbes
11308,882,0,RobotArm,Shadowbringers/Alliance/A12Hobbes
11361,882,9141,Boss,Shadowbringers/Alliance/A11SerialJointedCommandModel
11362,882,0,SmallExploder,Shadowbringers/Alliance/A12Hobbes
11363,882,0,Turret1,Shadowbringers/Alliance/A11SerialJointedCommandModel
11365,882,0,Turret2,Shadowbringers/Alliance/A11SerialJointedCommandModel
11366,882,0,O2P,Shadowbringers/Alliance/A15WalkingFortress
11379,882,0,AutoPart,Shadowbringers/Alliance/A12Hobbes
11380,882,9153,Boss,Shadowbringers/Alliance/A15WalkingFortress
11381,882,0,FlightUnit,Shadowbringers/Alliance/A15WalkingFortress
11382,882,0,SerialJointedServiceModel,Shadowbringers/Alliance/A15WalkingFortress
11383,882,0,GoliathTank,Shadowbringers/Alliance/A15WalkingFortress
11384,882,0,MarxCrane,Shadowbringers/Alliance/A15WalkingFortress
11390,882,9138,Boss,Shadowbringers/Alliance/A13GoliathTank
11391,882,0,MediumExploder,Shadowbringers/Alliance/A13GoliathTank
11392,882,0,FlightUnit,Shadowbringers/Alliance/A13GoliathTank
11268,884,9044,Boss,Shadowbringers/Dungeon/D09GrandCosmos
11269,884,0,LoversRing,Shadowbringers/Dungeon/D09GrandCosmos
11270,884,0,EnslavedLove,Shadowbringers/Dungeon/D09GrandCosmos
11283,884,9046,Boss,Shadowbringers/Dungeon/D09GrandCosmos
11290,884,9041,Boss,Shadowbringers/Dungeon/D09GrandCosmos
11291,884,0,MagickedBroom,Shadowbringers/Dungeon/D09GrandCosmos
6358,887,0,Alexander,Shadowbringers/Ultimate/TEA
11335,887,0,BossP1,Shadowbringers/Ultimate/TEA
11336,887,0,LiquidHand,Shadowbringers/Ultimate/TEA
11337,887,0,LiquidRage,Shadowbringers/Ultimate/TEA
11338,887,0,JagdDoll,Shadowbringers/Ultimate/TEA
11339,887,0,Embolus,Shadowbringers/Ultimate/TEA
11340,887,0,BruteJustice,Shadowbringers/Ultimate/TEA
11341,887,0,SteamChakram,Shadowbringers/Ultimate/TEA
11342,887,0,CruiseChaser,Shadowbringers/Ultimate/TEA
11343,887,0,PlasmaShield,Shadowbringers/Ultimate/TEA
11344,887,0,Plasmasphere,Shadowbringers/Ultimate/TEA
11345,887,0,Shanoa,Shadowbringers/Ultimate/TEA
11346,887,0,TrueHeart,Shadowbringers/Ultimate/TEA
11347,887,0,AlexanderPrime,Shadowbringers/Ultimate/TEA
11348,887,0,JudgmentCrystal,Shadowbringers/Ultimate/TEA
11349,887,0,PerfectAlexander,Shadowbringers/Ultimate/TEA
11350,887,0,FateProjection,Shadowbringers/Ultimate/TEA
11393,887,0,GelidGaol,Shadowbringers/Ultimate/TEA
11421,887,0,CruiseChaserCutscene,Shadowbringers/Ultimate/TEA
11422,887,0,AlexanderPrimeCutscene,Shadowbringers/Ultimate/TEA
11423,887,0,PerfectAlexanderCutscene,Shadowbringers/Ultimate/TEA
11481,898,9261,Boss,Shadowbringers/Dungeon/D10AnamnesisAnyder
11482,898,0,Unknown,Shadowbringers/Dungeon/D10AnamnesisAnyder
11483,898,0,SinisterBubble,Shadowbringers/Dungeon/D10AnamnesisAnyder
11518,898,9263,Boss,Shadowbringers/Dungeon/D10AnamnesisAnyder
11519,898,9264,Boss,Shadowbringers/Dungeon/D10AnamnesisAnyder
11520,898,0,DepthGrip,Shadowbringers/Dungeon/D10AnamnesisAnyder
11521,898,0,QueensHarpooner,Shadowbringers/Dungeon/D10AnamnesisAnyder
11756,916,9505,Boss,Shadowbringers/Dungeon/D11HeroesGauntlet
11757,916,0,Shadow,Shadowbringers/Dungeon/D11HeroesGauntlet
11761,916,9508,Boss,Shadowbringers/Dungeon/D11HeroesGauntlet
11762,916,0,Necrobomb1,Shadowbringers/Dungeon/D11HeroesGauntlet
11763,916,0,Necrobomb2,Shadowbringers/Dungeon/D11HeroesGauntlet
11764,916,0,Necrobomb3,Shadowbringers/Dungeon/D11HeroesGauntlet
11765,916,0,Necrobomb4,Shadowbringers/Dungeon/D11HeroesGauntlet
11766,916,0,Necrobomb5,Shadowbringers/Dungeon/D11HeroesGauntlet
11767,916,0,Necrobomb6,Shadowbringers/Dungeon/D11HeroesGauntlet
11768,916,0,Necrobomb7,Shadowbringers/Dungeon/D11HeroesGauntlet
11769,916,0,Necrobomb8,Shadowbringers/Dungeon/D11HeroesGauntlet
11889,916,0,ChickenKnife,Shadowbringers/Dungeon/D11HeroesGauntlet
12029,916,9511,Boss,Shadowbringers/Dungeon/D11HeroesGauntlet
12030,916,0,Rubble,Shadowbringers/Dungeon/D11HeroesGauntlet
11792,917,9364,Alpha,Shadowbringers/Alliance/A23SuperiorFlightUnit
11793,917,0,Beta,Shadowbringers/Alliance/A23SuperiorFlightUnit
11794,917,0,Chi,Shadowbringers/Alliance/A23SuperiorFlightUnit
11882,917,9650,Boss,Shadowbringers/Alliance/A24HeavyArtilleryUnit
11884,917,0,Energy,Shadowbringers/Alliance/A24HeavyArtilleryUnit
11885,917,0,Pod,Shadowbringers/Alliance/A24HeavyArtilleryUnit
11938,917,9642,Boss,Shadowbringers/Alliance/A21AegisUnit
11972,917,9646,Boss,Shadowbringers/Alliance/A25Compound2P
11973,917,0,ThePuppets1,Shadowbringers/Alliance/A25Compound2P
11974,917,0,BossP2,Shadowbringers/Alliance/A25Compound2P
11975,917,0,Puppet2P,Shadowbringers/Alliance/A25Compound2P
11976,917,0,CompoundPod,Shadowbringers/Alliance/A25Compound2P
11979,917,0,FlightUnit,Shadowbringers/Alliance/A21AegisUnit
12004,917,9652,Boss,Shadowbringers/Alliance/A22Adds
12005,917,0,YorhaCloseCombatUnitSpear,Shadowbringers/Alliance/A22Adds
12006,917,0,YorhaCloseCombatUnitMartial,Shadowbringers/Alliance/A22Adds
12007,917,0,YorhaCloseCombatUnitBlade,Shadowbringers/Alliance/A22Adds
12196,917,0,ThePuppets2,Shadowbringers/Alliance/A25Compound2P
12197,917,0,ThePuppets3,Shadowbringers/Alliance/A25Compound2P
11687,920,9400,Boss,Shadowbringers/Foray/CriticalEngagement
11688,920,0,TamedCarrionCrow,Shadowbringers/Foray/CriticalEngagement
11689,920,0,Beastmaster,Shadowbringers/Foray/CriticalEngagement
11690,920,0,Whirlwind,Shadowbringers/Foray/CriticalEngagement
11701,920,9424,Boss,Shadowbringers/Foray/CriticalEngagement
11702,920,0,MagitekBit,Shadowbringers/Foray/CriticalEngagement
11705,920,0,Monoceros,Shadowbringers/Foray/CriticalEngagement
11706,920,0,LlofiiTheForthright,Shadowbringers/Foray/CriticalEngagement
11707,920,9405,Boss,Shadowbringers/Foray/CriticalEngagement
11708,920,0,GraspingRancor,Shadowbringers/Foray/CriticalEngagement
11709,920,9396,Boss,Shadowbringers/Foray/CriticalEngagement
11723,920,9427,Boss,Shadowbringers/Foray/CriticalEngagement
11724,920,0,BestialCorpse,Shadowbringers/Foray/CriticalEngagement
11777,920,9442,Boss,Shadowbringers/Foray/CLL
11778,920,0,TorridOrb,Shadowbringers/Foray/CLL
11780,920,0,AqueousOrb,Shadowbringers/Foray/CLL
11782,920,0,VorticalOrb,Shadowbringers/Foray/CLL
11784,920,0,ElectricCharge,Shadowbringers/Foray/CLL
11785,920,0,Twister,Shadowbringers/Foray/CLL
11790,920,0,ArcaneSphere,Shadowbringers/Foray/CLL
11796,920,9417,Boss,Shadowbringers/Foray/CriticalEngagement
11823,920,9391,Boss,Shadowbringers/Foray/CriticalEngagement
11824,920,0,RottenMandragora,Shadowbringers/Foray/CriticalEngagement
11825,920,0,Pheromones,Shadowbringers/Foray/CriticalEngagement
11878,920,9394,Boss,Shadowbringers/Foray/CriticalEngagement
11879,920,0,Hellsfire,Shadowbringers/Foray/CriticalEngagement
11880,920,9407,Boss,Shadowbringers/Foray/CriticalEngagement
11917,920,9409,Boss,Shadowbringers/Foray/Duel/Duel2Lyon
11919,920,0,VermillionFlame,Shadowbringers/Foray/Duel/Duel2Lyon
11980,920,9436,Boss,Shadowbringers/Foray/CLL
11981,920,0,Lightsphere,Shadowbringers/Foray/CLL
11982,920,0,Shadowsphere,Shadowbringers/Foray/CLL
11986,920,0,O,Shadowbringers/Foray/CLL
11987,920,0,O4ThLegionHelldiver2,Shadowbringers/Foray/CLL
11988,920,0,O4ThLegionHelldiver1,Shadowbringers/Foray/CLL
11989,920,0,O4ThLegionHelldiver3,Shadowbringers/Foray/CLL
11990,920,0,Brionac,Shadowbringers/Foray/CLL
11993,920,9441,Boss,Shadowbringers/Foray/CLL
11997,920,0,O4ThLegionDuplicarius,Shadowbringers/Foray/CLL
11998,920,0,O4ThLegionPredator,Shadowbringers/Foray/CLL
11999,920,0,O4ThLegionArmoredWeapon,Shadowbringers/Foray/CLL
12001,920,0,O4ThLegionReaper,Shadowbringers/Foray/CLL
12002,920,0,O4ThLegionDuplicarius,Shadowbringers/Foray/CLL
12003,920,0,O4ThLegionColossus,Shadowbringers/Foray/CLL
12008,920,0,Deathwall,Shadowbringers/Foray/CriticalEngagement
12015,920,0,O4ThLegionLaquearius,Shadowbringers/Foray/CLL
12016,920,0,O4ThLegionEques,Shadowbringers/Foray/CLL
12034,920,0,MagitekBartizan,Shadowbringers/Foray/CriticalEngagement
12038,920,9433,Boss,Shadowbringers/Foray/CLL
12039,920,0,AlbeleosCanisDirus,Shadowbringers/Foray/CLL
12041,920,0,AlbeleosMonstrosity,Shadowbringers/Foray/CLL
12042,920,0,AlbeleosHrodvitnir,Shadowbringers/Foray/CLL
12110,920,0,O4ThLegionSkyArmor,Shadowbringers/Foray/CLL
12120,920,0,MagitekBit,Shadowbringers/Foray/CriticalEngagement
12170,920,0,O4ThLegionDuplicarius1,Shadowbringers/Foray/CLL
12171,920,0,O4ThLegionExecutioner,Shadowbringers/Foray/CLL
12172,920,0,O4ThLegionHexadrone,Shadowbringers/Foray/CLL
12186,920,0,MagitekCore,Shadowbringers/Foray/CLL
12234,920,0,O4ThLegionScorpion,Shadowbringers/Foray/CLL
12293,920,0,O4ThLegionHelldiver,Shadowbringers/Foray/CLL
12298,920,0,OLacusLitoreDuplicarius,Shadowbringers/Foray/CLL
12303,924,9788,Boss,Shadowbringers/TreasureHunt/TheShiftingOubliettesOfLyheGhiah
12304,924,0,BossAdd,Shadowbringers/TreasureHunt/TheShiftingOubliettesOfLyheGhiah
12305,924,9790,Boss,Shadowbringers/TreasureHunt/TheShiftingOubliettesOfLyheGhiah
12306,924,0,Bubble,Shadowbringers/TreasureHunt/TheShiftingOubliettesOfLyheGhiah
12307,924,0,BossAdd,Shadowbringers/TreasureHunt/TheShiftingOubliettesOfLyheGhiah
12308,924,9795,Boss,Shadowbringers/TreasureHunt/TheShiftingOubliettesOfLyheGhiah
12309,924,0,MagickedBroom5,Shadowbringers/TreasureHunt/TheShiftingOubliettesOfLyheGhiah
12310,924,9793,Boss,Shadowbringers/TreasureHunt/TheShiftingOubliettesOfLyheGhiah
12311,924,0,Thunderhead,Shadowbringers/TreasureHunt/TheShiftingOubliettesOfLyheGhiah
12312,924,9797,Boss,Shadowbringers/TreasureHunt/TheShiftingOubliettesOfLyheGhiah
12313,924,0,BossAdd,Shadowbringers/TreasureHunt/TheShiftingOubliettesOfLyheGhiah
12316,924,0,BossAdd,Shadowbringers/TreasureHunt/TheShiftingOubliettesOfLyheGhiah
12317,924,0,SecretOnion,Shadowbringers/TreasureHunt/TheShiftingOubliettesOfLyheGhiah
12318,924,0,SecretEgg,Shadowbringers/TreasureHunt/TheShiftingOubliettesOfLyheGhiah
12319,924,0,SecretGarlic,Shadowbringers/TreasureHunt/TheShiftingOubliettesOfLyheGhiah
12320,924,0,SecretTomato,Shadowbringers/TreasureHunt/TheShiftingOubliettesOfLyheGhiah
12321,924,0,SecretQueen,Shadowbringers/TreasureHunt/TheShiftingOubliettesOfLyheGhiah
12322,924,9806,Boss,Shadowbringers/TreasureHunt/TheShiftingOubliettesOfLyheGhiah
12323,924,9807,Boss,Shadowbringers/TreasureHunt/TheShiftingOubliettesOfLyheGhiah
12325,924,9776,Boss,Shadowbringers/TreasureHunt/TheShiftingOubliettesOfLyheGhiah
12326,924,0,BossAdd,Shadowbringers/TreasureHunt/TheShiftingOubliettesOfLyheGhiah
12327,924,9778,Boss,Shadowbringers/TreasureHunt/TheShiftingOubliettesOfLyheGhiah
12328,924,0,BossAdd,Shadowbringers/TreasureHunt/TheShiftingOubliettesOfLyheGhiah
12329,924,9780,Boss,Shadowbringers/TreasureHunt/TheShiftingOubliettesOfLyheGhiah
12330,924,0,Bubble,Shadowbringers/TreasureHunt/TheShiftingOubliettesOfLyheGhiah
12331,924,9782,Boss,Shadowbringers/TreasureHunt/TheShiftingOubliettesOfLyheGhiah
12332,924,0,BossAdd,Shadowbringers/TreasureHunt/TheShiftingOubliettesOfLyheGhiah
12333,924,9784,Boss,Shadowbringers/TreasureHunt/TheShiftingOubliettesOfLyheGhiah
12334,924,0,BossAdd,Shadowbringers/TreasureHunt/TheShiftingOubliettesOfLyheGhiah
12335,924,9786,Boss,Shadowbringers/TreasureHunt/TheShiftingOubliettesOfLyheGhiah
12339,924,0,BonusAddFuathTrickster,Shadowbringers/TreasureHunt/TheShiftingOubliettesOfLyheGhiah
12340,924,0,BonusAddKeeperOfKeys,Shadowbringers/TreasureHunt/TheShiftingOubliettesOfLyheGhiah
12364,924,0,PixieDouble,Shadowbringers/TreasureHunt/TheShiftingOubliettesOfLyheGhiah
12365,924,0,PixieDouble2,Shadowbringers/TreasureHunt/TheShiftingOubliettesOfLyheGhiah
12528,924,0,MagickedBroom6,Shadowbringers/TreasureHunt/TheShiftingOubliettesOfLyheGhiah
12529,924,0,MagickedBroom4,Shadowbringers/TreasureHunt/TheShiftingOubliettesOfLyheGhiah
12530,924,0,MagickedBroom2,Shadowbringers/TreasureHunt/TheShiftingOubliettesOfLyheGhiah
12531,924,0,MagickedBroom1,Shadowbringers/TreasureHunt/TheShiftingOubliettesOfLyheGhiah
12532,924,0,MagickedBroom3,Shadowbringers/TreasureHunt/TheShiftingOubliettesOfLyheGhiah
12297,933,0,MudBubble2,Shadowbringers/Dungeon/D12MatoyasRelict
12299,933,9741,Boss,Shadowbringers/Dungeon/D12MatoyasRelict
12300,933,9735,Boss,Shadowbringers/Dungeon/D12MatoyasRelict
12301,933,0,MudmansDouble,Shadowbringers/Dungeon/D12MatoyasRelict
12302,933,0,MudBubble1,Shadowbringers/Dungeon/D12MatoyasRelict
12370,933,0,AeolianCaveSprite,Shadowbringers/Dungeon/D12MatoyasRelict
12415,933,9738,Boss,Shadowbringers/Dungeon/D12MatoyasRelict
12416,933,0,UnfinishedNixie,Shadowbringers/Dungeon/D12MatoyasRelict
12417,933,0,Icicle,Shadowbringers/Dungeon/D12MatoyasRelict
6358,937,0,HiddenTrap,Shadowbringers/Foray/DelubrumReginae/DRS2StygimolochWarrior
12208,937,0,BallLightning,Shadowbringers/Foray/DelubrumReginae/DRS8Queen
12456,937,9751,Boss,Shadowbringers/Foray/DelubrumReginae/DRS3Dahu
12457,937,0,Marchosias,Shadowbringers/Foray/DelubrumReginae/DRS3Dahu
12458,937,0,CrownedMarchosias,Shadowbringers/Foray/DelubrumReginae/DRS3Dahu
12459,937,9754,Boss,Shadowbringers/Foray/DelubrumReginae/DRS2StygimolochWarrior
12462,937,9755,Boss,Shadowbringers/Foray/DelubrumReginae/DRS5Phantom
12464,937,0,BloodyWraith,Shadowbringers/Foray/DelubrumReginae/DRS5Phantom
12465,937,0,MistyWraith,Shadowbringers/Foray/DelubrumReginae/DRS5Phantom
12466,937,9759,Boss,Shadowbringers/Foray/DelubrumReginae/DRS7StygimolochLord
12467,937,0,StygimolochMonk,Shadowbringers/Foray/DelubrumReginae/DRS7StygimolochLord
12468,937,0,BallOfFire,Shadowbringers/Foray/DelubrumReginae/DRS7StygimolochLord
12470,937,0,BallOfEarth,Shadowbringers/Foray/DelubrumReginae/DRS7StygimolochLord
12483,937,9838,Knight,Shadowbringers/Foray/DelubrumReginae/DRS4QueensGuard
12484,937,0,AetherialWard,Shadowbringers/Foray/DelubrumReginae/DRS4QueensGuard
12485,937,0,AetherialSphere,Shadowbringers/Foray/DelubrumReginae/DRS4QueensGuard
12486,937,0,SpiritualSphere,Shadowbringers/Foray/DelubrumReginae/DRS4QueensGuard
12487,937,0,Warrior,Shadowbringers/Foray/DelubrumReginae/DRS4QueensGuard
12488,937,0,AetherialBolt,Shadowbringers/Foray/DelubrumReginae/DRS4QueensGuard
12489,937,0,AetherialBurst,Shadowbringers/Foray/DelubrumReginae/DRS4QueensGuard
12490,937,0,AuraSphere,Shadowbringers/Foray/DelubrumReginae/DRS4QueensGuard
12491,937,0,Soldier,Shadowbringers/Foray/DelubrumReginae/DRS4QueensGuard
12492,937,0,SoldierAvatar,Shadowbringers/Foray/DelubrumReginae/DRS4QueensGuard
12493,937,0,RagingFlame,Shadowbringers/Foray/DelubrumReginae/DRS4QueensGuard
12494,937,0,ImmolatingFlame,Shadowbringers/Foray/DelubrumReginae/DRS4QueensGuard
12495,937,0,Gunner,Shadowbringers/Foray/DelubrumReginae/DRS4QueensGuard
12496,937,0,AutomaticTurret,Shadowbringers/Foray/DelubrumReginae/DRS4QueensGuard
12497,937,0,GunTurret,Shadowbringers/Foray/DelubrumReginae/DRS4QueensGuard
12508,937,9853,Boss,Shadowbringers/Foray/DelubrumReginae/DRS6TrinityAvowed
12509,937,0,SparkArrow,Shadowbringers/Foray/DelubrumReginae/DRS6TrinityAvowed
12510,937,0,FlameArrow,Shadowbringers/Foray/DelubrumReginae/DRS6TrinityAvowed
12511,937,0,FrostArrow,Shadowbringers/Foray/DelubrumReginae/DRS6TrinityAvowed
12512,937,0,GlacierArrow,Shadowbringers/Foray/DelubrumReginae/DRS6TrinityAvowed
12513,937,0,SwirlingOrb,Shadowbringers/Foray/DelubrumReginae/DRS6TrinityAvowed
12514,937,0,TempestuousOrb,Shadowbringers/Foray/DelubrumReginae/DRS6TrinityAvowed
12515,937,0,BlazingOrb,Shadowbringers/Foray/DelubrumReginae/DRS6TrinityAvowed
12516,937,0,RoaringOrb,Shadowbringers/Foray/DelubrumReginae/DRS6TrinityAvowed
12517,937,0,AvowedAvatar,Shadowbringers/Foray/DelubrumReginae/DRS6TrinityAvowed
12564,937,9863,Boss,Shadowbringers/Foray/DelubrumReginae/DRS8Queen
12565,937,0,QueensKnight,Shadowbringers/Foray/DelubrumReginae/DRS8Queen
12567,937,0,AetherialSphere,Shadowbringers/Foray/DelubrumReginae/DRS8Queen
12568,937,0,QueensWarrior,Shadowbringers/Foray/DelubrumReginae/DRS8Queen
12569,937,0,AetherialBolt,Shadowbringers/Foray/DelubrumReginae/DRS8Queen
12570,937,0,AetherialBurst,Shadowbringers/Foray/DelubrumReginae/DRS8Queen
12572,937,0,QueensSoldier,Shadowbringers/Foray/DelubrumReginae/DRS8Queen
12573,937,0,SoldierAvatar,Shadowbringers/Foray/DelubrumReginae/DRS8Queen
12574,937,0,QueensGunner,Shadowbringers/Foray/DelubrumReginae/DRS8Queen
12575,937,0,AutomaticTurret,Shadowbringers/Foray/DelubrumReginae/DRS8Queen
12597,937,9834,Boss,Shadowbringers/Foray/DelubrumReginae/DRS1TrinitySeeker
12598,937,0,SeekerAvatar,Shadowbringers/Foray/DelubrumReginae/DRS1TrinitySeeker
12599,937,0,AetherialOrb,Shadowbringers/Foray/DelubrumReginae/DRS1TrinitySeeker
12649,938,10075,Boss,Shadowbringers/Dungeon/D13Paglthan
12650,938,10077,Boss,Shadowbringers/Dungeon/D13Paglthan
12651,938,0,LunarNail,Shadowbringers/Dungeon/D13Paglthan
12706,938,0,BallOfLevin,Shadowbringers/Dungeon/D13Paglthan
12707,938,0,SuperchargedLevin,Shadowbringers/Dungeon/D13Paglthan
12716,938,10076,Boss,Shadowbringers/Dungeon/D13Paglthan
12722,938,0,MagitekMissile,Shadowbringers/Dungeon/D13Paglthan
13294,952,10256,Boss,Endwalker/Dungeon/D01TowerOfZot
13295,952,10257,Boss,Endwalker/Dungeon/D01TowerOfZot
13296,952,0,BerserkerSphere,Endwalker/Dungeon/D01TowerOfZot
13297,952,10265,Boss,Endwalker/Dungeon/D01TowerOfZot
13298,952,0,Sanduruva,Endwalker/Dungeon/D01TowerOfZot
13299,952,0,Minduruva,Endwalker/Dungeon/D01TowerOfZot
12685,966,9948,Boss,Shadowbringers/Alliance/A36FalseIdol
12686,966,0,LighterNoteEW,Shadowbringers/Alliance/A36FalseIdol
12687,966,0,LighterNoteNS,Shadowbringers/Alliance/A36FalseIdol
12688,966,0,BossP2,Shadowbringers/Alliance/A36FalseIdol
12689,966,0,RedGirl,Shadowbringers/Alliance/A36FalseIdol
12690,966,0,Energy,Shadowbringers/Alliance/A36FalseIdol
12691,966,9918,Boss,Shadowbringers/Alliance/A33FlightUnits
12692,966,0,FlightUnit,Shadowbringers/Alliance/A33FlightUnits
12693,966,9921,Boss,Shadowbringers/Alliance/A35XunZi
12694,966,0,MengZi,Shadowbringers/Alliance/A35XunZi
12695,966,0,Energy,Shadowbringers/Alliance/A35XunZi
12696,966,0,SmallFlyer,Shadowbringers/Alliance/A35XunZi
12697,966,0,SerialJointedModel,Shadowbringers/Alliance/A35XunZi
12708,966,9989,Gretel,Shadowbringers/Alliance/A32HanselAndGretel
12709,966,0,Hansel,Shadowbringers/Alliance/A32HanselAndGretel
12710,966,0,MagicalConfluence,Shadowbringers/Alliance/A32HanselAndGretel
12711,966,0,MagicBullet,Shadowbringers/Alliance/A32HanselAndGretel
12728,966,9955,Boss,Shadowbringers/Alliance/A31KnaveOfHearts
12844,966,0,CopiedKnave,Shadowbringers/Alliance/A31KnaveOfHearts
12845,966,0,Spheroid,Shadowbringers/Alliance/A31KnaveOfHearts
12846,966,0,Energy,Shadowbringers/Alliance/A31KnaveOfHearts
12987,966,9950,Boss,Shadowbringers/Alliance/A34RedGirl
12988,966,0,RedGirlCaster,Shadowbringers/Alliance/A34RedGirl
12989,966,0,BossP2,Shadowbringers/Alliance/A34RedGirl
12990,966,0,RedGirl,Shadowbringers/Alliance/A34RedGirl
13012,966,0,Unk,Shadowbringers/Alliance/A32HanselAndGretel
13027,966,0,WhiteLance,Shadowbringers/Alliance/A34RedGirl
13028,966,0,BlackLance,Shadowbringers/Alliance/A34RedGirl
13029,966,0,BlackPylonP2,Shadowbringers/Alliance/A34RedGirl
13030,966,0,Unk1,Shadowbringers/Alliance/A34RedGirl
13031,966,0,WhitePylon,Shadowbringers/Alliance/A34RedGirl
13032,966,0,BlackPylon,Shadowbringers/Alliance/A34RedGirl
13033,966,0,RedSphere,Shadowbringers/Alliance/A34RedGirl
13035,966,0,WhiteWall,Shadowbringers/Alliance/A34RedGirl
13036,966,0,BlackWall,Shadowbringers/Alliance/A34RedGirl
11810,968,0,SpearOfTheFury,Endwalker/Ultimate/DSW1
12591,968,0,HolyComet,Endwalker/Ultimate/DSW2
12592,968,0,SerZephirin,Endwalker/Ultimate/DSW1
12601,968,0,SerAdelphel,Endwalker/Ultimate/DSW1
12602,968,0,SerGrinnaux,Endwalker/Ultimate/DSW1
12603,968,0,SerCharibert,Endwalker/Ultimate/DSW1
12604,968,0,BossP2,Endwalker/Ultimate/DSW2
12605,968,0,BossP3,Endwalker/Ultimate/DSW2
12606,968,0,NidhoggDrake,Endwalker/Ultimate/DSW2
12607,968,0,AzurePrice,Endwalker/Ultimate/DSW2
12608,968,0,GildedPrice,Endwalker/Ultimate/DSW2
12609,968,0,LeftEye,Endwalker/Ultimate/DSW2
12610,968,0,RightEye,Endwalker/Ultimate/DSW2
12611,968,0,BossP5,Endwalker/Ultimate/DSW2
12612,968,0,NidhoggP6,Endwalker/Ultimate/DSW2
12613,968,0,HraesvelgrP6,Endwalker/Ultimate/DSW2
12615,968,0,NidhoggP4,Endwalker/Ultimate/DSW2
12616,968,0,DragonKingThordan,Endwalker/Ultimate/DSW2
12630,968,0,Darkscale,Endwalker/Ultimate/DSW2
12631,968,0,Vidofnir,Endwalker/Ultimate/DSW2
12632,968,0,SerJanlenoux,Endwalker/Ultimate/DSW2
12633,968,0,SerVellguine,Endwalker/Ultimate/DSW2
12634,968,0,SerPaulecrain,Endwalker/Ultimate/DSW2
12635,968,0,SerIgnasse,Endwalker/Ultimate/DSW2
12636,968,0,SerHermenost,Endwalker/Ultimate/DSW2
12637,968,0,SerGuerrique,Endwalker/Ultimate/DSW2
12638,968,0,SerHaumeric,Endwalker/Ultimate/DSW2
12639,968,0,SerNoudenet,Endwalker/Ultimate/DSW2
12646,968,0,Vedrfolnir,Endwalker/Ultimate/DSW2
12647,968,0,DarkscaleVisual,Endwalker/Ultimate/DSW2
12648,968,0,VidofnirVisual,Endwalker/Ultimate/DSW2
13070,968,0,Brightsphere,Endwalker/Ultimate/DSW1
13071,968,0,AetherialTear,Endwalker/Ultimate/DSW1
13117,968,0,Haurchefant,Endwalker/Ultimate/DSW2
13118,968,0,Ysayle,Endwalker/Ultimate/DSW2
13119,968,0,Estinien,Endwalker/Ultimate/DSW2
13238,968,0,ScarletPrice,Endwalker/Ultimate/DSW2
13563,968,0,Background1,Endwalker/Ultimate/DSW2
13564,968,0,Background2,Endwalker/Ultimate/DSW2
13565,968,0,Background3,Endwalker/Ultimate/DSW2
13566,968,0,Background4,Endwalker/Ultimate/DSW2
13567,968,0,Background5,Endwalker/Ultimate/DSW2
13568,968,0,Background6,Endwalker/Ultimate/DSW2
13569,968,0,Background7,Endwalker/Ultimate/DSW2
13570,968,0,Background8,Endwalker/Ultimate/DSW2
13769,968,0,Alphinaud,Endwalker/Ultimate/DSW2
13920,968,0,MeteorCircle,Endwalker/Ultimate/DSW2
13303,969,10279,Boss,Endwalker/Dungeon/D02TowerOfBabil
13304,969,0,Thunderball,Endwalker/Dungeon/D02TowerOfBabil
13306,969,10281,Boss,Endwalker/Dungeon/D02TowerOfBabil
13307,969,0,MagitekChakram,Endwalker/Dungeon/D02TowerOfBabil
13308,969,0,MagitekExplosive,Endwalker/Dungeon/D02TowerOfBabil
13309,969,10285,Boss,Endwalker/Dungeon/D02TowerOfBabil
13310,969,0,LunarNail,Endwalker/Dungeon/D02TowerOfBabil
13311,969,0,MegaGraviton,Endwalker/Dungeon/D02TowerOfBabil
13312,969,0,LowerAnima,Endwalker/Dungeon/D02TowerOfBabil
13313,969,0,IronNail,Endwalker/Dungeon/D02TowerOfBabil
13288,970,10717,Boss,Endwalker/Dungeon/D03Vanaspati
13289,970,10718,Boss,Endwalker/Dungeon/D03Vanaspati
13291,970,10719,Boss,Endwalker/Dungeon/D03Vanaspati
14129,970,0,QueerBubble,Endwalker/Dungeon/D03Vanaspati
13508,973,10313,Boss,Endwalker/Dungeon/D06DeadEnds
13509,973,0,WeepingMiasma,Endwalker/Dungeon/D06DeadEnds
13510,973,10315,Boss,Endwalker/Dungeon/D06DeadEnds
13511,973,10316,Boss,Endwalker/Dungeon/D06DeadEnds
13945,973,0,Grebuloff,Endwalker/Dungeon/D06DeadEnds
13091,974,10396,Boss,Endwalker/Dungeon/D04KtisisHyperboreia
13349,974,10398,Boss,Endwalker/Dungeon/D04KtisisHyperboreia
13450,974,10399,Boss,Endwalker/Dungeon/D04KtisisHyperboreia
13452,974,0,Meteor,Endwalker/Dungeon/D04KtisisHyperboreia
6358,975,0,Deathwall,Shadowbringers/Foray/Duel/Duel4Dabog
11730,975,9693,Boss,Shadowbringers/Foray/CriticalEngagement
11829,975,9931,Boss,Shadowbringers/Foray/CriticalEngagement
11919,975,0,VermillionFlame,Shadowbringers/Foray/Duel/Duel6Lyon
12008,975,0,Deathwall,Shadowbringers/Foray/CriticalEngagement
12698,975,10064,Boss,Shadowbringers/Foray/CriticalEngagement
12699,975,0,EmbitteredSoul,Shadowbringers/Foray/CriticalEngagement
12700,975,9941,Boss,Shadowbringers/Foray/CriticalEngagement
12701,975,0,IceSprite,Shadowbringers/Foray/CriticalEngagement
12702,975,0,Icicle,Shadowbringers/Foray/CriticalEngagement
12703,975,0,Imaginifer,Shadowbringers/Foray/CriticalEngagement
12704,975,9945,Boss,Shadowbringers/Foray/CriticalEngagement
12705,975,0,Escort1,Shadowbringers/Foray/CriticalEngagement
12715,975,10004,Boss,Shadowbringers/Foray/Dalriada
12723,975,10007,Boss,Shadowbringers/Foray/Dalriada
12724,975,0,DiabolicBit,Shadowbringers/Foray/Dalriada
12725,975,0,Aether,Shadowbringers/Foray/Dalriada
12737,975,0,Boss,Shadowbringers/Foray/Duel/Duel6Lyon
12740,975,9695,Boss,Shadowbringers/Foray/Duel/Duel5Menenius
12742,975,0,Cavalry,Shadowbringers/Foray/CriticalEngagement
12743,975,9929,Boss,Shadowbringers/Foray/CriticalEngagement
12744,975,9930,Boss,Shadowbringers/Foray/CriticalEngagement
12745,975,9925,Boss,Shadowbringers/Foray/CriticalEngagement
12746,975,0,PurpleLevin,Shadowbringers/Foray/CriticalEngagement
12747,975,0,BallOfFire,Shadowbringers/Foray/CriticalEngagement
12748,975,9969,Boss,Shadowbringers/Foray/CriticalEngagement
12749,975,0,DimCrystal,Shadowbringers/Foray/CriticalEngagement
12750,975,0,CorruptedCrystal,Shadowbringers/Foray/CriticalEngagement
12751,975,0,SandSphere,Shadowbringers/Foray/CriticalEngagement
12752,975,9973,Boss,Shadowbringers/Foray/CriticalEngagement
12753,975,0,AlkonostsShadow,Shadowbringers/Foray/CriticalEngagement
12754,975,0,VorticalOrb3,Shadowbringers/Foray/CriticalEngagement
12765,975,10192,Boss,Shadowbringers/Foray/Dalriada
12766,975,0,DawonTheYounger,Shadowbringers/Foray/Dalriada
12767,975,0,LyonTheBeastKing,Shadowbringers/Foray/Dalriada
12768,975,0,VermilionFlame,Shadowbringers/Foray/Dalriada
12769,975,0,VerdantPlume,Shadowbringers/Foray/Dalriada
12770,975,0,MeneniusSasLanatus,Shadowbringers/Foray/Dalriada
12850,975,0,ShockSphere,Shadowbringers/Foray/CriticalEngagement
12851,975,0,WarWraith,Shadowbringers/Foray/CriticalEngagement
12852,975,0,HernaisTheTenacious,Shadowbringers/Foray/CriticalEngagement
12853,975,0,DyunbuTheAccursed,Shadowbringers/Foray/CriticalEngagement
12854,975,0,LlofiiTheForthright,Shadowbringers/Foray/CriticalEngagement
12855,975,0,Monoceros,Shadowbringers/Foray/CriticalEngagement
12857,975,0,VorticalOrb1,Shadowbringers/Foray/CriticalEngagement
12858,975,0,VorticalOrb2,Shadowbringers/Foray/CriticalEngagement
12897,975,9958,Boss,Shadowbringers/Foray/Duel/Duel4Dabog
12898,975,0,DabogFragment,Shadowbringers/Foray/Duel/Duel4Dabog
12899,975,0,AtomicSphere,Shadowbringers/Foray/Duel/Duel4Dabog
12991,975,10207,Boss,Shadowbringers/Foray/Dalriada
12992,975,0,FourthLegionInfantry,Shadowbringers/Foray/Dalriada
12993,975,0,TerminusEst,Shadowbringers/Foray/Dalriada
12997,975,0,FlameborneZirnitra,Shadowbringers/Foray/Dalriada
12998,975,0,WaveborneZirnitra,Shadowbringers/Foray/Dalriada
12999,975,0,StormborneZirnitra,Shadowbringers/Foray/Dalriada
13000,975,0,FourthLegionAugur2,Shadowbringers/Foray/Dalriada
13002,975,0,TamedCarrionCrow,Shadowbringers/Foray/Dalriada
13003,975,0,TamedAlkonost,Shadowbringers/Foray/Dalriada
13004,975,0,VorticalOrb2,Shadowbringers/Foray/Dalriada
13005,975,0,VorticalOrb,Shadowbringers/Foray/Dalriada
13006,975,0,TamedAlkonostsShadow,Shadowbringers/Foray/Dalriada
13007,975,0,FourthLegionBeastmaster,Shadowbringers/Foray/Dalriada
13053,975,0,Escort2,Shadowbringers/Foray/CriticalEngagement
13089,975,0,PhantomHashmal,Shadowbringers/Foray/CriticalEngagement
13278,975,0,MeneniusSasLanatus1,Shadowbringers/Foray/Dalriada
13282,975,0,FourthLegionAugur,Shadowbringers/Foray/Dalriada
13417,978,10290,Boss,Endwalker/Dungeon/D05Aitiascope
13419,978,10292,Boss,Endwalker/Dungeon/D05Aitiascope
13420,978,0,Actor346c,Endwalker/Dungeon/D05Aitiascope
13421,978,0,Actor346d,Endwalker/Dungeon/D05Aitiascope
13422,978,10293,Boss,Endwalker/Dungeon/D05Aitiascope
13423,978,0,YsaylesSpirit,Endwalker/Dungeon/D05Aitiascope
13424,978,0,Ice,Endwalker/Dungeon/D05Aitiascope
12877,993,10456,Boss,Endwalker/Extreme/Ex1Zodiark
13711,993,0,ExoGreen,Endwalker/Extreme/Ex1Zodiark
13712,993,0,ExoSquare,Endwalker/Extreme/Ex1Zodiark
13713,993,0,ExoTri,Endwalker/Extreme/Ex1Zodiark
13717,993,0,RoilingDarkness,Endwalker/Extreme/Ex1Zodiark
14386,993,0,Behemoth,Endwalker/Extreme/Ex1Zodiark
14387,993,0,Python,Endwalker/Extreme/Ex1Zodiark
14388,993,0,Bird,Endwalker/Extreme/Ex1Zodiark
13513,995,0,MysticRefulgence2,Endwalker/Trial/T02Hydaelyn
13546,995,10453,Boss,Endwalker/Trial/T02Hydaelyn
13547,995,0,EchoOfHydaelyn,Endwalker/Trial/T02Hydaelyn
13548,995,0,CrystalOfLight,Endwalker/Trial/T02Hydaelyn
13553,995,0,Parhelion,Endwalker/Trial/T02Hydaelyn
13571,995,0,MysticRefulgence,Endwalker/Trial/T02Hydaelyn
13514,996,0,MysticRefulgence2,Endwalker/Extreme/Ex2Hydaelyn
13549,996,10453,Boss,Endwalker/Extreme/Ex2Hydaelyn
13550,996,0,Echo,Endwalker/Extreme/Ex2Hydaelyn
13552,996,0,CrystalOfLight,Endwalker/Extreme/Ex2Hydaelyn
13554,996,0,Parhelion,Endwalker/Extreme/Ex2Hydaelyn
13572,996,0,MysticRefulgence,Endwalker/Extreme/Ex2Hydaelyn
14527,998,10448,Boss,Endwalker/Extreme/Ex3Endsinger
14528,998,0,Shinryu,Endwalker/Extreme/Ex3Endsinger
14529,998,0,SmallHead,Endwalker/Extreme/Ex3Endsinger
14530,998,0,FieryStar,Endwalker/Extreme/Ex3Endsinger
14531,998,0,AzureStar,Endwalker/Extreme/Ex3Endsinger
14532,998,0,DarkStar,Endwalker/Extreme/Ex3Endsinger
14207,1000,10831,Boss,Endwalker/TreasureHunt/TheExcitatron6000
14344,1000,0,ExcitingOnion,Endwalker/TreasureHunt/TheExcitatron6000
14345,1000,0,ExcitingEgg,Endwalker/TreasureHunt/TheExcitatron6000
14346,1000,0,ExcitingGarlic,Endwalker/TreasureHunt/TheExcitatron6000
14347,1000,0,ExcitingTomato,Endwalker/TreasureHunt/TheExcitatron6000
14348,1000,0,ExcitingQueen,Endwalker/TreasureHunt/TheExcitatron6000
13602,1003,10576,Boss,Endwalker/Savage/P1SErichthonios
13603,1003,0,FlailLR,Endwalker/Savage/P1SErichthonios
13604,1003,0,FlailI,Endwalker/Savage/P1SErichthonios
13605,1003,0,FlailO,Endwalker/Savage/P1SErichthonios
13723,1005,10348,Boss,Endwalker/Savage/P2SHippokampos
13724,1005,0,CataractHead,Endwalker/Savage/P2SHippokampos
14442,1005,0,DissociatedHead,Endwalker/Savage/P2SHippokampos
13631,1007,10720,Boss,Endwalker/Savage/P3SPhoinix
13632,1007,0,Sparkfledged,Endwalker/Savage/P3SPhoinix
13633,1007,0,SunbirdSmall,Endwalker/Savage/P3SPhoinix
13635,1007,0,SunbirdLarge,Endwalker/Savage/P3SPhoinix
13636,1007,0,Sunshadow,Endwalker/Savage/P3SPhoinix
13637,1007,0,DarkenedFire,Endwalker/Savage/P3SPhoinix
13638,1007,0,FountainOfFire,Endwalker/Savage/P3SPhoinix
13639,1007,0,DarkblazeTwister,Endwalker/Savage/P3SPhoinix
14336,1007,0,SparkfledgedUnknown,Endwalker/Savage/P3SPhoinix
13821,1009,10744,Boss,Endwalker/Savage/P4S1Hesperos
13822,1009,0,Pinax,Endwalker/Savage/P4S1Hesperos
13823,1009,0,Orb,Endwalker/Savage/P4S1Hesperos
13824,1009,10744,Boss,Endwalker/Savage/P4S2Hesperos
13825,1009,0,Akantha,Endwalker/Savage/P4S2Hesperos
13797,1012,0,TerminusDetonator,Endwalker/Quest/AsTheHeavensBurn
13801,1012,10932,Boss,Endwalker/Quest/AsTheHeavensBurn
13804,1012,10933,Boss,Endwalker/Quest/AsTheHeavensBurn
13805,1012,0,Meteorite,Endwalker/Quest/AsTheHeavensBurn
13806,1012,10933,Boss,Endwalker/Quest/AsTheHeavensBurn
13807,1012,0,Vanquisher,Endwalker/Quest/AsTheHeavensBurn
14448,1038,554,Boss,RealmReborn/Dungeon/D03Copperbell
14449,1038,0,IchorousDrip,RealmReborn/Dungeon/D03Copperbell
14460,1038,548,Boss,RealmReborn/Dungeon/D03Copperbell
14537,1038,101,Boss,RealmReborn/Dungeon/D03Copperbell
259,1039,444,Boss,RealmReborn/Dungeon/D05Totorak
260,1039,0,Comesmite,RealmReborn/Dungeon/D05Totorak
266,1039,0,GraffiasTail,RealmReborn/Dungeon/D05Totorak
572,1039,0,FleshyPod,RealmReborn/Dungeon/D05Totorak
272,1040,423,Boss,RealmReborn/Dungeon/D06Haukke
14504,1040,422,Boss,RealmReborn/Dungeon/D06Haukke
14505,1040,0,Sentry,RealmReborn/Dungeon/D06Haukke
14506,1040,0,Handmaiden,RealmReborn/Dungeon/D06Haukke
14533,1041,1279,Boss,RealmReborn/Dungeon/D07Brayflox
1455,1042,1680,Boss,RealmReborn/Dungeon/D10StoneVigil
1461,1042,1677,Boss,RealmReborn/Dungeon/D10StoneVigil
14535,1042,1678,Boss,RealmReborn/Dungeon/D10StoneVigil
14536,1042,0,MaelstromVisual,RealmReborn/Dungeon/D10StoneVigil
14538,1043,557,Boss,RealmReborn/Dungeon/D13CastrumMeridianum
14539,1043,0,AddLaquearius,RealmReborn/Dungeon/D13CastrumMeridianum
14540,1043,0,AddSignifer,RealmReborn/Dungeon/D13CastrumMeridianum
14541,1043,2116,Boss,RealmReborn/Dungeon/D13CastrumMeridianum
14542,1043,2118,Boss,RealmReborn/Dungeon/D13CastrumMeridianum
14668,1043,0,AddMagitekColossus,RealmReborn/Dungeon/D13CastrumMeridianum
14450,1044,2134,Boss,RealmReborn/Dungeon/D14Praetorium
14451,1044,2135,Boss,RealmReborn/Dungeon/D14Praetorium
14452,1044,0,MagitekDeathClaw,RealmReborn/Dungeon/D14Praetorium
14453,1044,2136,Boss,RealmReborn/Dungeon/D14Praetorium
14454,1044,0,PhantomGaiusSide,RealmReborn/Dungeon/D14Praetorium
14455,1044,0,PhantomGaiusAdd,RealmReborn/Dungeon/D14Praetorium
14456,1044,0,TerminusEst,RealmReborn/Dungeon/D14Praetorium
207,1045,1185,Boss,RealmReborn/Trial/T01IfritN
208,1045,0,InfernalNail,RealmReborn/Trial/T01IfritN
246,1046,1801,Boss,RealmReborn/Trial/T02TitanN
1444,1046,0,GraniteGaol,RealmReborn/Trial/T02TitanN
1507,1046,0,TitansHeart,RealmReborn/Trial/T02TitanN
237,1047,0,Monolith,RealmReborn/Trial/T03GarudaN
238,1047,0,RazorPlumeP1,RealmReborn/Trial/T03GarudaN
239,1047,1644,Boss,RealmReborn/Trial/T03GarudaN
688,1047,0,RazorPlumeP2,RealmReborn/Trial/T03GarudaN
14587,1048,2137,Boss,RealmReborn/Trial/T04PortaDecumana
14588,1048,0,UltimaGaruda,RealmReborn/Trial/T04PortaDecumana
14589,1048,0,UltimaTitan,RealmReborn/Trial/T04PortaDecumana
14590,1048,0,GraniteGaol,RealmReborn/Trial/T04PortaDecumana
14591,1048,0,UltimaIfrit,RealmReborn/Trial/T04PortaDecumana
14592,1048,2137,Boss,RealmReborn/Trial/T04PortaDecumana
14593,1048,0,MagitekBit,RealmReborn/Trial/T04PortaDecumana
14594,1048,0,Aetheroplasm,RealmReborn/Trial/T04PortaDecumana
14017,1050,11238,Boss,Endwalker/Dungeon/D09AlzadaalsLegacy
14444,1050,11239,Boss,Endwalker/Dungeon/D09AlzadaalsLegacy
14445,1050,0,ArmoredDrudge,Endwalker/Dungeon/D09AlzadaalsLegacy
14457,1050,11241,Boss,Endwalker/Dungeon/D09AlzadaalsLegacy
14458,1050,0,ScarletTentacle,Endwalker/Dungeon/D09AlzadaalsLegacy
14459,1050,0,CyanTentacle,Endwalker/Dungeon/D09AlzadaalsLegacy
14497,1054,0,SoulVesselReal,Endwalker/Alliance/A14Naldthal
14545,1054,11277,Boss,Endwalker/Alliance/A13Azeyma
14546,1054,0,AzeymasHeat,Endwalker/Alliance/A13Azeyma
14547,1054,0,WardensFlame,Endwalker/Alliance/A13Azeyma
14548,1054,0,Sunstorm,Endwalker/Alliance/A13Azeyma
14549,1054,0,ProdigalSun,Endwalker/Alliance/A13Azeyma
14550,1054,11273,Boss,Endwalker/Alliance/A12Rhalgr
14551,1054,0,FistOfWrath,Endwalker/Alliance/A12Rhalgr
14552,1054,0,FistOfJudgment,Endwalker/Alliance/A12Rhalgr
14553,1054,0,LightningOrb,Endwalker/Alliance/A12Rhalgr
14554,1054,11294,Lion,Endwalker/Alliance/A10Lions
14555,1054,0,Lioness,Endwalker/Alliance/A10Lions
14556,1054,0,Lions,Endwalker/Alliance/A10Lions
14586,1054,11274,Boss,Endwalker/Alliance/A10RhalgrEmissary
14595,1054,11286,Boss,Endwalker/Alliance/A14Naldthal
14599,1054,0,SoulVesselFake,Endwalker/Alliance/A14Naldthal
14603,1054,11281,Boss,Endwalker/Alliance/A11Byregot
14604,1054,0,Avatar,Endwalker/Alliance/A11Byregot
3335,1062,3038,Boss,RealmReborn/Dungeon/D26Snowcloak
3337,1062,0,FrostBomb,RealmReborn/Dungeon/D26Snowcloak
3374,1062,0,Wandil,RealmReborn/Dungeon/D26Snowcloak
14711,1062,3040,Boss,RealmReborn/Dungeon/D26Snowcloak
14712,1062,0,Snowball2,RealmReborn/Dungeon/D26Snowcloak
14713,1062,3044,Boss,RealmReborn/Dungeon/D26Snowcloak
14714,1062,0,Icicle,RealmReborn/Dungeon/D26Snowcloak
3669,1063,0,LoyalDragonfly,RealmReborn/Dungeon/D29TheKeeperoftheLake
3670,1063,0,LoyalBiast,RealmReborn/Dungeon/D29TheKeeperoftheLake
3688,1063,3373,Boss,RealmReborn/Dungeon/D29TheKeeperoftheLake
3689,1063,0,CohortVanguard,RealmReborn/Dungeon/D29TheKeeperoftheLake
3695,1063,0,CohortLaquearius,RealmReborn/Dungeon/D29TheKeeperoftheLake
3696,1063,0,CohortEques,RealmReborn/Dungeon/D29TheKeeperoftheLake
3697,1063,0,CohortSecutor,RealmReborn/Dungeon/D29TheKeeperoftheLake
3698,1063,0,CohortSignifer,RealmReborn/Dungeon/D29TheKeeperoftheLake
3707,1063,0,MagitekGunshipAlt,RealmReborn/Dungeon/D29TheKeeperoftheLake
14631,1063,3369,Boss,RealmReborn/Dungeon/D29TheKeeperoftheLake
14632,1063,0,Astraea,RealmReborn/Dungeon/D29TheKeeperoftheLake
14633,1063,0,AuxiliaryCeruleumTank,RealmReborn/Dungeon/D29TheKeeperoftheLake
14634,1063,3374,Boss,RealmReborn/Dungeon/D29TheKeeperoftheLake
14635,1063,0,MirageDragonB,RealmReborn/Dungeon/D29TheKeeperoftheLake
14636,1063,0,MirageDragonA,RealmReborn/Dungeon/D29TheKeeperoftheLake
14637,1063,0,MirageDragonC,RealmReborn/Dungeon/D29TheKeeperoftheLake
14638,1063,0,MirageDragonD,RealmReborn/Dungeon/D29TheKeeperoftheLake
434,1064,0,Boss2,Heavensward/Dungeon/D02SohmAl
3727,1064,3791,Boss,Heavensward/Dungeon/D02SohmAl
3729,1064,3793,Boss,Heavensward/Dungeon/D02SohmAl
3730,1064,0,ChymeOfTheMountain,Heavensward/Dungeon/D02SohmAl
3732,1064,0,RheumOfTheMountain,Heavensward/Dungeon/D02SohmAl
3733,1064,0,BloodOfTheMountain,Heavensward/Dungeon/D02SohmAl
3734,1064,3798,Boss,Heavensward/Dungeon/D02SohmAl
4276,1064,0,LeftWingOfTragedy,Heavensward/Dungeon/D02SohmAl
4277,1064,0,RightWingOfInjury,Heavensward/Dungeon/D02SohmAl
5058,1064,0,DravanianHornet,Heavensward/Dungeon/D02SohmAl
3750,1065,3452,Boss,Heavensward/Dungeon/D03Aery
3751,1065,0,Leyak,Heavensward/Dungeon/D03Aery
3752,1065,0,BlackenedStatue,Heavensward/Dungeon/D03Aery
4420,1065,0,Rangda,Heavensward/Dungeon/D03Aery
14704,1065,3455,Boss,Heavensward/Dungeon/D03Aery
14706,1065,0,InflammableFumes,Heavensward/Dungeon/D03Aery
14794,1065,3458,Boss,Heavensward/Dungeon/D03Aery
14795,1065,0,TheSablePrice,Heavensward/Dungeon/D03Aery
14796,1065,0,Ahleh,Heavensward/Dungeon/D03Aery
14797,1065,0,Liegedrake,Heavensward/Dungeon/D03Aery
3365,1066,0,SerAdelphel,Heavensward/Dungeon/D04Vault
4174,1066,3849,Boss,Heavensward/Dungeon/D04Vault
4175,1066,0,VaultOstiary,Heavensward/Dungeon/D04Vault
4176,1066,0,VaultDeacon,Heavensward/Dungeon/D04Vault
4177,1066,0,BossP2,Heavensward/Dungeon/D04Vault
4178,1066,0,Brightsphere,Heavensward/Dungeon/D04Vault
4179,1066,3850,Boss,Heavensward/Dungeon/D04Vault
4180,1066,0,BossP2,Heavensward/Dungeon/D04Vault
4181,1066,0,AetherialTear,Heavensward/Dungeon/D04Vault
4182,1066,4142,Boss,Heavensward/Dungeon/D04Vault
4183,1066,0,DawnKnight,Heavensward/Dungeon/D04Vault
4184,1066,0,DuskKnight,Heavensward/Dungeon/D04Vault
4185,1066,0,HolyFlame,Heavensward/Dungeon/D04Vault
4198,1066,0,WhiteKnight,Heavensward/Dungeon/D04Vault
14620,1067,725,WhiskerwallKupdiKoop,RealmReborn/Trial/T08ThornmarchH
14621,1067,0,RuffletuftKuptaKapa,RealmReborn/Trial/T08ThornmarchH
14622,1067,0,FurryfootKupliKipp,RealmReborn/Trial/T08ThornmarchH
14623,1067,0,WoolywartKupquKogi,RealmReborn/Trial/T08ThornmarchH
14624,1067,0,PuklaPukiThePomburner,RealmReborn/Trial/T08ThornmarchH
14625,1067,0,PuksiPikoTheShaggysong,RealmReborn/Trial/T08ThornmarchH
14626,1067,0,PuknaPakoTheTailturner,RealmReborn/Trial/T08ThornmarchH
14627,1067,0,GoodKingMoggleMogXII,RealmReborn/Trial/T08ThornmarchH
14731,1069,11442,Boss,Endwalker/Variant/V01Sildihn
14732,1069,0,PowderKegRed,Endwalker/Variant/V01Sildihn
14751,1069,11387,Boss,Endwalker/Variant/V01Sildihn
14753,1069,0,Regret,Endwalker/Variant/V01Sildihn
14755,1069,0,AntiqueBoulder,Endwalker/Variant/V01Sildihn
14793,1069,0,PowderKegBlue,Endwalker/Variant/V01Sildihn
14694,1070,11382,Boss,Endwalker/Dungeon/D10Troia
14701,1070,11384,Boss,Endwalker/Dungeon/D10Troia
14789,1070,11372,Boss,Endwalker/Dungeon/D10Troia
14791,1070,0,Necroserf,Endwalker/Dungeon/D10Troia
14707,1072,0,Tangle,Endwalker/Extreme/Ex4Barbariccia
14798,1072,11398,Boss,Endwalker/Extreme/Ex4Barbariccia
14799,1072,0,BarbaricciaShadow,Endwalker/Extreme/Ex4Barbariccia
14800,1072,0,StiffBreeze,Endwalker/Extreme/Ex4Barbariccia
14757,1075,11387,NBoss,Endwalker/Criterion/C01ASS/C012Gladiator
14758,1075,0,NGladiatorMirage,Endwalker/Criterion/C01ASS/C012Gladiator
14759,1075,0,NHatefulVisage,Endwalker/Criterion/C01ASS/C012Gladiator
14760,1075,0,NRegret,Endwalker/Criterion/C01ASS/C012Gladiator
14762,1075,11393,NBoss,Endwalker/Criterion/C01ASS/C013Shadowcaster
14764,1075,0,NLaser,Endwalker/Criterion/C01ASS/C013Shadowcaster
14766,1075,0,NBeacon,Endwalker/Criterion/C01ASS/C013Shadowcaster
14768,1075,0,NBallOfFire,Endwalker/Criterion/C01ASS/C013Shadowcaster
14770,1075,0,NArcaneFont,Endwalker/Criterion/C01ASS/C013Shadowcaster
14834,1075,11369,NBoss,Endwalker/Criterion/C01ASS/C011Silkie
14835,1075,0,NSilkenPuff,Endwalker/Criterion/C01ASS/C011Silkie
14836,1075,0,NEasternEwer,Endwalker/Criterion/C01ASS/C011Silkie
15057,1075,11513,NBoss,Endwalker/Criterion/C01ASS/C010Trash
15058,1075,0,NOdqan,Endwalker/Criterion/C01ASS/C010Trash
15059,1075,11511,NBoss,Endwalker/Criterion/C01ASS/C010Trash
15060,1075,0,NSapria,Endwalker/Criterion/C01ASS/C010Trash
15061,1075,11514,NBoss,Endwalker/Criterion/C01ASS/C010Trash
15062,1075,11510,NBoss,Endwalker/Criterion/C01ASS/C010Trash
15063,1075,11506,NBoss,Endwalker/Criterion/C01ASS/C010Trash
15064,1075,11515,NBoss,Endwalker/Criterion/C01ASS/C010Trash
14817,1076,11393,SBoss,Endwalker/Criterion/C01ASS/C013Shadowcaster
14818,1076,0,SLaser,Endwalker/Criterion/C01ASS/C013Shadowcaster
14819,1076,0,SBeacon,Endwalker/Criterion/C01ASS/C013Shadowcaster
14820,1076,0,SBallOfFire,Endwalker/Criterion/C01ASS/C013Shadowcaster
14821,1076,0,SArcaneFont,Endwalker/Criterion/C01ASS/C013Shadowcaster
14837,1076,11369,SBoss,Endwalker/Criterion/C01ASS/C011Silkie
14838,1076,0,SSilkenPuff,Endwalker/Criterion/C01ASS/C011Silkie
14839,1076,0,SEasternEwer,Endwalker/Criterion/C01ASS/C011Silkie
14864,1076,11387,SBoss,Endwalker/Criterion/C01ASS/C012Gladiator
14865,1076,0,SGladiatorMirage,Endwalker/Criterion/C01ASS/C012Gladiator
14866,1076,0,SHatefulVisage,Endwalker/Criterion/C01ASS/C012Gladiator
14867,1076,0,SRegret,Endwalker/Criterion/C01ASS/C012Gladiator
15066,1076,11513,SBoss,Endwalker/Criterion/C01ASS/C010Trash
15067,1076,0,SOdqan,Endwalker/Criterion/C01ASS/C010Trash
15068,1076,11511,SBoss,Endwalker/Criterion/C01ASS/C010Trash
15069,1076,0,SSapria,Endwalker/Criterion/C01ASS/C010Trash
15070,1076,11514,SBoss,Endwalker/Criterion/C01ASS/C010Trash
15071,1076,11510,SBoss,Endwalker/Criterion/C01ASS/C010Trash
15072,1076,11506,SBoss,Endwalker/Criterion/C01ASS/C010Trash
15073,1076,11515,SBoss,Endwalker/Criterion/C01ASS/C010Trash
14826,1082,11440,Boss,Endwalker/Savage/P5SProtoCarbuncle
14827,1082,0,Jaws,Endwalker/Savage/P5SProtoCarbuncle
14828,1082,0,JumpMarker,Endwalker/Savage/P5SProtoCarbuncle
14829,1082,0,LivelyBait,Endwalker/Savage/P5SProtoCarbuncle
14903,1084,11381,Boss,Endwalker/Savage/P6SHegemone
15065,1084,0,PolySquare,Endwalker/Savage/P6SHegemone
15083,1084,0,Parasitos,Endwalker/Savage/P6SHegemone
14893,1086,11374,Boss,Endwalker/Savage/P7SAgdistis
14894,1086,0,ForbiddenFruitBull,Endwalker/Savage/P7SAgdistis
14895,1086,0,ForbiddenFruitBird,Endwalker/Savage/P7SAgdistis
14896,1086,0,ForbiddenFruitMinotaur,Endwalker/Savage/P7SAgdistis
14897,1086,0,ImmatureIo,Endwalker/Savage/P7SAgdistis
14898,1086,0,ImmatureStymphalide,Endwalker/Savage/P7SAgdistis
14899,1086,0,ImmatureMinotaur,Endwalker/Savage/P7SAgdistis
14900,1086,0,BridgeDestroyer,Endwalker/Savage/P7SAgdistis
15065,1086,0,BullTetherSource,Endwalker/Savage/P7SAgdistis
15049,1088,11399,Boss,Endwalker/Savage/P8S1Hephaistos
15052,1088,0,Gorgon,Endwalker/Savage/P8S1Hephaistos
15053,1088,0,IllusoryHephaistosIntermission,Endwalker/Savage/P8S1Hephaistos
15054,1088,0,IllusoryHephaistosSnakes,Endwalker/Savage/P8S1Hephaistos
15056,1088,0,Suneater,Endwalker/Savage/P8S1Hephaistos
15077,1088,11399,Boss,Endwalker/Savage/P8S2Hephaistos
15078,1088,0,IllusoryHephaistosMovable,Endwalker/Savage/P8S2Hephaistos
15079,1088,0,IllusoryHephaistosLanes,Endwalker/Savage/P8S2Hephaistos
15756,1096,12057,Boss,Endwalker/Extreme/Ex5Rubicante
15758,1096,0,RubicanteMirage,Endwalker/Extreme/Ex5Rubicante
15759,1096,0,CircleOfPurgatoryTriange,Endwalker/Extreme/Ex5Rubicante
15760,1096,0,CircleOfPurgatorySquare,Endwalker/Extreme/Ex5Rubicante
15761,1096,0,GreaterFlamesent,Endwalker/Extreme/Ex5Rubicante
15762,1096,0,FlamesentNS,Endwalker/Extreme/Ex5Rubicante
15763,1096,0,FlamesentSS,Endwalker/Extreme/Ex5Rubicante
15764,1096,0,FlamesentNC,Endwalker/Extreme/Ex5Rubicante
15765,1096,0,CircleOfPurgatoryInner,Endwalker/Extreme/Ex5Rubicante
15766,1096,0,CircleOfPurgatoryMiddle,Endwalker/Extreme/Ex5Rubicante
15767,1096,0,CircleOfPurgatoryOuter,Endwalker/Extreme/Ex5Rubicante
15768,1096,0,CircleOfPurgatoryFireball,Endwalker/Extreme/Ex5Rubicante
14705,1097,10308,Boss,Endwalker/Dungeon/D11LapisManalis
15074,1097,11995,Boss,Endwalker/Dungeon/D11LapisManalis
15075,1097,0,FearsomeFlotsam,Endwalker/Dungeon/D11LapisManalis
15586,1097,0,Caladrius,Endwalker/Dungeon/D11LapisManalis
15614,1097,11992,Boss,Endwalker/Dungeon/D11LapisManalis
15615,1097,0,WildBeasts1,Endwalker/Dungeon/D11LapisManalis
15616,1097,0,WildBeasts2,Endwalker/Dungeon/D11LapisManalis
15617,1097,0,WildBeasts4,Endwalker/Dungeon/D11LapisManalis
15618,1097,0,WildBeasts3,Endwalker/Dungeon/D11LapisManalis
15619,1097,0,WildBeasts,Endwalker/Dungeon/D11LapisManalis
15620,1097,0,IcyCrystal,Endwalker/Dungeon/D11LapisManalis
15702,1097,12078,Boss,Endwalker/Dungeon/D11LapisManalis
16031,1097,12245,Boss,Endwalker/Dungeon/D11LapisManalis
15700,1099,12240,Boss,Endwalker/DeepDungeon/EurekaOrthos
15701,1099,0,PachypodiumMine,Endwalker/DeepDungeon/EurekaOrthos
15991,1100,12261,Boss,Endwalker/DeepDungeon/EurekaOrthos
15992,1100,0,ClonedShieldDragon,Endwalker/DeepDungeon/EurekaOrthos
15770,1101,12242,Boss,Endwalker/DeepDungeon/EurekaOrthos
15771,1101,0,DarkWanderer,Endwalker/DeepDungeon/EurekaOrthos
15645,1102,12263,Boss,Endwalker/DeepDungeon/EurekaOrthos
15646,1102,0,BitingWind,Endwalker/DeepDungeon/EurekaOrthos
15772,1103,12265,Boss,Endwalker/DeepDungeon/EurekaOrthos
15773,1103,0,Cacophony,Endwalker/DeepDungeon/EurekaOrthos
15777,1104,12267,Boss,Endwalker/DeepDungeon/EurekaOrthos
15778,1104,0,BallOfLevin,Endwalker/DeepDungeon/EurekaOrthos
15643,1105,12246,Boss,Endwalker/DeepDungeon/EurekaOrthos
15644,1105,0,AllaganCrystal,Endwalker/DeepDungeon/EurekaOrthos
15640,1106,12247,Boss,Endwalker/DeepDungeon/EurekaOrthos
15641,1106,0,WeaponsDrone,Endwalker/DeepDungeon/EurekaOrthos
15651,1107,12102,Boss,Endwalker/DeepDungeon/EurekaOrthos
15652,1107,0,InterceptorEgg,Endwalker/DeepDungeon/EurekaOrthos
15653,1107,0,InterceptorCube,Endwalker/DeepDungeon/EurekaOrthos
15654,1107,0,InterceptorOrb,Endwalker/DeepDungeon/EurekaOrthos
15900,1107,0,OnionKnightDemiclone,Endwalker/DeepDungeon/EurekaOrthos
3714,1109,3923,Boss,Heavensward/Dungeon/D05GreatGubalLibrary
3715,1109,3925,Boss,Heavensward/Dungeon/D05GreatGubalLibrary
3716,1109,3930,Boss,Heavensward/Dungeon/D05GreatGubalLibrary
3717,1109,0,Biblioklept,Heavensward/Dungeon/D05GreatGubalLibrary
3718,1109,0,Bibliomancer,Heavensward/Dungeon/D05GreatGubalLibrary
3719,1109,0,Bibliophile,Heavensward/Dungeon/D05GreatGubalLibrary
3748,1109,0,TheEverlivingBibliotaph,Heavensward/Dungeon/D05GreatGubalLibrary
3749,1109,0,AbyssalLance,Heavensward/Dungeon/D05GreatGubalLibrary
3781,1109,0,Voidsphere,Heavensward/Dungeon/D05GreatGubalLibrary
3798,1109,0,DemonTome,Heavensward/Dungeon/D05GreatGubalLibrary
4279,1109,0,Page64,Heavensward/Dungeon/D05GreatGubalLibrary
4292,1109,0,WhaleOil,Heavensward/Dungeon/D05GreatGubalLibrary
4293,1109,0,TomeWind,Heavensward/Dungeon/D05GreatGubalLibrary
3735,1110,3818,Boss,Heavensward/Dungeon/D06TheAetherochemicalResearchFacility
3736,1110,0,MagitekTurretI,Heavensward/Dungeon/D06TheAetherochemicalResearchFacility
3737,1110,0,MagitekTurretII,Heavensward/Dungeon/D06TheAetherochemicalResearchFacility
3738,1110,3821,Boss,Heavensward/Dungeon/D06TheAetherochemicalResearchFacility
3932,1110,0,ClockworkHunter,Heavensward/Dungeon/D06TheAetherochemicalResearchFacility
15779,1110,0,Igeyorhm,Heavensward/Dungeon/D06TheAetherochemicalResearchFacility
15780,1110,2143,Boss,Heavensward/Dungeon/D06TheAetherochemicalResearchFacility
15781,1110,0,FrozenStar,Heavensward/Dungeon/D06TheAetherochemicalResearchFacility
15782,1110,0,BurningStar,Heavensward/Dungeon/D06TheAetherochemicalResearchFacility
15783,1110,3823,Boss,Heavensward/Dungeon/D06TheAetherochemicalResearchFacility
15784,1110,0,FrozenStar,Heavensward/Dungeon/D06TheAetherochemicalResearchFacility
15785,1110,0,BurningStar,Heavensward/Dungeon/D06TheAetherochemicalResearchFacility
15786,1110,0,IgeyorhmsShade,Heavensward/Dungeon/D06TheAetherochemicalResearchFacility
15787,1110,0,LahabreasShade,Heavensward/Dungeon/D06TheAetherochemicalResearchFacility
15788,1110,0,ArcaneSphere,Heavensward/Dungeon/D06TheAetherochemicalResearchFacility
5372,1111,4805,Boss,Heavensward/Dungeon/D11Antitower
5373,1111,0,PoroggoChoirtoad,Heavensward/Dungeon/D11Antitower
5374,1111,0,Chirp,Heavensward/Dungeon/D11Antitower
5378,1111,4813,Boss,Heavensward/Dungeon/D11Antitower
5600,1111,0,Calca,Heavensward/Dungeon/D11Antitower
5601,1111,0,Brina,Heavensward/Dungeon/D11Antitower
5602,1111,0,Calca1,Heavensward/Dungeon/D11Antitower
5603,1111,0,Brina1,Heavensward/Dungeon/D11Antitower
15746,1111,4808,Boss,Heavensward/Dungeon/D11Antitower
15747,1111,0,Stardust,Heavensward/Dungeon/D11Antitower
434,1112,0,Poqhiraj,Heavensward/Dungeon/D13SohrKhai
5468,1112,4952,Boss,Heavensward/Dungeon/D13SohrKhai
5469,1112,0,DarkCloud,Heavensward/Dungeon/D13SohrKhai
5470,1112,0,PrayerWall,Heavensward/Dungeon/D13SohrKhai
5627,1112,4943,Boss,Heavensward/Dungeon/D13SohrKhai
5628,1112,0,CaptainMogsun,Heavensward/Dungeon/D13SohrKhai
5629,1112,0,PomguardPomchopper,Heavensward/Dungeon/D13SohrKhai
5630,1112,0,PomguardPomfluffer,Heavensward/Dungeon/D13SohrKhai
5631,1112,0,PomguardPompiercer,Heavensward/Dungeon/D13SohrKhai
5632,1112,0,PomguardPomfryer,Heavensward/Dungeon/D13SohrKhai
5633,1112,0,PomguardPomcrier,Heavensward/Dungeon/D13SohrKhai
5634,1112,0,PomguardPompincher,Heavensward/Dungeon/D13SohrKhai
5635,1112,0,DemoniacalMogcane,Heavensward/Dungeon/D13SohrKhai
15639,1112,4954,Boss,Heavensward/Dungeon/D13SohrKhai
3365,1113,0,FallenRock,Heavensward/Dungeon/D15Xelphatol
6043,1113,5265,Boss,Heavensward/Dungeon/D15Xelphatol
6044,1113,0,IxaliStitcher,Heavensward/Dungeon/D15Xelphatol
6045,1113,0,Airstone,Heavensward/Dungeon/D15Xelphatol
6046,1113,0,FloatingTurret,Heavensward/Dungeon/D15Xelphatol
6047,1113,5269,Boss,Heavensward/Dungeon/D15Xelphatol
6048,1113,0,Whirlwind,Heavensward/Dungeon/D15Xelphatol
6050,1113,5272,Boss,Heavensward/Dungeon/D15Xelphatol
6051,1113,0,AbalathianHornbill1,Heavensward/Dungeon/D15Xelphatol
6052,1113,0,Garuda,Heavensward/Dungeon/D15Xelphatol
6461,1114,5564,Boss,Heavensward/Dungeon/D17BaelsarsWall
6462,1114,0,RestraintCollar,Heavensward/Dungeon/D17BaelsarsWall
6463,1114,0,BladeOfTheGriffin,Heavensward/Dungeon/D17BaelsarsWall
6464,1114,0,ThirdCohortHoplomachus,Heavensward/Dungeon/D17BaelsarsWall
15583,1118,12244,Althyk,Endwalker/Alliance/A22AlthykNymeia
15584,1118,0,Nymeia,Endwalker/Alliance/A22AlthykNymeia
15728,1118,12063,Boss,Endwalker/Alliance/A24Menphina
15745,1118,12065,Boss,Endwalker/Alliance/A21Nophica
15789,1118,12064,Boss,Endwalker/Alliance/A23Halone
15790,1118,0,GlacialSpearSmall,Endwalker/Alliance/A23Halone
15791,1118,0,GlacialSpearLarge,Endwalker/Alliance/A23Halone
15984,1118,0,HydrostasisQuick,Endwalker/Alliance/A22AlthykNymeia
15987,1118,0,Tower,Endwalker/Alliance/A21Nophica
15988,1118,0,IceSprite,Endwalker/Alliance/A24Menphina
15993,1118,0,CeremonialPillar,Endwalker/Alliance/A24Menphina
15708,1122,0,Boss,Endwalker/Ultimate/TOP
15709,1122,0,RocketPunch1,Endwalker/Ultimate/TOP
15710,1122,0,RocketPunch2,Endwalker/Ultimate/TOP
15712,1122,0,OmegaM,Endwalker/Ultimate/TOP
15713,1122,0,OmegaF,Endwalker/Ultimate/TOP
15716,1122,0,OpticalUnit,Endwalker/Ultimate/TOP
15717,1122,0,BossP3,Endwalker/Ultimate/TOP
15718,1122,0,LeftArmUnit,Endwalker/Ultimate/TOP
15719,1122,0,RightArmUnit,Endwalker/Ultimate/TOP
15720,1122,0,BossP5,Endwalker/Ultimate/TOP
15721,1122,0,OmegaMP5,Endwalker/Ultimate/TOP
15722,1122,0,OmegaFP5,Endwalker/Ultimate/TOP
15723,1122,0,RearPowerUnit,Endwalker/Ultimate/TOP
15725,1122,0,BossP6,Endwalker/Ultimate/TOP
15726,1122,0,CosmoMeteor,Endwalker/Ultimate/TOP
15727,1122,0,CosmoComet,Endwalker/Ultimate/TOP
15989,1122,0,IntermissionAlpha,Endwalker/Ultimate/TOP
15990,1122,0,IntermissionOmegaF,Endwalker/Ultimate/TOP
15655,1123,11997,Boss,Endwalker/TreasureHunt/TheShiftingGymnasionAgonon
15656,1123,0,BossAdd,Endwalker/TreasureHunt/TheShiftingGymnasionAgonon
15657,1123,11999,Boss,Endwalker/TreasureHunt/TheShiftingGymnasionAgonon
15658,1123,0,BossAdd,Endwalker/TreasureHunt/TheShiftingGymnasionAgonon
15659,1123,12001,Boss,Endwalker/TreasureHunt/TheShiftingGymnasionAgonon
15660,1123,0,BossAdd,Endwalker/TreasureHunt/TheShiftingGymnasionAgonon
15661,1123,12003,Boss,Endwalker/TreasureHunt/TheShiftingGymnasionAgonon
15662,1123,0,BossAdd,Endwalker/TreasureHunt/TheShiftingGymnasionAgonon
15663,1123,0,StormsGrip,Endwalker/TreasureHunt/TheShiftingGymnasionAgonon
15664,1123,12006,Boss,Endwalker/TreasureHunt/TheShiftingGymnasionAgonon
15665,1123,0,BossAdd,Endwalker/TreasureHunt/TheShiftingGymnasionAgonon
15666,1123,0,Bubble,Endwalker/TreasureHunt/TheShiftingGymnasionAgonon
15667,1123,12009,Boss,Endwalker/TreasureHunt/TheShiftingGymnasionAgonon
15669,1123,0,BossAdd1,Endwalker/TreasureHunt/TheShiftingGymnasionAgonon
15670,1123,0,BossAdd2,Endwalker/TreasureHunt/TheShiftingGymnasionAgonon
15671,1123,12012,Boss,Endwalker/TreasureHunt/TheShiftingGymnasionAgonon
15672,1123,0,BossAdd,Endwalker/TreasureHunt/TheShiftingGymnasionAgonon
15673,1123,12014,Boss,Endwalker/TreasureHunt/TheShiftingGymnasionAgonon
15674,1123,0,BossAdd,Endwalker/TreasureHunt/TheShiftingGymnasionAgonon
15675,1123,12016,Boss,Endwalker/TreasureHunt/TheShiftingGymnasionAgonon
15676,1123,0,BossAdd,Endwalker/TreasureHunt/TheShiftingGymnasionAgonon
15677,1123,0,VerdantPlume,Endwalker/TreasureHunt/TheShiftingGymnasionAgonon
15678,1123,12019,Boss,Endwalker/TreasureHunt/TheShiftingGymnasionAgonon
15679,1123,0,BossAdd,Endwalker/TreasureHunt/TheShiftingGymnasionAgonon
15680,1123,12021,Boss,Endwalker/TreasureHunt/TheShiftingGymnasionAgonon
15681,1123,12022,Boss,Endwalker/TreasureHunt/TheShiftingGymnasionAgonon
15682,1123,0,BossAdd,Endwalker/TreasureHunt/TheShiftingGymnasionAgonon
15683,1123,12024,Boss,Endwalker/TreasureHunt/TheShiftingGymnasionAgonon
15684,1123,0,IcePillars,Endwalker/TreasureHunt/TheShiftingGymnasionAgonon
15688,1123,12029,Boss,Endwalker/TreasureHunt/TheShiftingGymnasionAgonon
15693,1123,0,BonusAddLampas,Endwalker/TreasureHunt/TheShiftingGymnasionAgonon
15694,1123,0,BonusAddLyssa,Endwalker/TreasureHunt/TheShiftingGymnasionAgonon
15695,1123,0,GymnasticOnion,Endwalker/TreasureHunt/TheShiftingGymnasionAgonon
15696,1123,0,GymnasticEggplant,Endwalker/TreasureHunt/TheShiftingGymnasionAgonon
15697,1123,0,GymnasticGarlic,Endwalker/TreasureHunt/TheShiftingGymnasionAgonon
15698,1123,0,GymnasticTomato,Endwalker/TreasureHunt/TheShiftingGymnasionAgonon
15699,1123,0,GymnasticQueen,Endwalker/TreasureHunt/TheShiftingGymnasionAgonon
16016,1123,0,BallOfLevin,Endwalker/TreasureHunt/TheShiftingGymnasionAgonon
16042,1126,12334,Boss,Endwalker/Dungeon/D12Aetherfont
16043,1126,0,MammothTentacle,Endwalker/Dungeon/D12Aetherfont
16044,1126,0,Crystals,Endwalker/Dungeon/D12Aetherfont
16106,1126,12337,Boss,Endwalker/Dungeon/D12Aetherfont
16107,1126,12336,Boss,Endwalker/Dungeon/D12Aetherfont
17979,1127,13616,Boss,RealmReborn/Novice
17984,1127,0,NA03Bomb,RealmReborn/Novice
16539,1136,12351,Boss,Endwalker/Trial/T08Asura
16546,1136,0,AsuraImage,Endwalker/Trial/T08Asura
16632,1136,0,PhantomAsura,Endwalker/Trial/T08Asura
16215,1141,12365,Boss,Endwalker/Extreme/Ex6Golbez
16216,1141,0,ShadowDragon,Endwalker/Extreme/Ex6Golbez
16217,1141,0,GaleSphere,Endwalker/Extreme/Ex6Golbez
16218,1141,0,GolbezsShadow,Endwalker/Extreme/Ex6Golbez
6358,1142,0,Gen,Stormblood/Dungeon/D01SirensongSea
6907,1142,6071,Boss,Stormblood/Dungeon/D01SirensongSea
6908,1142,6072,Boss,Stormblood/Dungeon/D01SirensongSea
6909,1142,0,GenTheGroveller,Stormblood/Dungeon/D01SirensongSea
6910,1142,6074,Boss,Stormblood/Dungeon/D01SirensongSea
6814,1143,6173,Boss,Stormblood/Dungeon/D03BardamsMettle
6815,1143,0,SteppeSheep,Stormblood/Dungeon/D03BardamsMettle
6816,1143,0,SteppeYamaa2,Stormblood/Dungeon/D03BardamsMettle
6817,1143,0,SteppeYamaa1,Stormblood/Dungeon/D03BardamsMettle
6818,1143,0,SteppeCoeurl,Stormblood/Dungeon/D03BardamsMettle
6819,1143,0,Bardam,Stormblood/Dungeon/D03BardamsMettle
6820,1143,0,WarriorOfBardam,Stormblood/Dungeon/D03BardamsMettle
6821,1143,6180,Boss,Stormblood/Dungeon/D03BardamsMettle
6822,1143,6155,Boss,Stormblood/Dungeon/D03BardamsMettle
6823,1143,0,CorpsecleanerEagle,Stormblood/Dungeon/D03BardamsMettle
6824,1143,0,YolFeather,Stormblood/Dungeon/D03BardamsMettle
7178,1143,0,RightWing,Stormblood/Dungeon/D03BardamsMettle
7179,1143,0,LeftWing,Stormblood/Dungeon/D03BardamsMettle
8009,1143,0,ThrowingSpear,Stormblood/Dungeon/D03BardamsMettle
8010,1143,0,StarShard,Stormblood/Dungeon/D03BardamsMettle
8013,1143,0,LoomingShadow,Stormblood/Dungeon/D03BardamsMettle
7116,1144,6200,Boss,Stormblood/Dungeon/D04DomaCastle
7118,1144,0,RearguardMine,Stormblood/Dungeon/D04DomaCastle
7119,1144,0,RearguardBit,Stormblood/Dungeon/D04DomaCastle
7120,1144,6203,Boss,Stormblood/Dungeon/D04DomaCastle
7122,1144,0,HexadroneBit,Stormblood/Dungeon/D04DomaCastle
7123,1144,0,HexadroneBit2,Stormblood/Dungeon/D04DomaCastle
7124,1144,6205,Boss,Stormblood/Dungeon/D04DomaCastle
7125,1144,0,HypertunedGrynewaht,Stormblood/Dungeon/D04DomaCastle
7126,1144,0,RetunedMagitekBit,Stormblood/Dungeon/D04DomaCastle
7127,1144,0,RetunedMagitekBit2,Stormblood/Dungeon/D04DomaCastle
7128,1144,0,MagitekChakram,Stormblood/Dungeon/D04DomaCastle
6830,1145,6268,Boss,Stormblood/Dungeon/D05CastrumAbania
6831,1145,0,LegionPacker,Stormblood/Dungeon/D05CastrumAbania
6832,1145,0,LegionDeathClaw,Stormblood/Dungeon/D05CastrumAbania
16187,1145,12392,Boss,Stormblood/Dungeon/D05CastrumAbania
6358,1146,0,MagitekScorpion,Stormblood/Dungeon/D06AlaMhigo
7076,1146,6037,Boss,Stormblood/Dungeon/D06AlaMhigo
7077,1146,0,TargetSearchCrossHair,Stormblood/Dungeon/D06AlaMhigo
7078,1146,6038,Boss,Stormblood/Dungeon/D06AlaMhigo
7079,1146,0,PrototypeBit,Stormblood/Dungeon/D06AlaMhigo
7080,1146,0,PrototypeBit2,Stormblood/Dungeon/D06AlaMhigo
7082,1146,6039,Boss,Stormblood/Dungeon/D06AlaMhigo
7083,1146,0,ZenosYaeGalvus1,Stormblood/Dungeon/D06AlaMhigo
7084,1146,0,TheSwell,Stormblood/Dungeon/D06AlaMhigo
7085,1146,0,TheStorm,Stormblood/Dungeon/D06AlaMhigo
7086,1146,0,AmeNoHabakiri,Stormblood/Dungeon/D06AlaMhigo
7087,1146,0,EmptyVessel,Stormblood/Dungeon/D06AlaMhigo
7625,1146,0,N3,Stormblood/Dungeon/D06AlaMhigo
7629,1146,0,N1,Stormblood/Dungeon/D06AlaMhigo
7633,1146,0,N4,Stormblood/Dungeon/D06AlaMhigo
7635,1146,0,B,Stormblood/Dungeon/D06AlaMhigo
7640,1146,0,N,Stormblood/Dungeon/D06AlaMhigo
16087,1148,12369,Boss,Endwalker/Savage/P9SKokytos
16088,1148,0,KokytossEcho,Endwalker/Savage/P9SKokytos
16089,1148,0,BallOfLevin,Endwalker/Savage/P9SKokytos
16090,1148,0,Comet,Endwalker/Savage/P9SKokytos
16157,1150,12354,Boss,Endwalker/Savage/P10SPandaemonium
16158,1150,0,PandaemoniacPillarCircle,Endwalker/Savage/P10SPandaemonium
16159,1150,0,PandaemoniacPillarDonut,Endwalker/Savage/P10SPandaemonium
16160,1150,0,PandaemoniacPillarTurret,Endwalker/Savage/P10SPandaemonium
16161,1150,0,Pillar,Endwalker/Savage/P10SPandaemonium
16162,1150,0,ArcaneSphere,Endwalker/Savage/P10SPandaemonium
16114,1152,12388,Boss,Endwalker/Savage/P11SThemis
16115,1152,0,IllusoryThemis,Endwalker/Savage/P11SThemis
16117,1152,0,MirrorLight,Endwalker/Savage/P11SThemis
16118,1152,0,MirrorDark,Endwalker/Savage/P11SThemis
16119,1152,0,SphereLight,Endwalker/Savage/P11SThemis
16120,1152,0,SphereDark,Endwalker/Savage/P11SThemis
16121,1152,0,ArcaneCylinder,Endwalker/Savage/P11SThemis
16171,1154,12377,Boss,Endwalker/Savage/P12S1Athena
16172,1154,0,Anthropos,Endwalker/Savage/P12S1Athena
16173,1154,0,LogouIdea,Endwalker/Savage/P12S1Athena
16174,1154,0,ThymouIdea,Endwalker/Savage/P12S1Athena
16175,1154,0,EpithymiasIdea,Endwalker/Savage/P12S1Athena
16176,1154,0,SuperchainOrigin,Endwalker/Savage/P12S1Athena
16177,1154,0,SuperchainCircle,Endwalker/Savage/P12S1Athena
16178,1154,0,SuperchainDonut,Endwalker/Savage/P12S1Athena
16179,1154,0,SuperchainSpread,Endwalker/Savage/P12S1Athena
16180,1154,0,SuperchainPairs,Endwalker/Savage/P12S1Athena
16181,1154,12382,Boss,Endwalker/Savage/P12S2PallasAthena
16182,1154,0,Hemitheos,Endwalker/Savage/P12S2PallasAthena
16183,1154,0,ConceptOfFire,Endwalker/Savage/P12S2PallasAthena
16184,1154,0,ConceptOfWater,Endwalker/Savage/P12S2PallasAthena
16185,1154,0,ConceptOfEarth,Endwalker/Savage/P12S2PallasAthena
16186,1154,0,ForbiddenFactor,Endwalker/Savage/P12S2PallasAthena
16229,1154,0,Wing,Endwalker/Savage/P12S1Athena
16200,1155,12428,NBoss,Endwalker/Criterion/C02AMR/C021Shishio
16201,1155,0,NRaiun,Endwalker/Criterion/C02AMR/C021Shishio
16202,1155,0,NRairin,Endwalker/Criterion/C02AMR/C021Shishio
16203,1155,0,NDevilishThrall,Endwalker/Criterion/C02AMR/C021Shishio
16204,1155,0,NHauntingThrall,Endwalker/Criterion/C02AMR/C021Shishio
16225,1155,12373,NBoss,Endwalker/Criterion/C02AMR/C022Gorai
16226,1155,0,NBallOfLevin,Endwalker/Criterion/C02AMR/C022Gorai
16265,1155,12357,NBoss,Endwalker/Criterion/C02AMR/C023Moko
16266,1155,0,NMokoShadow,Endwalker/Criterion/C02AMR/C023Moko
16267,1155,0,NAshigaruKyuhei,Endwalker/Criterion/C02AMR/C023Moko
16268,1155,0,NOniClaw,Endwalker/Criterion/C02AMR/C023Moko
16269,1155,0,NAncientKatana,Endwalker/Criterion/C02AMR/C023Moko
16276,1155,12422,NRaiko,Endwalker/Criterion/C02AMR/C020Trash
16277,1155,0,NFurutsubaki,Endwalker/Criterion/C02AMR/C020Trash
16278,1155,12399,NFuko,Endwalker/Criterion/C02AMR/C020Trash
16279,1155,0,NPenghou,Endwalker/Criterion/C02AMR/C020Trash
16288,1155,12425,NYuki,Endwalker/Criterion/C02AMR/C020Trash
16205,1156,12428,SBoss,Endwalker/Criterion/C02AMR/C021Shishio
16206,1156,0,SRaiun,Endwalker/Criterion/C02AMR/C021Shishio
16207,1156,0,SRairin,Endwalker/Criterion/C02AMR/C021Shishio
16208,1156,0,SDevilishThrall,Endwalker/Criterion/C02AMR/C021Shishio
16209,1156,0,SHauntingThrall,Endwalker/Criterion/C02AMR/C021Shishio
16227,1156,12373,SBoss,Endwalker/Criterion/C02AMR/C022Gorai
16228,1156,0,SBallOfLevin,Endwalker/Criterion/C02AMR/C022Gorai
16270,1156,12357,SBoss,Endwalker/Criterion/C02AMR/C023Moko
16271,1156,0,SMokoShadow,Endwalker/Criterion/C02AMR/C023Moko
16272,1156,0,SAshigaruKyuhei,Endwalker/Criterion/C02AMR/C023Moko
16273,1156,0,SOniClaw,Endwalker/Criterion/C02AMR/C023Moko
16274,1156,0,SAncientKatana,Endwalker/Criterion/C02AMR/C023Moko
16282,1156,12422,SRaiko,Endwalker/Criterion/C02AMR/C020Trash
16283,1156,0,SFurutsubaki,Endwalker/Criterion/C02AMR/C020Trash
16284,1156,12399,SFuko,Endwalker/Criterion/C02AMR/C020Trash
16285,1156,0,SPenghou,Endwalker/Criterion/C02AMR/C020Trash
16290,1156,12425,SYuki,Endwalker/Criterion/C02AMR/C020Trash
16337,1164,0,StonePillar2,Endwalker/Dungeon/D13LunarSubterrane
16354,1164,12500,Boss,Endwalker/Dungeon/D13LunarSubterrane
16355,1164,0,HexingStaff,Endwalker/Dungeon/D13LunarSubterrane
16418,1164,12484,Boss,Endwalker/Dungeon/D13LunarSubterrane
16419,1164,0,StonePillar,Endwalker/Dungeon/D13LunarSubterrane
16450,1164,12584,Boss,Endwalker/Dungeon/D13LunarSubterrane
16451,1164,0,AethericCharge,Endwalker/Dungeon/D13LunarSubterrane
16741,1167,12711,Boss,Dawntrail/Dungeon/D01Ihuykatumu
16742,1167,0,IhuykatumuOcelot,Dawntrail/Dungeon/D01Ihuykatumu
16743,1167,0,IhuykatumuPuma,Dawntrail/Dungeon/D01Ihuykatumu
16744,1167,0,IhuykatumuSandworm1,Dawntrail/Dungeon/D01Ihuykatumu
16745,1167,0,IhuykatumuSandworm2,Dawntrail/Dungeon/D01Ihuykatumu
16748,1167,0,Whirlwind,Dawntrail/Dungeon/D01Ihuykatumu
16784,1167,12723,Boss,Dawntrail/Dungeon/D01Ihuykatumu
16785,1167,0,ProdigiousPunutiy,Dawntrail/Dungeon/D01Ihuykatumu
16786,1167,0,Punutiy,Dawntrail/Dungeon/D01Ihuykatumu
16787,1167,0,PetitPunutiy,Dawntrail/Dungeon/D01Ihuykatumu
16788,1167,0,IhuykatumuFlytrap,Dawntrail/Dungeon/D01Ihuykatumu
16789,1167,12716,Boss,Dawntrail/Dungeon/D01Ihuykatumu
16790,1167,0,GreenClot,Dawntrail/Dungeon/D01Ihuykatumu
16791,1167,0,BlueClot,Dawntrail/Dungeon/D01Ihuykatumu
16792,1167,0,RedClot,Dawntrail/Dungeon/D01Ihuykatumu
16793,1167,0,MimiclotGreen1,Dawntrail/Dungeon/D01Ihuykatumu
16794,1167,0,MimiclotBlue1,Dawntrail/Dungeon/D01Ihuykatumu
16795,1167,0,MimiclotRed,Dawntrail/Dungeon/D01Ihuykatumu
16796,1167,0,IhuykatumuIvy,Dawntrail/Dungeon/D01Ihuykatumu
16799,1167,0,MimiclotGreen2,Dawntrail/Dungeon/D01Ihuykatumu
16800,1167,0,MimiclotBlue2,Dawntrail/Dungeon/D01Ihuykatumu
16801,1167,0,MimiclotBlue3,Dawntrail/Dungeon/D01Ihuykatumu
16557,1169,12586,Boss,Endwalker/Extreme/Ex7Zeromus
16558,1169,0,Comet,Endwalker/Extreme/Ex7Zeromus
16559,1169,0,ToxicBubble,Endwalker/Extreme/Ex7Zeromus
16656,1169,0,FlowOfTheAbyss,Endwalker/Extreme/Ex7Zeromus
9130,1173,7669,Boss,Stormblood/Dungeon/D13TheBurn
9131,1173,0,MiningDrone,Stormblood/Dungeon/D13TheBurn
9132,1173,0,RockBiter,Stormblood/Dungeon/D13TheBurn
9133,1173,0,RepurposedDreadnaught,Stormblood/Dungeon/D13TheBurn
9241,1173,7667,Boss,Stormblood/Dungeon/D13TheBurn
9242,1173,0,DimCrystal,Stormblood/Dungeon/D13TheBurn
9265,1173,7672,Boss,Stormblood/Dungeon/D13TheBurn
9266,1173,0,DraconicRegard,Stormblood/Dungeon/D13TheBurn
9267,1173,0,Mist,Stormblood/Dungeon/D13TheBurn
9493,1174,7856,Boss,Stormblood/Dungeon/D15GhimlytDark
9504,1174,0,ScholaAvenger,Stormblood/Dungeon/D15GhimlytDark
9510,1174,7886,Boss,Stormblood/Dungeon/D15GhimlytDark
9511,1174,0,ScholaColossusRubricatus,Stormblood/Dungeon/D15GhimlytDark
9512,1174,7888,Boss,Stormblood/Dungeon/D15GhimlytDark
9647,1174,7857,Boss,Stormblood/Dungeon/D15GhimlytDark
9648,1174,0,AnniaQuoSoranus,Stormblood/Dungeon/D15GhimlytDark
9649,1174,0,SoranusDuo1,Stormblood/Dungeon/D15GhimlytDark
9650,1174,0,CeruleumTank,Stormblood/Dungeon/D15GhimlytDark
9653,1174,0,SoranusDuo2,Stormblood/Dungeon/D15GhimlytDark
9690,1174,7855,Boss,Stormblood/Dungeon/D15GhimlytDark
9778,1174,0,KanESenna,Stormblood/Dungeon/D15GhimlytDark
9963,1174,0,ScholaCenturion,Stormblood/Dungeon/D15GhimlytDark
9964,1174,0,ScholaLaquearius,Stormblood/Dungeon/D15GhimlytDark
9966,1174,0,ScholaEques,Stormblood/Dungeon/D15GhimlytDark
16400,1178,12478,Serpent,Endwalker/Alliance/A30Trash
16401,1178,0,Triton,Endwalker/Alliance/A30Trash
16402,1178,0,DivineSprite,Endwalker/Alliance/A30Trash
16403,1178,12481,AngelosPack1,Endwalker/Alliance/A30Trash
16404,1178,0,AngelosMikros,Endwalker/Alliance/A30Trash
16420,1178,11299,Boss,Endwalker/Alliance/A32Llymlaen
16421,1178,0,Trident,Endwalker/Alliance/A32Llymlaen
16422,1178,0,Perykos,Endwalker/Alliance/A32Llymlaen
16423,1178,0,Thalaos,Endwalker/Alliance/A32Llymlaen
16425,1178,0,SeaFoam,Endwalker/Alliance/A32Llymlaen
16460,1178,11298,Boss,Endwalker/Alliance/A31Thaliak
16461,1178,0,Clone,Endwalker/Alliance/A31Thaliak
16493,1178,11300,BossP1,Endwalker/Alliance/A33Oschon
16494,1178,0,Avatar,Endwalker/Alliance/A33Oschon
16495,1178,0,BossP2,Endwalker/Alliance/A33Oschon
16517,1178,0,WaterSprite,Endwalker/Alliance/A30Trash
16518,1178,11301,Boss,Endwalker/Alliance/A34Eulogia
16519,1178,0,Avatar,Endwalker/Alliance/A34Eulogia
16522,1178,0,HydrostasisQuick,Endwalker/Alliance/A34Eulogia
16523,1178,0,WardensFlame,Endwalker/Alliance/A34Eulogia
16524,1178,0,FistOfWrath,Endwalker/Alliance/A34Eulogia
16525,1178,0,FistOfJudgment,Endwalker/Alliance/A34Eulogia
16526,1178,0,Trident,Endwalker/Alliance/A34Eulogia
16527,1178,0,Hieroglyphika,Endwalker/Alliance/A34Eulogia
16554,1178,0,HieroglyphikaIndicator,Endwalker/Alliance/A31Thaliak
16609,1178,12481,AngelosPack2,Endwalker/Alliance/A30Trash
16446,1179,12639,NBoss,Endwalker/Criterion/C03AAI/C032Lala
16447,1179,0,NArcaneFont,Endwalker/Criterion/C03AAI/C032Lala
16448,1179,0,NArcaneGlobe,Endwalker/Criterion/C03AAI/C032Lala
16449,1179,0,NAloaloGolem,Endwalker/Criterion/C03AAI/C032Lala
16477,1179,12506,NBoss,Endwalker/Criterion/C03AAI/C033Statice
16478,1179,0,NHomingPattern,Endwalker/Criterion/C03AAI/C033Statice
16479,1179,0,NNeedle,Endwalker/Criterion/C03AAI/C033Statice
16480,1179,0,NBallOfFire,Endwalker/Criterion/C03AAI/C033Statice
16481,1179,0,NBomb,Endwalker/Criterion/C03AAI/C033Statice
16482,1179,0,NSurprisingMissile,Endwalker/Criterion/C03AAI/C033Statice
16483,1179,0,NSurprisingStaff,Endwalker/Criterion/C03AAI/C033Statice
16484,1179,0,NSurprisingClaw,Endwalker/Criterion/C03AAI/C033Statice
16540,1179,12605,NBoss,Endwalker/Criterion/C03AAI/C031Ketuduke
16541,1179,0,NSpringCrystalSphere,Endwalker/Criterion/C03AAI/C031Ketuduke
16542,1179,0,NSpringCrystalRect,Endwalker/Criterion/C03AAI/C031Ketuduke
16543,1179,0,NAiryBubbleTyphoon,Endwalker/Criterion/C03AAI/C031Ketuduke
16544,1179,0,NAiryBubbleExaflare,Endwalker/Criterion/C03AAI/C031Ketuduke
16545,1179,0,NZaratan,Endwalker/Criterion/C03AAI/C031Ketuduke
16582,1179,0,ConeSlice,Endwalker/Criterion/C03AAI/C033Statice
16584,1179,12632,NKiwakin,Endwalker/Criterion/C03AAI/C030Trash
16585,1179,12537,NSnipper,Endwalker/Criterion/C03AAI/C030Trash
16586,1179,0,NCrab,Endwalker/Criterion/C03AAI/C030Trash
16587,1179,12631,NMonk,Endwalker/Criterion/C03AAI/C030Trash
16588,1179,12541,NRay,Endwalker/Criterion/C03AAI/C030Trash
16589,1179,0,NPaddleBiter,Endwalker/Criterion/C03AAI/C030Trash
16590,1179,0,Twister,Endwalker/Criterion/C03AAI/C030Trash
16485,1180,12506,SBoss,Endwalker/Criterion/C03AAI/C033Statice
16486,1180,0,SHomingPattern,Endwalker/Criterion/C03AAI/C033Statice
16487,1180,0,SNeedle,Endwalker/Criterion/C03AAI/C033Statice
16488,1180,0,SBallOfFire,Endwalker/Criterion/C03AAI/C033Statice
16489,1180,0,SBomb,Endwalker/Criterion/C03AAI/C033Statice
16490,1180,0,SSurprisingMissile,Endwalker/Criterion/C03AAI/C033Statice
16491,1180,0,SSurprisingStaff,Endwalker/Criterion/C03AAI/C033Statice
16492,1180,0,SSurprisingClaw,Endwalker/Criterion/C03AAI/C033Statice
16547,1180,12605,SBoss,Endwalker/Criterion/C03AAI/C031Ketuduke
16548,1180,0,SSpringCrystalSphere,Endwalker/Criterion/C03AAI/C031Ketuduke
16549,1180,0,SSpringCrystalRect,Endwalker/Criterion/C03AAI/C031Ketuduke
16550,1180,0,SAiryBubbleTyphoon,Endwalker/Criterion/C03AAI/C031Ketuduke
16551,1180,0,SAiryBubbleExaflare,Endwalker/Criterion/C03AAI/C031Ketuduke
16552,1180,0,SZaratan,Endwalker/Criterion/C03AAI/C031Ketuduke
16582,1180,0,ConeSlice,Endwalker/Criterion/C03AAI/C033Statice
16590,1180,0,Twister,Endwalker/Criterion/C03AAI/C030Trash
16594,1180,12632,SKiwakin,Endwalker/Criterion/C03AAI/C030Trash
16595,1180,12537,SSnipper,Endwalker/Criterion/C03AAI/C030Trash
16596,1180,0,SCrab,Endwalker/Criterion/C03AAI/C030Trash
16597,1180,12631,SMonk,Endwalker/Criterion/C03AAI/C030Trash
16598,1180,12541,SRay,Endwalker/Criterion/C03AAI/C030Trash
16599,1180,0,SPaddleBiter,Endwalker/Criterion/C03AAI/C030Trash
16604,1180,12639,SBoss,Endwalker/Criterion/C03AAI/C032Lala
16605,1180,0,SArcaneFont,Endwalker/Criterion/C03AAI/C032Lala
16606,1180,0,SArcaneGlobe,Endwalker/Criterion/C03AAI/C032Lala
16607,1180,0,SAloaloGolem,Endwalker/Criterion/C03AAI/C032Lala
16729,1193,12699,Boss,Dawntrail/Dungeon/D02WorqorZormor
16730,1193,0,QorrlohTeh,Dawntrail/Dungeon/D02WorqorZormor
16731,1193,0,RorrlohTeh,Dawntrail/Dungeon/D02WorqorZormor
16732,1193,0,Snowball,Dawntrail/Dungeon/D02WorqorZormor
16733,1193,12703,Boss,Dawntrail/Dungeon/D02WorqorZormor
16734,1193,0,CrystallineDebris,Dawntrail/Dungeon/D02WorqorZormor
16735,1193,12705,Boss,Dawntrail/Dungeon/D02WorqorZormor
16736,1193,0,BitingWind,Dawntrail/Dungeon/D02WorqorZormor
16738,1193,0,AuraSphere,Dawntrail/Dungeon/D02WorqorZormor
16772,1194,12888,Boss,Dawntrail/Dungeon/D03SkydeepCenote
16839,1194,12728,Boss,Dawntrail/Dungeon/D03SkydeepCenote
16851,1194,12755,Boss,Dawntrail/Dungeon/D03SkydeepCenote
16852,1194,0,AiryBubble,Dawntrail/Dungeon/D03SkydeepCenote
16661,1195,12854,Boss,Dawntrail/Trial
16662,1195,0,FeatherOfRuin,Dawntrail/Trial
16663,1195,0,IceBoulder,Dawntrail/Trial
16761,1195,0,Valigarmanda3,Dawntrail/Trial
16762,1195,0,Valigarmanda1,Dawntrail/Trial
16769,1195,0,ArcaneSphere,Dawntrail/Trial
17290,1195,0,ThunderousBeacon,Dawntrail/Trial
17291,1195,0,FlameKissedBeacon,Dawntrail/Trial
17292,1195,0,GlacialBeacon,Dawntrail/Trial
17555,1195,0,ArcaneSphere2,Dawntrail/Trial
16664,1196,12854,Boss,Dawntrail/Extreme/Ex1Valigarmanda
16665,1196,0,FeatherOfRuin,Dawntrail/Extreme/Ex1Valigarmanda
16666,1196,0,IceBoulderJail,Dawntrail/Extreme/Ex1Valigarmanda
16667,1196,0,ChillingCataclysmArcaneSphere,Dawntrail/Extreme/Ex1Valigarmanda
16763,1196,0,IceTalon1,Dawntrail/Extreme/Ex1Valigarmanda
16764,1196,0,IceTalon2,Dawntrail/Extreme/Ex1Valigarmanda
16770,1196,0,ArcaneSphere,Dawntrail/Extreme/Ex1Valigarmanda
17293,1196,0,ThunderousBeacon,Dawntrail/Extreme/Ex1Valigarmanda
17294,1196,0,FlameKissedBeacon,Dawntrail/Extreme/Ex1Valigarmanda
17295,1196,0,GlacialBeacon,Dawntrail/Extreme/Ex1Valigarmanda
17554,1196,0,IceBoulder,Dawntrail/Extreme/Ex1Valigarmanda
16669,1198,12750,Boss,Dawntrail/Dungeon/D04Vanguard
16670,1198,12752,BossP1,Dawntrail/Dungeon/D04Vanguard
16826,1198,0,BossP2,Dawntrail/Dungeon/D04Vanguard
16828,1198,0,VanguardSentryR8,Dawntrail/Dungeon/D04Vanguard
16951,1198,12757,Boss,Dawntrail/Dungeon/D04Vanguard
16952,1198,0,LaserTurret,Dawntrail/Dungeon/D04Vanguard
16953,1198,0,ExplosiveTurret,Dawntrail/Dungeon/D04Vanguard
16981,1198,0,FulminousFence,Dawntrail/Dungeon/D04Vanguard
6358,1199,0,ElectricCharge,Dawntrail/Dungeon/D06Alexandria
16746,1199,12864,Boss,Dawntrail/Dungeon/D06Alexandria
16747,1199,0,AddBlock,Dawntrail/Dungeon/D06Alexandria
16755,1199,12844,Boss,Dawntrail/Dungeon/D06Alexandria
16756,1199,0,InterferonR,Dawntrail/Dungeon/D06Alexandria
16757,1199,0,InterferonC,Dawntrail/Dungeon/D06Alexandria
16846,1199,12729,Boss,Dawntrail/Dungeon/D06Alexandria
16847,1199,0,EliminationClaw,Dawntrail/Dungeon/D06Alexandria
16848,1199,0,Elimbit,Dawntrail/Dungeon/D06Alexandria
16849,1199,0,LightningGenerator,Dawntrail/Dungeon/D06Alexandria
17065,1200,12881,Boss,Dawntrail/Trial/T03Everkeep
17066,1200,0,Fang,Dawntrail/Trial/T03Everkeep
17068,1200,0,ShadowOfTuralSword,Dawntrail/Trial/T03Everkeep
17069,1200,0,ShadowOfTuralSpear,Dawntrail/Trial/T03Everkeep
17076,1200,0,BossP2,Dawntrail/Trial/T03Everkeep
17078,1200,0,FangSmall,Dawntrail/Trial/T03Everkeep
17320,1200,0,ShadowOfTural,Dawntrail/Trial/T03Everkeep
16726,1201,0,ProjectionOfTriumphCircle,Dawntrail/Extreme/Ex2ZoraalJa
16727,1201,0,ProjectionOfTriumphDonut,Dawntrail/Extreme/Ex2ZoraalJa
17067,1201,0,FangBlade,Dawntrail/Extreme/Ex2ZoraalJa
17077,1201,12882,Boss,Dawntrail/Extreme/Ex2ZoraalJa
17079,1201,0,FangVollokSmall,Dawntrail/Extreme/Ex2ZoraalJa
17080,1201,0,FangVollokLarge,Dawntrail/Extreme/Ex2ZoraalJa
17085,1201,0,ProjectionOfTurmoil,Dawntrail/Extreme/Ex2ZoraalJa
17086,1201,0,BitingWind,Dawntrail/Extreme/Ex2ZoraalJa
16752,1208,12693,Boss,Dawntrail/Dungeon/D05Origenics
16753,1208,0,SentryReal,Dawntrail/Dungeon/D05Origenics
16754,1208,0,SentryFake,Dawntrail/Dungeon/D05Origenics
16765,1208,12695,Boss,Dawntrail/Dungeon/D05Origenics
16766,1208,0,OrigenicsEyeborg,Dawntrail/Dungeon/D05Origenics
16767,1208,0,Superfluity,Dawntrail/Dungeon/D05Origenics
16768,1208,0,Electrolance,Dawntrail/Dungeon/D05Origenics
16773,1208,12741,Boss,Dawntrail/Dungeon/D05Origenics
17152,1209,0,TuraliOnion,Dawntrail/TreasureHunt
17153,1209,0,TuraliEggplant,Dawntrail/TreasureHunt
17154,1209,0,TuraliGarlic,Dawntrail/TreasureHunt
17155,1209,0,TuraliTomato,Dawntrail/TreasureHunt
17156,1209,0,TuligoraQueen,Dawntrail/TreasureHunt
17157,1209,13247,Boss,Dawntrail/TreasureHunt
17193,1226,12686,Boss,Dawntrail/Savage/RM01SBlackCat
17194,1226,0,CopyCat,Dawntrail/Savage/RM01SBlackCat
17195,1226,0,LeapTarget,Dawntrail/Savage/RM01SBlackCat
17196,1226,0,Soulshade,Dawntrail/Savage/RM01SBlackCat
16941,1228,12685,Boss,Dawntrail/Savage/RM02SHoneyBLovely
16942,1228,0,Groupbee,Dawntrail/Savage/RM02SHoneyBLovely
16943,1228,0,Sweetheart,Dawntrail/Savage/RM02SHoneyBLovely
16945,1228,0,PoisonCloud,Dawntrail/Savage/RM02SHoneyBLovely
17094,1230,13356,Boss,Dawntrail/Savage/RM03SBruteBomber
17095,1230,0,LitFuse,Dawntrail/Savage/RM03SBruteBomber
17096,1230,0,Refbot,Dawntrail/Savage/RM03SBruteBomber
17098,1230,0,SinisterSpark,Dawntrail/Savage/RM03SBruteBomber
17099,1230,0,BruteDistortion,Dawntrail/Savage/RM03SBruteBomber
17322,1232,13057,BossP1,Dawntrail/Savage/RM04SWickedThunder
17323,1232,0,WickedReplica,Dawntrail/Savage/RM04SWickedThunder
17324,1232,0,GunBattery,Dawntrail/Savage/RM04SWickedThunder
17325,1232,0,Electromine,Dawntrail/Savage/RM04SWickedThunder
17326,1232,0,BossP2,Dawntrail/Savage/RM04SWickedThunder
17327,1232,0,SerpentsTongue,Dawntrail/Savage/RM04SWickedThunder
17819,1238,9707,BossP1,Dawntrail/Ultimate/FRU
17820,1238,0,FatebreakersImage,Dawntrail/Ultimate/FRU
17821,1238,0,HaloOfFlame,Dawntrail/Ultimate/FRU
17822,1238,0,HaloOfLevin,Dawntrail/Ultimate/FRU
17823,1238,0,BossP2,Dawntrail/Ultimate/FRU
17824,1238,0,OraclesReflection,Dawntrail/Ultimate/FRU
17825,1238,0,FrozenMirror,Dawntrail/Ultimate/FRU
17826,1238,0,HolyLight,Dawntrail/Ultimate/FRU
17827,1238,0,CrystalOfLight,Dawntrail/Ultimate/FRU
17828,1238,0,CrystalOfDarkness,Dawntrail/Ultimate/FRU
17829,1238,0,IceVeil,Dawntrail/Ultimate/FRU
17830,1238,0,Gaia,Dawntrail/Ultimate/FRU
17831,1238,0,BossP3,Dawntrail/Ultimate/FRU
17832,1238,0,DelightsHourglass,Dawntrail/Ultimate/FRU
17833,1238,0,UsurperOfFrostP4,Dawntrail/Ultimate/FRU
17834,1238,0,GreatWyrm,Dawntrail/Ultimate/FRU
17835,1238,0,OracleOfDarknessP4,Dawntrail/Ultimate/FRU
17836,1238,0,DrachenWanderer,Dawntrail/Ultimate/FRU
17837,1238,0,SorrowsHourglass,Dawntrail/Ultimate/FRU
17838,1238,0,GuardianOfEden,Dawntrail/Ultimate/FRU
17839,1238,0,BossP5,Dawntrail/Ultimate/FRU
17841,1238,0,FragmentOfFate,Dawntrail/Ultimate/FRU
17844,1238,0,VisionOfRyne,Dawntrail/Ultimate/FRU
17845,1238,0,VisionOfGaia,Dawntrail/Ultimate/FRU
17950,1241,13624,Boss,Dawntrail/Chaotic/Ch01CloudOfDarkness
17951,1241,0,StygianShadow,Dawntrail/Chaotic/Ch01CloudOfDarkness
17952,1241,0,Atomos,Dawntrail/Chaotic/Ch01CloudOfDarkness
17953,1241,0,DeathsHand,Dawntrail/Chaotic/Ch01CloudOfDarkness
17954,1241,0,StygianTendrils,Dawntrail/Chaotic/Ch01CloudOfDarkness
17955,1241,0,CloudletOfDarkness,Dawntrail/Chaotic/Ch01CloudOfDarkness
17956,1241,0,BallOfNaught,Dawntrail/Chaotic/Ch01CloudOfDarkness
17958,1241,0,SinisterEye,Dawntrail/Chaotic/Ch01CloudOfDarkness
17985,1242,13623,Boss,Dawntrail/Dungeon/D09Yuweyawata
17986,1242,0,RawElectrope,Dawntrail/Dungeon/D09Yuweyawata
17994,1242,13634,Boss,Dawntrail/Dungeon/D09Yuweyawata
17995,1242,0,PreservedSoul,Dawntrail/Dungeon/D09Yuweyawata
17996,1242,13610,Boss,Dawntrail/Dungeon/D09Yuweyawata
18039,1243,13029,BossP1,Dawntrail/Extreme/Ex3Sphene
18040,1243,0,BossP2,Dawntrail/Extreme/Ex3Sphene
18041,1243,0,QueenEternalHandP1,Dawntrail/Extreme/Ex3Sphene
18042,1243,0,QueenEternalHandP2,Dawntrail/Extreme/Ex3Sphene
18044,1243,0,Twister,Dawntrail/Extreme/Ex3Sphene
18045,1243,0,VirtualBoulder,Dawntrail/Extreme/Ex3Sphene
18046,1243,0,GravityOrb,Dawntrail/Extreme/Ex3Sphene
18047,1243,0,IcePillar1,Dawntrail/Extreme/Ex3Sphene
18048,1243,0,IcePillar2,Dawntrail/Extreme/Ex3Sphene
16869,1248,13662,Boss,Dawntrail/Alliance/A12Fafnir
16871,1248,0,RavagingWind,Dawntrail/Alliance/A12Fafnir
16872,1248,0,BitingWind,Dawntrail/Alliance/A12Fafnir
16873,1248,0,Darter,Dawntrail/Alliance/A12Fafnir
18007,1248,13653,Boss,Dawntrail/Alliance/A14ShadowLord
18009,1248,0,LordlyShadow,Dawntrail/Alliance/A14ShadowLord
18035,1248,13351,Boss,Dawntrail/Alliance/A11Prishe
18036,1248,0,LuminousRemnant,Dawntrail/Alliance/A11Prishe
18049,1248,0,BossHM,Dawntrail/Alliance/A13ArkAngels
18050,1248,0,BossEV,Dawntrail/Alliance/A13ArkAngels
18051,1248,0,BossMR,Dawntrail/Alliance/A13ArkAngels
18052,1248,0,BossTT,Dawntrail/Alliance/A13ArkAngels
18053,1248,13641,BossGK,Dawntrail/Alliance/A13ArkAngels
18054,1248,0,CloneHM,Dawntrail/Alliance/A13ArkAngels
18127,1248,0,JumpPoint,Dawntrail/Alliance/A11Prishe
18260,1248,0,ArkShield,Dawntrail/Alliance/A13ArkAngels
14708,1252,13838,Boss,Dawntrail/Foray/ForkedTower/FT03MarbleDragon
14710,1252,0,Icewind,Dawntrail/Foray/ForkedTower/FT03MarbleDragon
14730,1252,0,IceGolem,Dawntrail/Foray/ForkedTower/FT03MarbleDragon
14786,1252,0,IceSprite,Dawntrail/Foray/ForkedTower/FT03MarbleDragon
14809,1252,0,GelidGaol,Dawntrail/Foray/ForkedTower/FT03MarbleDragon
17871,1252,0,CrescentLionStatant,Dawntrail/Foray/CriticalEngagement
17873,1252,0,AnimatedDoll1,Dawntrail/Foray/CriticalEngagement
17874,1252,0,AnimatedDoll2,Dawntrail/Foray/CriticalEngagement
18075,1252,13726,Boss,Dawntrail/Foray/CriticalEngagement
18076,1252,0,MythicMirror,Dawntrail/Foray/CriticalEngagement
18078,1252,13638,Boss,Dawntrail/Foray/CriticalEngagement
18079,1252,0,Chatterbird,Dawntrail/Foray/CriticalEngagement
18085,1252,0,BlackStar,Dawntrail/Foray/CriticalEngagement
18086,1252,0,Chocobo1,Dawntrail/Foray/CriticalEngagement
18087,1252,13637,Boss,Dawntrail/Foray/CriticalEngagement
18088,1252,0,Chocobo2,Dawntrail/Foray/CriticalEngagement
18089,1252,0,Chocobo4,Dawntrail/Foray/CriticalEngagement
18101,1252,13646,Boss,Dawntrail/Foray/CriticalEngagement
18102,1252,0,JestingJackanapes,Dawntrail/Foray/CriticalEngagement
18103,1252,0,Tentacle,Dawntrail/Foray/CriticalEngagement
18116,1252,13656,Boss,Dawntrail/Foray/CriticalEngagement
18117,1252,0,PhantomClaw,Dawntrail/Foray/CriticalEngagement
18118,1252,0,Clawmarks1,Dawntrail/Foray/CriticalEngagement
18119,1252,0,Clawmarks2,Dawntrail/Foray/CriticalEngagement
18120,1252,0,Clawmarks3,Dawntrail/Foray/CriticalEngagement
18121,1252,13666,Boss,Dawntrail/Foray/CriticalEngagement
18123,1252,0,CloisterTorch,Dawntrail/Foray/CriticalEngagement
18124,1252,13649,Boss,Dawntrail/Foray/CriticalEngagement
18125,1252,0,HolySphere,Dawntrail/Foray/CriticalEngagement
18129,1252,13659,Boss,Dawntrail/Foray/CriticalEngagement
18130,1252,0,AvianHusk,Dawntrail/Foray/CriticalEngagement
18131,1252,0,Hinkypunk,Dawntrail/Foray/CriticalEngagement
18133,1252,0,DeathWall,Dawntrail/Foray/ForkedTower/FT03MarbleDragon
18140,1252,13809,Boss,Dawntrail/Foray/CriticalEngagement
18141,1252,0,RadiantBeacon,Dawntrail/Foray/CriticalEngagement
18142,1252,0,RadiantRoundel,Dawntrail/Foray/CriticalEngagement
18143,1252,0,LightSprite,Dawntrail/Foray/CriticalEngagement
18144,1252,0,OchreStone,Dawntrail/Foray/CriticalEngagement
18145,1252,13814,Boss,Dawntrail/Foray/CriticalEngagement
18146,1252,0,VassalVessel,Dawntrail/Foray/CriticalEngagement
18147,1252,13947,Boss,Dawntrail/Foray/ForkedTower/FT04Magitaur
18148,1252,0,LuminousLance,Dawntrail/Foray/ForkedTower/FT04Magitaur
18149,1252,0,SagesStaff,Dawntrail/Foray/ForkedTower/FT04Magitaur
18150,1252,0,AssassinsDagger,Dawntrail/Foray/ForkedTower/FT04Magitaur
18151,1252,13695,Boss,Dawntrail/Foray/CriticalEngagement
18152,1252,0,RedGem,Dawntrail/Foray/CriticalEngagement
18153,1252,0,BlueGem,Dawntrail/Foray/CriticalEngagement
18154,1252,0,Turtleshell,Dawntrail/Foray/CriticalEngagement
18155,1252,0,LanceEmpowermentConduit,Dawntrail/Foray/ForkedTower/FT04Magitaur
18156,1252,0,AxeEmpowermentConduit,Dawntrail/Foray/ForkedTower/FT04Magitaur
18169,1252,0,UniversalEmpowermentConduit,Dawntrail/Foray/ForkedTower/FT04Magitaur
18179,1252,13759,Boss,Dawntrail/Foray/CriticalEngagement
18180,1252,13717,Boss,Dawntrail/Foray/CriticalEngagement
18181,1252,0,PetalodusProgeny2,Dawntrail/Foray/CriticalEngagement
18182,1252,0,Marker1,Dawntrail/Foray/CriticalEngagement
18183,1252,0,Marker2,Dawntrail/Foray/CriticalEngagement
18186,1252,13760,Boss,Dawntrail/Foray/ForkedTower/FT01DemonTablet
18187,1252,0,SummonedDemon,Dawntrail/Foray/ForkedTower/FT01DemonTablet
18188,1252,0,SummonedArchdemon,Dawntrail/Foray/ForkedTower/FT01DemonTablet
18189,1252,0,DemonSpawn,Dawntrail/Foray/ForkedTower/FT01DemonTablet
18197,1252,13696,Boss,Dawntrail/Foray/CriticalEngagement
18198,1252,0,DraconicDouble,Dawntrail/Foray/CriticalEngagement
18199,1252,0,Crystal,Dawntrail/Foray/CriticalEngagement
18202,1252,13702,Boss,Dawntrail/Foray/FATE
18206,1252,0,OccultKnight0,Dawntrail/Foray/CriticalEngagement
18207,1252,0,OccultKnight1,Dawntrail/Foray/CriticalEngagement
18208,1252,0,Megaloknight,Dawntrail/Foray/CriticalEngagement
18209,1252,0,OccultKnight2,Dawntrail/Foray/CriticalEngagement
18233,1252,0,CommandUrn,Dawntrail/Foray/CriticalEngagement
18310,1252,13738,Triton,Dawntrail/Foray/ForkedTower/FT02DeadStars
18311,1252,0,Nereid,Dawntrail/Foray/ForkedTower/FT02DeadStars
18312,1252,0,Phobos,Dawntrail/Foray/ForkedTower/FT02DeadStars
18315,1252,0,LiquifiedTriton,Dawntrail/Foray/ForkedTower/FT02DeadStars
18316,1252,0,LiquifiedNereid,Dawntrail/Foray/ForkedTower/FT02DeadStars
18317,1252,0,DeadStars,Dawntrail/Foray/ForkedTower/FT02DeadStars
18364,1252,0,PetalodusProgeny1,Dawntrail/Foray/CriticalEngagement
18416,1252,0,BallOfFire,Dawntrail/Foray/CriticalEngagement
18452,1252,0,GaseousNereid,Dawntrail/Foray/ForkedTower/FT02DeadStars
18453,1252,0,GaseousPhobos,Dawntrail/Foray/ForkedTower/FT02DeadStars
18454,1252,0,FrozenTriton,Dawntrail/Foray/ForkedTower/FT02DeadStars
18455,1252,0,FrozenPhobos,Dawntrail/Foray/ForkedTower/FT02DeadStars
18361,1257,13778,Boss,Dawntrail/Savage/RM05SDancingGreen
18362,1257,0,Frogtourage,Dawntrail/Savage/RM05SDancingGreen
18363,1257,0,Spotlight,Dawntrail/Savage/RM05SDancingGreen
18335,1259,13822,Boss,Dawntrail/Savage/RM06SSugarRiot
18336,1259,0,PaintBomb,Dawntrail/Savage/RM06SSugarRiot
18337,1259,0,HeavenBomb,Dawntrail/Savage/RM06SSugarRiot
18338,1259,0,SweetShot,Dawntrail/Savage/RM06SSugarRiot
18339,1259,0,TempestPiece,Dawntrail/Savage/RM06SSugarRiot
18340,1259,0,MouthwateringMorbol,Dawntrail/Savage/RM06SSugarRiot
18341,1259,0,CandiedSuccubus,Dawntrail/Savage/RM06SSugarRiot
18342,1259,0,StickyPudding,Dawntrail/Savage/RM06SSugarRiot
18343,1259,0,Mu,Dawntrail/Savage/RM06SSugarRiot
18344,1259,0,Yan,Dawntrail/Savage/RM06SSugarRiot
18345,1259,0,Jabberwock,Dawntrail/Savage/RM06SSugarRiot
18346,1259,0,FeatherRay,Dawntrail/Savage/RM06SSugarRiot
18347,1259,0,GimmeCat,Dawntrail/Savage/RM06SSugarRiot
18356,1259,0,Canvas,Dawntrail/Savage/RM06SSugarRiot
18307,1261,13756,Boss,Dawntrail/Savage/RM07SBruteAbominator
18308,1261,0,BloomingAbomination,Dawntrail/Savage/RM07SBruteAbominator
18309,1261,0,Building,Dawntrail/Savage/RM07SBruteAbominator
18460,1261,0,BruteAbombinatorPart,Dawntrail/Savage/RM07SBruteAbominator
18215,1263,13843,Boss,Dawntrail/Savage/RM08SHowlingBlade
18216,1263,0,Shadow,Dawntrail/Savage/RM08SHowlingBlade
18217,1263,0,MoonlitShadow,Dawntrail/Savage/RM08SHowlingBlade
18218,1263,0,WolfOfWindDecay,Dawntrail/Savage/RM08SHowlingBlade
18219,1263,0,WolfOfWindTactical,Dawntrail/Savage/RM08SHowlingBlade
18220,1263,0,GleamingFangCharge,Dawntrail/Savage/RM08SHowlingBlade
18221,1263,0,GleamingFangCrossing,Dawntrail/Savage/RM08SHowlingBlade
18222,1263,0,BossP2,Dawntrail/Savage/RM08SHowlingBlade
18223,1263,0,GleamingFangBeam,Dawntrail/Savage/RM08SHowlingBlade
18224,1263,0,GleamingFangInout,Dawntrail/Savage/RM08SHowlingBlade
18225,1263,0,WolfOfStoneTactical,Dawntrail/Savage/RM08SHowlingBlade
18227,1263,0,HowlingBladePart,Dawntrail/Savage/RM08SHowlingBlade
18261,1263,0,FontOfWindAether,Dawntrail/Savage/RM08SHowlingBlade
18262,1263,0,FontOfEarthAether,Dawntrail/Savage/RM08SHowlingBlade
18354,1263,0,WolfOfWindUseless1,Dawntrail/Savage/RM08SHowlingBlade
18355,1263,0,WolfOfStoneUseless1,Dawntrail/Savage/RM08SHowlingBlade
18507,1263,0,WolfOfStoneWeal,Dawntrail/Savage/RM08SHowlingBlade
18527,1263,0,WolfOfWindRoaring,Dawntrail/Savage/RM08SHowlingBlade
18542,1263,0,WolfOfWindUseless2,Dawntrail/Savage/RM08SHowlingBlade
18543,1263,0,WolfOfStoneUseless2,Dawntrail/Savage/RM08SHowlingBlade
18313,1266,0,CoordinateBit,Dawntrail/Dungeon/D10Underkeep
18318,1266,13749,Boss,Dawntrail/Dungeon/D10Underkeep
18319,1266,0,ExplodingOrb,Dawntrail/Dungeon/D10Underkeep
18321,1266,13753,Boss,Dawntrail/Dungeon/D10Underkeep
18322,1266,0,SandSphere,Dawntrail/Dungeon/D10Underkeep
18323,1266,0,CoordinateTurret,Dawntrail/Dungeon/D10Underkeep
18349,1266,13757,Boss,Dawntrail/Dungeon/D10Underkeep
18350,1266,0,SoldierS0Clone,Dawntrail/Dungeon/D10Underkeep
18351,1266,0,AddBlock,Dawntrail/Dungeon/D10Underkeep
18357,1266,0,TetherSource,Dawntrail/Dungeon/D10Underkeep
18298,1267,1567,Boss,RealmReborn/Dungeon/D08Qarn
18299,1267,0,DungWespe,RealmReborn/Dungeon/D08Qarn
18300,1267,1569,Boss,RealmReborn/Dungeon/D08Qarn
18301,1267,0,GolemSoulstone,RealmReborn/Dungeon/D08Qarn
18302,1267,1570,Boss,RealmReborn/Dungeon/D08Qarn
18303,1267,0,MythrilVergeLine,RealmReborn/Dungeon/D08Qarn
18304,1267,0,MythrilVergePulse,RealmReborn/Dungeon/D08Qarn
18370,1271,0,RosebloodDrop1,Dawntrail/Extreme/Ex4Zelenia
18374,1271,13861,Boss,Dawntrail/Extreme/Ex4Zelenia
18375,1271,0,BriarThorn,Dawntrail/Extreme/Ex4Zelenia
18376,1271,0,Unknown,Dawntrail/Extreme/Ex4Zelenia
18378,1271,0,ZeleniasShade,Dawntrail/Extreme/Ex4Zelenia
18523,1271,0,RosebloodDrop,Dawntrail/Extreme/Ex4Zelenia
17933,1281,13979,Boss,Dawntrail/DeepDungeon/PilgrimsTraverse
17934,1281,0,Shrublet,Dawntrail/DeepDungeon/PilgrimsTraverse
18524,1282,13973,Boss,Dawntrail/DeepDungeon/PilgrimsTraverse
17929,1283,13863,Boss,Dawntrail/DeepDungeon/PilgrimsTraverse
17930,1283,0,Indulgence,Dawntrail/DeepDungeon/PilgrimsTraverse
17931,1284,13977,Boss,Dawntrail/DeepDungeon/PilgrimsTraverse
17932,1284,0,ForgivenAdulation,Dawntrail/DeepDungeon/PilgrimsTraverse
18467,1284,0,WhaleIcon,Dawntrail/DeepDungeon/PilgrimsTraverse
18546,1285,14263,Boss,Dawntrail/DeepDungeon/PilgrimsTraverse
18910,1286,14097,Boss,Dawntrail/DeepDungeon/PilgrimsTraverse
18911,1286,0,SabotenderAmir,Dawntrail/DeepDungeon/PilgrimsTraverse
18912,1286,0,FlowertenderAmirah,Dawntrail/DeepDungeon/PilgrimsTraverse
18508,1287,13971,Boss,Dawntrail/DeepDungeon/PilgrimsTraverse
18509,1287,0,HolySphere,Dawntrail/DeepDungeon/PilgrimsTraverse
18525,1288,13968,Boss,Dawntrail/DeepDungeon/PilgrimsTraverse
18526,1288,0,BallOfLevin,Dawntrail/DeepDungeon/PilgrimsTraverse
18677,1289,14090,Boss,Dawntrail/DeepDungeon/PilgrimsTraverse
18678,1289,0,ArcaneCylinder,Dawntrail/DeepDungeon/PilgrimsTraverse
18541,1290,0,EminentGrief,Dawntrail/DeepDungeon/PilgrimsTraverse/D99TheFinalVerse
18666,1290,14037,Boss,Dawntrail/DeepDungeon/PilgrimsTraverse/D99TheFinalVerse
18667,1290,0,DevouredEater,Dawntrail/DeepDungeon/PilgrimsTraverse/D99TheFinalVerse
18668,1290,0,VodorigaMinion,Dawntrail/DeepDungeon/PilgrimsTraverse/D99TheFinalVerse
18669,1290,0,UnkObj,Dawntrail/DeepDungeon/PilgrimsTraverse/D99TheFinalVerse
18575,1292,13970,Boss,Dawntrail/Dungeon/D11MesoTerminal
18576,1292,14047,Boss,Dawntrail/Dungeon/D11MesoTerminal
18577,1292,0,PaleHeadsman,Dawntrail/Dungeon/D11MesoTerminal
18578,1292,0,RavenousHeadsman,Dawntrail/Dungeon/D11MesoTerminal
18579,1292,0,PestilentHeadsman,Dawntrail/Dungeon/D11MesoTerminal
18580,1292,0,SwordOfJustice,Dawntrail/Dungeon/D11MesoTerminal
18622,1292,13974,Boss,Dawntrail/Dungeon/D11MesoTerminal
18623,1292,0,BygoneAerostat,Dawntrail/Dungeon/D11MesoTerminal
18624,1292,0,PreservedTerror,Dawntrail/Dungeon/D11MesoTerminal
18642,1292,0,Hellmaker,Dawntrail/Dungeon/D11MesoTerminal
18913,1292,0,HoodedHeadsman,Dawntrail/Dungeon/D11MesoTerminal
18983,1292,0,Unk1,Dawntrail/Dungeon/D11MesoTerminal
18699,1296,14093,Boss,Dawntrail/Extreme/Ex5Necron
18700,1296,0,IcyHandsP1,Dawntrail/Extreme/Ex5Necron
18701,1296,0,IcyHandsDPSJail,Dawntrail/Extreme/Ex5Necron
18702,1296,0,IcyHandsHealerJail,Dawntrail/Extreme/Ex5Necron
18703,1296,0,IcyHandsTankJail,Dawntrail/Extreme/Ex5Necron
18704,1296,0,LoomingSpecter2,Dawntrail/Extreme/Ex5Necron
18705,1296,0,IcyHandsAdds,Dawntrail/Extreme/Ex5Necron
18706,1296,0,BeckoningHands,Dawntrail/Extreme/Ex5Necron
18707,1296,0,IcyHandsTower,Dawntrail/Extreme/Ex5Necron
18708,1296,0,AzureAether2,Dawntrail/Extreme/Ex5Necron
18761,1296,0,AzureAether3,Dawntrail/Extreme/Ex5Necron
18864,1296,0,AzureAether1,Dawntrail/Extreme/Ex5Necron
18866,1296,0,AutoAttacker,Dawntrail/Extreme/Ex5Necron
18909,1296,0,LoomingSpecter1,Dawntrail/Extreme/Ex5Necron
18655,1298,0,MammetPtissier,Dawntrail/Quest
18656,1298,0,KupkaKupp,Dawntrail/Quest
18658,1300,14237,Boss,Dawntrail/Trial
18659,1300,0,SmallCrystal,Dawntrail/Trial
18660,1300,0,BigCrystal,Dawntrail/Trial
1334,1303,1589,Boss,RealmReborn/Dungeon/D09Cutter
1612,1303,1590,Boss,RealmReborn/Dungeon/D09Cutter
1613,1303,0,Cacophony,RealmReborn/Dungeon/D09Cutter
17935,1304,14086,Boss,Dawntrail/Alliance/A24Ealdnarche
18468,1304,0,Unk1,Dawntrail/Alliance/A24Ealdnarche
18680,1304,14043,Boss,Dawntrail/Alliance/A23Kamlanaut
18681,1304,0,Clone,Dawntrail/Alliance/A23Kamlanaut
18682,1304,0,SublimeEstoc,Dawntrail/Alliance/A23Kamlanaut
18712,1304,14230,Boss,Dawntrail/Alliance/A22OmegaTheOne
18713,1304,0,UltimaTheFeared,Dawntrail/Alliance/A22OmegaTheOne
18714,1304,0,EnergyOrb,Dawntrail/Alliance/A22OmegaTheOne
18745,1304,0,OrbitalFlame,Dawntrail/Alliance/A24Ealdnarche
18746,1304,0,OrbitalLevin,Dawntrail/Alliance/A24Ealdnarche
18747,1304,0,OrbitalWind,Dawntrail/Alliance/A24Ealdnarche
18748,1304,14053,Boss,Dawntrail/Alliance/A21FaithboundKirin
18749,1304,0,DawnboundSeiryu,Dawntrail/Alliance/A21FaithboundKirin
18750,1304,0,MoonboundGenbu,Dawntrail/Alliance/A21FaithboundKirin
18751,1304,0,SunboundSuzaku,Dawntrail/Alliance/A21FaithboundKirin
18752,1304,0,DuskboundByakko,Dawntrail/Alliance/A21FaithboundKirin
18753,1304,0,SculptedArm1,Dawntrail/Alliance/A21FaithboundKirin
18754,1304,0,SculptedArm2,Dawntrail/Alliance/A21FaithboundKirin
18755,1304,0,ChiseledArm1,Dawntrail/Alliance/A21FaithboundKirin
18756,1304,0,ChiseledArm2,Dawntrail/Alliance/A21FaithboundKirin
18758,1304,0,BallOfFire,Dawntrail/Alliance/A21FaithboundKirin
18759,1304,0,Unk1,Dawntrail/Alliance/A22OmegaTheOne
18863,1304,0,UltimaTheFearedAuto,Dawntrail/Alliance/A22OmegaTheOne
18887,1304,0,Unk,Dawntrail/Alliance/A23Kamlanaut
18914,1304,0,Unk2,Dawntrail/Alliance/A24Ealdnarche
18976,1304,0,ChiseledArm3,Dawntrail/Alliance/A21FaithboundKirin
18977,1304,0,ChiseledArm4,Dawntrail/Alliance/A21FaithboundKirin
18661,1306,14237,Boss,Dawntrail/Extreme/Ex6GuardianArkveld
18662,1306,0,SmallCrystal,Dawntrail/Extreme/Ex6GuardianArkveld
18663,1306,0,BigCrystal,Dawntrail/Extreme/Ex6GuardianArkveld
18998,1308,0,ArcaneRevelation,Dawntrail/Extreme/Ex7Doomtrain
18999,1308,14284,Boss,Dawntrail/Extreme/Ex7Doomtrain
19000,1308,0,LevinSignal,Dawntrail/Extreme/Ex7Doomtrain
19001,1308,0,KinematicTurret,Dawntrail/Extreme/Ex7Doomtrain
19002,1308,0,AetherIntermission,Dawntrail/Extreme/Ex7Doomtrain
19003,1308,0,HeadlightTrain,Dawntrail/Extreme/Ex7Doomtrain
19327,1308,0,IntermissionTrain,Dawntrail/Extreme/Ex7Doomtrain
19329,1308,0,GhostTrain,Dawntrail/Extreme/Ex7Doomtrain
18540,1311,0,EminentGrief,Dawntrail/Quantum/Q01TheFinalVerse
18670,1311,14037,Boss,Dawntrail/Quantum/Q01TheFinalVerse
18671,1311,0,DevouredEater,Dawntrail/Quantum/Q01TheFinalVerse
18672,1311,0,VodorigaMinion,Dawntrail/Quantum/Q01TheFinalVerse
18674,1311,0,Unk,Dawntrail/Quantum/Q01TheFinalVerse
18675,1311,0,Flameborn,Dawntrail/Quantum/Q01TheFinalVerse
18676,1311,0,ArcaneFont,Dawntrail/Quantum/Q01TheFinalVerse
6358,1314,0,Thunderhead,Dawntrail/Dungeon/D12Mistwake
18497,1314,14270,Boss,Dawntrail/Dungeon/D12Mistwake
18498,1314,0,SmallRock,Dawntrail/Dungeon/D12Mistwake
18499,1314,0,MediumRock,Dawntrail/Dungeon/D12Mistwake
18513,1314,0,BigRock,Dawntrail/Dungeon/D12Mistwake
19045,1314,14288,Boss,Dawntrail/Dungeon/D12Mistwake
19046,1314,0,BallLightning,Dawntrail/Dungeon/D12Mistwake
19047,1314,0,ShockStorm,Dawntrail/Dungeon/D12Mistwake
19063,1314,14271,Boss,Dawntrail/Dungeon/D12Mistwake
19064,1314,0,PoisonCloud,Dawntrail/Dungeon/D12Mistwake
18535,1315,14396,Boss,Dawntrail/Variant/V01NMerchantsTale
18536,1315,0,DousingSpirit,Dawntrail/Variant/V01NMerchantsTale
18537,1315,0,Airship,Dawntrail/Variant/V01NMerchantsTale
18538,1315,0,Lever,Dawntrail/Variant/V01NMerchantsTale
19048,1315,14274,Boss,Dawntrail/Variant/V01NMerchantsTale
19049,1315,0,FieryBauble,Dawntrail/Variant/V01NMerchantsTale
19050,1315,0,CapriciousChambermaid,Dawntrail/Variant/V01NMerchantsTale
19051,1315,0,LegendaryBird,Dawntrail/Variant/V01NMerchantsTale
19052,1315,0,SummonedSpirit,Dawntrail/Variant/V01NMerchantsTale
19060,1315,0,FlyingCarpet,Dawntrail/Variant/V01NMerchantsTale
19062,1315,0,Whirlwind,Dawntrail/Variant/V01NMerchantsTale
19087,1315,14291,Boss,Dawntrail/Variant/V01NMerchantsTale
19088,1315,0,SeabornSteed,Dawntrail/Variant/V01NMerchantsTale
19089,1315,0,SeabornStalwart,Dawntrail/Variant/V01NMerchantsTale
19091,1315,0,SirenSphere,Dawntrail/Variant/V01NMerchantsTale
19122,1315,14402,Boss,Dawntrail/Variant/V01NMerchantsTale
19132,1315,14353,Boss,Dawntrail/Variant/V01NMerchantsTale
19149,1315,0,Rock,Dawntrail/Variant/V01NMerchantsTale
19151,1315,14475,Boss,Dawntrail/Variant/V01NMerchantsTale
19152,1315,0,StingingTentacle,Dawntrail/Variant/V01NMerchantsTale
19153,1315,0,AiryBubble,Dawntrail/Variant/V01NMerchantsTale
19154,1315,0,DeadlyDandan1,Dawntrail/Variant/V01NMerchantsTale
19157,1315,14377,Boss,Dawntrail/Variant/V01NMerchantsTale
19158,1315,0,SandPearl,Dawntrail/Variant/V01NMerchantsTale
19162,1315,0,GrowBall,Dawntrail/Variant/V01NMerchantsTale
19218,1315,14323,Boss,Dawntrail/Variant/V01NMerchantsTale
19219,1315,0,ForceOfWillBoulderSlash,Dawntrail/Variant/V01NMerchantsTale
19220,1315,0,ForceOfWillWall,Dawntrail/Variant/V01NMerchantsTale
19221,1315,0,FallenRock,Dawntrail/Variant/V01NMerchantsTale
19222,1315,0,MagneticRock,Dawntrail/Variant/V01NMerchantsTale
19230,1315,0,ForceOfWillJoint,Dawntrail/Variant/V01NMerchantsTale
19350,1315,0,DeadlyDandan,Dawntrail/Variant/V01NMerchantsTale
19516,1315,0,ForceOfWillBig,Dawntrail/Variant/V01NMerchantsTale
19524,1315,0,AqueousOrb,Dawntrail/Variant/V01NMerchantsTale
19637,1315,0,SeabornSpeaker,Dawntrail/Variant/V01NMerchantsTale
19053,1316,14274,Boss,Dawntrail/Variant/V01PariOfPlenty
19054,1316,0,FalseFlame,Dawntrail/Variant/V01PariOfPlenty
19055,1316,0,FieryBauble,Dawntrail/Variant/V01PariOfPlenty
19060,1316,0,FlyingCarpet,Dawntrail/Variant/V01PariOfPlenty
19061,1316,0,Tether,Dawntrail/Variant/V01PariOfPlenty
19092,1316,14291,Boss,Dawntrail/Variant/V03DaryaTheSeaMaid
19223,1316,14323,Boss,Dawntrail/Variant/V02LoneSwordmaster
19224,1316,0,_Gen_ForceOfWill3,Dawntrail/Variant/V02LoneSwordmaster
19225,1316,0,_Gen_ForceOfWill1,Dawntrail/Variant/V02LoneSwordmaster
19230,1316,0,_Gen_ForceOfWill,Dawntrail/Variant/V02LoneSwordmaster
19517,1316,0,_Gen_ForceOfWill2,Dawntrail/Variant/V02LoneSwordmaster
19056,1317,14274,Boss,Dawntrail/Criterion/C01MerchantsTale/C013PariOfPlenty
19057,1317,0,FalseFlame,Dawntrail/Criterion/C01MerchantsTale/C013PariOfPlenty
19058,1317,0,FieryBauble,Dawntrail/Criterion/C01MerchantsTale/C013PariOfPlenty
19059,1317,0,IcyBauble,Dawntrail/Criterion/C01MerchantsTale/C013PariOfPlenty
19060,1317,0,FlyingCarpet,Dawntrail/Criterion/C01MerchantsTale/C013PariOfPlenty
19097,1317,14291,Boss,Dawntrail/Criterion/C01MerchantsTale/C011DaryaTheSeaMaid
19098,1317,0,SeabornSteed,Dawntrail/Criterion/C01MerchantsTale/C011DaryaTheSeaMaid
19099,1317,0,SeabornSteward,Dawntrail/Criterion/C01MerchantsTale/C011DaryaTheSeaMaid
19100,1317,0,SeabornSoldier,Dawntrail/Criterion/C01MerchantsTale/C011DaryaTheSeaMaid
19101,1317,0,SeabornServant,Dawntrail/Criterion/C01MerchantsTale/C011DaryaTheSeaMaid
19102,1317,0,SeabornShrike,Dawntrail/Criterion/C01MerchantsTale/C011DaryaTheSeaMaid
19226,1317,14323,Boss,Dawntrail/Criterion/C01MerchantsTale/C012LoneSwordmaster
19227,1317,0,ForceOfWillSmall,Dawntrail/Criterion/C01MerchantsTale/C012LoneSwordmaster
19228,1317,0,ForceOfWillWallTether,Dawntrail/Criterion/C01MerchantsTale/C012LoneSwordmaster
19230,1317,0,ForceOfWillGroundTether,Dawntrail/Criterion/C01MerchantsTale/C012LoneSwordmaster
19518,1317,0,ForceOfWillLarge,Dawntrail/Criterion/C01MerchantsTale/C012LoneSwordmaster
19164,1320,14300,Boss,Dawntrail/Raid
19165,1320,0,Coffinmaker,Dawntrail/Raid
19166,1320,0,FatalFlail,Dawntrail/Raid
19173,1320,0,Neckbiter,Dawntrail/Raid
19174,1320,0,Coffinmaker2,Dawntrail/Raid
19502,1320,0,VampetteFatale,Dawntrail/Raid
19167,1321,14300,Boss,Dawntrail/Savage/RM09SVampFatale
19168,1321,0,Coffinmaker,Dawntrail/Savage/RM09SVampFatale
19169,1321,0,FatalFlail,Dawntrail/Savage/RM09SVampFatale
19170,1321,0,DeadlyDoornail,Dawntrail/Savage/RM09SVampFatale
19171,1321,0,CharnelCell1,Dawntrail/Savage/RM09SVampFatale
19187,1321,0,CharnelCell2,Dawntrail/Savage/RM09SVampFatale
19188,1321,0,CharnelCell3,Dawntrail/Savage/RM09SVampFatale
19189,1321,0,Neckbiter,Dawntrail/Savage/RM09SVampFatale
19503,1321,0,VampetteFatale,Dawntrail/Savage/RM09SVampFatale
19283,1322,14470,Boss,Dawntrail/Raid
19284,1322,0,DeepBlue,Dawntrail/Raid
19285,1322,0,XtremeAether,Dawntrail/Raid
19286,1322,0,SickSwell,Dawntrail/Raid
19422,1322,0,TheXtremes,Dawntrail/Raid
19136,1323,0,WateryGraveAttract,Dawntrail/Savage/RM10STheXtremes
19287,1323,14370,RedHot,Dawntrail/Savage/RM10STheXtremes
19288,1323,0,DeepBlue,Dawntrail/Savage/RM10STheXtremes
19289,1323,0,XtremeAether,Dawntrail/Savage/RM10STheXtremes
19290,1323,0,SickSwell,Dawntrail/Savage/RM10STheXtremes
19292,1323,0,WateryGrave,Dawntrail/Savage/RM10STheXtremes
19423,1323,0,TheXtremes,Dawntrail/Savage/RM10STheXtremes
19176,1324,14305,Boss,Dawntrail/Raid
19177,1324,0,Comet,Dawntrail/Raid
19179,1324,0,Maelstrom,Dawntrail/Raid
19182,1324,0,TheTyrant2,Dawntrail/Raid
19178,1325,0,TheTyrant,Dawntrail/Savage/RM11STheTyrant
19180,1325,14305,Boss,Dawntrail/Savage/RM11STheTyrant
19181,1325,0,Comet,Dawntrail/Savage/RM11STheTyrant
19183,1325,0,Maelstrom,Dawntrail/Savage/RM11STheTyrant
19184,1325,0,Axe,Dawntrail/Savage/RM11STheTyrant
19185,1325,0,Scythe,Dawntrail/Savage/RM11STheTyrant
19186,1325,0,Sword,Dawntrail/Savage/RM11STheTyrant
19195,1327,14378,Boss,Dawntrail/Savage/RM12S1TheLindwurm
19196,1327,0,SnakeHead,Dawntrail/Savage/RM12S1TheLindwurm
19197,1327,0,FloorSnake1,Dawntrail/Savage/RM12S1TheLindwurm
19198,1327,0,AutoAttacker,Dawntrail/Savage/RM12S1TheLindwurm
19199,1327,0,BloodVessel,Dawntrail/Savage/RM12S1TheLindwurm
19200,1327,0,RedOrb,Dawntrail/Savage/RM12S1TheLindwurm
19201,1327,0,GreenOrb,Dawntrail/Savage/RM12S1TheLindwurm
19202,1327,14379,Boss,Dawntrail/Savage/RM12S1TheLindwurm
19203,1327,0,Luzzelwurm,Dawntrail/Savage/RM12S2TheLindwurm
19204,1327,0,Lindschrat,Dawntrail/Savage/RM12S2TheLindwurm
19205,1327,0,ManaSphereBlackHole,Dawntrail/Savage/RM12S2TheLindwurm
19206,1327,0,ManaSphereBlueSphere,Dawntrail/Savage/RM12S2TheLindwurm
19207,1327,0,ManaSphereGreenDonut,Dawntrail/Savage/RM12S2TheLindwurm
19208,1327,0,ManaSpherePurpleBowtie,Dawntrail/Savage/RM12S2TheLindwurm
19209,1327,0,ManaSphereOrangeBowtie,Dawntrail/Savage/RM12S2TheLindwurm
19210,1327,0,Understudy,Dawntrail/Savage/RM12S2TheLindwurm
19211,1327,0,TemporalTear,Dawntrail/Savage/RM12S2TheLindwurm
19239,1327,0,FloorSnake2,Dawntrail/Savage/RM12S1TheLindwurm
19240,1327,0,FloorSnake3,Dawntrail/Savage/RM12S1TheLindwurm
19241,1327,0,LindschratSplit,Dawntrail/Savage/RM12S2TheLindwurm
1541,1330,1397,Boss,RealmReborn/Dungeon/D11DzemaelDarkhold
1542,1330,0,MoucheVolante,RealmReborn/Dungeon/D11DzemaelDarkhold
1543,1330,0,Amanuensis,RealmReborn/Dungeon/D11DzemaelDarkhold
1546,1330,1396,Boss,RealmReborn/Dungeon/D11DzemaelDarkhold
1548,1330,0,CorruptedCrystal,RealmReborn/Dungeon/D11DzemaelDarkhold
1716,1330,0,VoidPitch,RealmReborn/Dungeon/D11DzemaelDarkhold
943,1331,1532,Boss,RealmReborn/Dungeon/D12AurumVale
1468,1331,0,MorbolFruit,RealmReborn/Dungeon/D12AurumVale
1470,1331,1533,Boss,RealmReborn/Dungeon/D12AurumVale
1471,1331,1534,Boss,RealmReborn/Dungeon/D12AurumVale
19496,1345,14758,Boss,Dawntrail/Dungeon/D13Clyteum
19497,1345,0,ScrapGargoyle,Dawntrail/Dungeon/D13Clyteum
19498,1345,0,ScrapByblos,Dawntrail/Dungeon/D13Clyteum
19499,1345,0,ScrapHeapByblos,Dawntrail/Dungeon/D13Clyteum
19500,1345,14716,Boss,Dawntrail/Dungeon/D13Clyteum
19501,1345,0,MotionScanner,Dawntrail/Dungeon/D13Clyteum
19519,1345,14734,Boss,Dawntrail/Dungeon/D13Clyteum
20046,1345,0,ScrapHeapGargoyle,Dawntrail/Dungeon/D13Clyteum
19447,1362,0,VoidWildChargeSmall,Dawntrail/Extreme/Ex8Enuo
19450,1362,0,VoidWildChargeBig,Dawntrail/Extreme/Ex8Enuo
19896,1362,0,BossVoidTether,Dawntrail/Extreme/Ex8Enuo
19905,1362,14749,Boss,Dawntrail/Extreme/Ex8Enuo
19906,1362,0,YawningVoid1,Dawntrail/Extreme/Ex8Enuo
19907,1362,0,YawningVoid2,Dawntrail/Extreme/Ex8Enuo
19908,1362,0,VoidVacuum,Dawntrail/Extreme/Ex8Enuo
19909,1362,0,VoidGazeSmall,Dawntrail/Extreme/Ex8Enuo
19910,1362,0,VoidGazeBig,Dawntrail/Extreme/Ex8Enuo
19911,1362,0,LoomingShadow,Dawntrail/Extreme/Ex8Enuo
19912,1362,0,ProtectiveShadow,Dawntrail/Extreme/Ex8Enuo
19913,1362,0,AggressiveShadow,Dawntrail/Extreme/Ex8Enuo
19914,1362,0,SoothingShadow,Dawntrail/Extreme/Ex8Enuo
19915,1362,0,BeaconInTheDark,Dawntrail/Extreme/Ex8Enuo
20149,1362,0,VoidChase,Dawntrail/Extreme/Ex8Enuo
18475,1363,0,OtherKefkaP3,Dawntrail/Ultimate/UMAD
19451,1363,0,CloneP3,Dawntrail/Ultimate/UMAD
19504,1363,7131,BossP1,Dawntrail/Ultimate/UMAD
19505,1363,0,GravenImage,Dawntrail/Ultimate/UMAD
19506,1363,0,BossP2,Dawntrail/Ultimate/UMAD
19508,1363,0,ChaosP3,Dawntrail/Ultimate/UMAD
19509,1363,0,ExdeathP3,Dawntrail/Ultimate/UMAD
19512,1363,0,BlackHoleP3,Dawntrail/Ultimate/UMAD
19513,1363,0,CloneP2,Dawntrail/Ultimate/UMAD
19804,1368,14529,Boss,Dawntrail/Alliance/A33AlexanderResurrected
19805,1368,0,GordiusSystem,Dawntrail/Alliance/A33AlexanderResurrected
19858,1368,14729,Boss,Dawntrail/Alliance/A36ShinryuParadox
19859,1368,0,ShinryusGroin,Dawntrail/Alliance/A36ShinryuParadox
19862,1368,0,HollowKing,Dawntrail/Alliance/A36ShinryuParadox
19863,1368,0,ArcaneSphere1,Dawntrail/Alliance/A36ShinryuParadox
19866,1368,0,ShinryuAutos,Dawntrail/Alliance/A36ShinryuParadox
19867,1368,0,HollowKingAutos,Dawntrail/Alliance/A36ShinryuParadox
19871,1368,14778,Boss,Dawntrail/Alliance/A31ShantottoTheDemon
19875,1368,0,LamiaRover1,Dawntrail/Alliance/A32MedusaSwarmsinger
19876,1368,0,Acrolith1,Dawntrail/Alliance/A32MedusaSwarmsinger
19877,1368,0,LamiaJaeger,Dawntrail/Alliance/A32MedusaSwarmsinger
19878,1368,14834,Boss,Dawntrail/Alliance/A32MedusaSwarmsinger
19879,1368,0,QutrubForayer,Dawntrail/Alliance/A32MedusaSwarmsinger
19880,1368,0,LamiaNo2,Dawntrail/Alliance/A32MedusaSwarmsinger
19881,1368,0,NemeanLion,Dawntrail/Alliance/A32MedusaSwarmsinger
19882,1368,0,AssaultBhoot,Dawntrail/Alliance/A32MedusaSwarmsinger
19883,1368,0,MedusaSwarmsinger,Dawntrail/Alliance/A32MedusaSwarmsinger
19892,1368,0,LamiaRover2,Dawntrail/Alliance/A32MedusaSwarmsinger
19893,1368,0,Acrolith2,Dawntrail/Alliance/A32MedusaSwarmsinger
19894,1368,14838,Boss,Dawntrail/Alliance/A34Awaern
19895,1368,0,Awzdei,Dawntrail/Alliance/A34Awaern
19917,1368,0,ArcaneSphere2,Dawntrail/Alliance/A36ShinryuParadox
19932,1368,0,LargeSpecimen,Dawntrail/Alliance/A31ShantottoTheDemon
19933,1368,0,LeyLines,Dawntrail/Alliance/A31ShantottoTheDemon
19950,1368,14779,Boss,Dawntrail/Alliance/A35Promathia
19951,1368,0,LinkOfPromathia,Dawntrail/Alliance/A35Promathia
19952,1368,0,MemoryReceptacle,Dawntrail/Alliance/A35Promathia
19953,1368,0,EmptyWanderer,Dawntrail/Alliance/A35Promathia
19954,1368,0,EmptyWeeper,Dawntrail/Alliance/A35Promathia
19955,1368,0,EmptyThinker,Dawntrail/Alliance/A35Promathia
20051,1368,0,GuloolJaJa,Dawntrail/Alliance/A36ShinryuParadox
20147,1368,0,Unk4EB3,Dawntrail/Alliance/A36ShinryuParadox
