Skel,McType,NumAnim,Names
d0001,demihuman,40,cbbm_mgc_thm_2lp cbbm_mgc_thm_3 cbnm_01b_lp0 cbnm_01f_lp0 cbnm_01l_lp0 cbnm_01r_lp0 cbnm_02f_lp0 cbnm_02l_lp0 cbnm_02r_lp0 cbnm_fmt_01b_lp0 cbnm_fmt_01f_lp0 cbnm_fmt_01l_lp0 cbnm_fmt_01r_lp0 cbnm_fmt_02f_lp0 cbnm_fmt_02l_lp0 cbnm_fmt_02r_lp0 cbnm_fmt_glide_lp cbnm_fmt_id0 cbnm_fmt_takeoff cbnm_fmt_up cbnm_id0 cbnm_jump_1 cbnm_jump_2 cbnm_jump_3 cbnm_swu_01b_lp0 cbnm_swu_01f_lp0 cbnm_swu_01l_lp0 cbnm_swu_01r_lp0 cbnm_swu_02f_lp0 cbnm_swu_02l_lp0 cbnm_swu_02r_lp0 cbnm_swu_dive1 cbnm_swu_dive2 cbnm_swu_down cbnm_swu_glide_lp cbnm_swu_id0 cbnm_swu_rise1 cbnm_swu_rise2 cbnm_swu_up cbnp_1_by_eqp
d0002,demihuman,41,cbbm_02f_lp0 cbbm_ded cbbm_dedpose cbbm_trn_l_lp cbbm_trn_r_lp cbnm_01b_lp0 cbnm_01f_lp0 cbnm_01l_lp0 cbnm_01r_lp0 cbnm_02f_lp0 cbnm_02l_lp0 cbnm_02r_lp0 cbnm_fmt_01b_lp0 cbnm_fmt_01f_lp0 cbnm_fmt_01l_lp0 cbnm_fmt_01r_lp0 cbnm_fmt_02f_lp0 cbnm_fmt_02l_lp0 cbnm_fmt_02r_lp0 cbnm_fmt_down cbnm_fmt_falling cbnm_fmt_glide_lp cbnm_fmt_id0 cbnm_fmt_landing cbnm_fmt_takeoff cbnm_fmt_up cbnm_id0 cbnm_jump_1 cbnm_jump_2 cbnm_jump_3 cbnm_mt_ded cbnm_sp_a_1 cbnm_sp_a_2lp cbnm_sp_b_1 cbnm_sp_b_2lp cbnm_swu_dive1 cbnm_swu_dive2 cbnm_swu_rise1 cbnm_swu_rise2 cbnm_trn_l_lp cbnm_trn_r_lp
d1001,demihuman,8,cbbm_mgc_thm_2lp cbbm_mgc_thm_3 cbbm_sp_a_2lp cbbm_sp_b_2lp cbbm_sp_c_2lp cbfa_add_all cbnm_01f_lp0 cbnm_id0
d1002,demihuman,7,cbbm_mgc_thm_2lp cbbm_mgc_thm_3 cbfa_add_all cbfa_add_no cbfa_add_yes cbnm_01f_lp0 cbnm_id0
d1003,demihuman,11,cbbm_mgc_thm_2lp cbbm_mgc_thm_3 cbbm_sp_b_1 cbbm_sp_b_2lp cbbm_sp_c_1 cbbm_sp_c_2lp cbfa_add_all cbfa_add_no cbfa_add_yes cbnm_01f_lp0 cbnm_id0
d1004,demihuman,6,cbbm_sp_b_2lp cbbm_sp_c_1 cbbm_sp_c_2lp cbfa_add_all cbnm_01f_lp0 cbnm_id0
d1005,demihuman,5,cbbm_mgc_thm_2lp cbbm_mgc_thm_3 cbfa_add_all cbnm_01f_lp0 cbnm_id0
d1006,demihuman,1,cbnm_id0
d1007,demihuman,15,cbbm_mgc_thm_2lp cbbm_mgc_thm_3 cbbm_sp_a_2lp cbbm_sp_b_2lp cbbm_sp_d_1 cbbm_sp_d_2lp cbbm_sp_f_2lp cbfa_add_all cbfa_add_no cbfa_add_yes cbnm_01f_lp0 cbnm_id0 cbnm_swu_01f_lp0 cbnm_swu_02f_lp0 cbnm_swu_id0
d1008,demihuman,6,cbbm_mgc_thm_2lp cbbm_mgc_thm_3 cbbm_sp_a_2lp cbbm_sp_b_2lp cbnm_01f_lp0 cbnm_id0
d1009,demihuman,9,cbbm_mgc_thm_2lp cbbm_mgc_thm_3 cbbm_sp_a_2lp cbbm_sp_b_1 cbbm_sp_b_2lp cbbm_sp_c_1 cbbm_sp_c_2lp cbnm_01f_lp0 cbnm_id0
d1010,demihuman,1,cbbm_sp_a_2lp
d1011,demihuman,28,cbnm_01b_lp0 cbnm_01f_lp0 cbnm_01l_lp0 cbnm_01r_lp0 cbnm_02f_lp0 cbnm_02l_lp0 cbnm_02r_lp0 cbnm_fmt_01b_lp0 cbnm_fmt_01f_lp0 cbnm_fmt_01l_lp0 cbnm_fmt_01r_lp0 cbnm_fmt_02f_lp0 cbnm_fmt_02l_lp0 cbnm_fmt_02r_lp0 cbnm_fmt_down cbnm_fmt_glide_lp cbnm_fmt_id0 cbnm_fmt_landing cbnm_fmt_takeoff cbnm_fmt_up cbnm_id0 cbnm_jump_1 cbnm_jump_2 cbnm_jump_3 cbnm_swu_dive1 cbnm_swu_dive2 cbnm_swu_rise1 cbnm_swu_rise2
d1012,demihuman,6,cbfa_add_all cbfa_add_no cbfa_add_question cbfa_add_yes cbnm_01f_lp0 cbnm_id0
d1013,demihuman,3,cbnm_id0 cbnm_trn_l_lp cbnm_trn_r_lp
d1014,demihuman,12,cbbm_mgc_thm_2lp cbbm_mgc_thm_3 cbbm_sp_b_1 cbbm_sp_b_2lp cbbm_sp_c_1 cbbm_sp_c_2lp cbbm_sp_d_1 cbbm_sp_d_2lp cbbm_sp_e_1 cbbm_sp_e_2lp cbnm_01f_lp0 cbnm_id0
d1015,demihuman,4,cbbm_mgc_thm_2lp cbbm_mgc_thm_3 cbbm_sp_a_2lp cbnm_01f_lp0
d1016,demihuman,4,cbbm_mgc_thm_2lp cbbm_mgc_thm_3 cbbm_sp_a_2lp cbnm_id0
d1017,demihuman,5,cbbm_mgc_thm_2lp cbbm_mgc_thm_3 cbbm_sp_a_2lp cbnm_01f_lp0 cbnm_id0
d1018,demihuman,1,cbnm_id0
d1019,demihuman,13,cbfa_add_all cbfa_add_chest_normal_long cbfa_add_chest_normal_middle cbfa_add_chest_normal_short cbfa_add_chest_shout_long cbfa_add_chest_shout_middle cbfa_add_chest_shout_short cbfa_add_chest_whisper_long cbfa_add_chest_whisper_middle cbfa_add_chest_whisper_short cbfa_add_no cbfa_add_yes cbnm_id0
d1020,demihuman,9,cbbm_mgc_thm_2lp cbbm_mgc_thm_3 cbfa_add_all cbfa_add_no cbfa_add_question cbfa_add_talk cbfa_add_yes cbnm_01f_lp0 cbnm_id0
d1021,demihuman,4,cbbm_mgc_thm_2lp cbbm_mgc_thm_3 cbnm_01f_lp0 cbnm_id0
d1022,demihuman,37,cbnm_01b_lp0 cbnm_01f_lp0 cbnm_01l_lp0 cbnm_01r_lp0 cbnm_02f_lp0 cbnm_02l_lp0 cbnm_02r_lp0 cbnm_fmt_01b_lp0 cbnm_fmt_01f_lp0 cbnm_fmt_01l_lp0 cbnm_fmt_01r_lp0 cbnm_fmt_02f_lp0 cbnm_fmt_02l_lp0 cbnm_fmt_02r_lp0 cbnm_fmt_glide_lp cbnm_fmt_id0 cbnm_fmt_takeoff cbnm_fmt_up cbnm_id0 cbnm_jump_1 cbnm_jump_2 cbnm_jump_3 cbnm_swu_01b_lp0 cbnm_swu_01f_lp0 cbnm_swu_01l_lp0 cbnm_swu_01r_lp0 cbnm_swu_02f_lp0 cbnm_swu_02l_lp0 cbnm_swu_02r_lp0 cbnm_swu_dive1 cbnm_swu_dive2 cbnm_swu_down cbnm_swu_glide_lp cbnm_swu_id0 cbnm_swu_rise1 cbnm_swu_rise2 cbnm_swu_up
d1023,demihuman,15,cbfa_add_all cbfa_add_chest_normal_long cbfa_add_chest_normal_middle cbfa_add_chest_normal_short cbfa_add_chest_shout_long cbfa_add_chest_shout_middle cbfa_add_chest_shout_short cbfa_add_chest_whisper_long cbfa_add_chest_whisper_middle cbfa_add_chest_whisper_short cbfa_add_no cbfa_add_question cbfa_add_yes cbnm_01f_lp0 cbnm_id0
d1024,demihuman,2,cbbm_sp_c_1 cbbm_sp_c_2lp
d1025,demihuman,1,cbbm_mgc_thm_3
d1026,demihuman,8,cbba_add_dmg_f cbbm_02f_lp0 cbbm_atk1 cbbm_ded cbbm_dedpose cbbm_id0 cbbm_mgc_thm_2lp cbbm_mgc_thm_3
d1027,demihuman,13,cbbm_mgc_thm_3 cbbm_sp_b_1 cbbm_sp_b_2lp cbbm_sp_c_1 cbbm_sp_c_2lp cbfa_add_all cbfa_add_no cbfa_add_question cbfa_add_talk cbfa_add_yes cbnm_01f_lp0 cbnm_02f_lp0 cbnm_id0
d1028,demihuman,23,cbbm_mgc_thm_2lp cbbm_mgc_thm_3 cbfa_add_all cbfa_add_chest_normal_long cbfa_add_chest_normal_middle cbfa_add_chest_normal_short cbfa_add_chest_shout_long cbfa_add_chest_shout_middle cbfa_add_chest_shout_short cbfa_add_chest_whisper_long cbfa_add_chest_whisper_middle cbfa_add_chest_whisper_short cbfa_add_no cbfa_add_question cbfa_add_talk cbfa_add_yes cbnm_01f_lp0 cbnm_id0 cbnm_swu_01f_lp0 cbnm_swu_02f_lp0 cbnm_swu_id0 cbnm_swu_trn_l_lp cbnm_swu_trn_r_lp
d1029,demihuman,18,cbbm_mgc_thm_2lp cbbm_mgc_thm_3 cbfa_add_all cbfa_add_chest_normal_long cbfa_add_chest_normal_middle cbfa_add_chest_normal_short cbfa_add_chest_shout_long cbfa_add_chest_shout_middle cbfa_add_chest_shout_short cbfa_add_chest_whisper_long cbfa_add_chest_whisper_middle cbfa_add_chest_whisper_short cbfa_add_no cbfa_add_question cbfa_add_talk cbfa_add_yes cbnm_01f_lp0 cbnm_id0
d1030,demihuman,16,cbfa_add_all cbfa_add_chest_normal_long cbfa_add_chest_normal_middle cbfa_add_chest_normal_short cbfa_add_chest_shout_long cbfa_add_chest_shout_middle cbfa_add_chest_shout_short cbfa_add_chest_whisper_long cbfa_add_chest_whisper_middle cbfa_add_chest_whisper_short cbfa_add_no cbfa_add_talk cbfa_add_yes cbnm_01f_lp0 cbnm_02f_lp0 cbnm_id0
d1031,demihuman,17,cbfa_add_all cbfa_add_chest_normal_long cbfa_add_chest_normal_middle cbfa_add_chest_normal_short cbfa_add_chest_shout_long cbfa_add_chest_shout_middle cbfa_add_chest_shout_short cbfa_add_chest_whisper_long cbfa_add_chest_whisper_middle cbfa_add_chest_whisper_short cbfa_add_no cbfa_add_question cbfa_add_talk cbfa_add_yes cbnm_01f_lp0 cbnm_02f_lp0 cbnm_id0
d1033,demihuman,11,cbbm_id0 cbnm_01b_lp0 cbnm_01f_lp0 cbnm_01l_lp0 cbnm_01r_lp0 cbnm_02f_lp0 cbnm_02l_lp0 cbnm_02r_lp0 cbnm_jump_1 cbnm_jump_2 cbnm_jump_3
d1034,demihuman,3,cbnm_01f_lp0 cbnm_02f_lp0 cbnm_id0
d1035,demihuman,3,cbnm_01f_lp0 cbnm_02f_lp0 cbnm_id0
d1036,demihuman,14,cbba_add_dmg_f cbbm_02f_lp0 cbbm_atk1 cbbm_ded cbbm_dedpose cbbm_id0 cbbm_sp_b_1 cbbm_sp_b_2lp cbbm_trn_l_lp cbbm_trn_r_lp cbfa_add_all cbnm_01f_lp0 cbnm_02f_lp0 cbnm_id0
d1037,demihuman,5,cbfa_add_no cbfa_add_yes cbnm_01f_lp0 cbnm_02f_lp0 cbnm_id0
d1038,demihuman,5,cbnm_01f_lp0 cbnm_02f_lp0 cbnm_id0 cbnm_trn_l_lp cbnm_trn_r_lp
d1039,demihuman,28,cbnm_01b_lp0 cbnm_01f_lp0 cbnm_01l_lp0 cbnm_01r_lp0 cbnm_02f_lp0 cbnm_02l_lp0 cbnm_02r_lp0 cbnm_fmt_01b_lp0 cbnm_fmt_01f_lp0 cbnm_fmt_01l_lp0 cbnm_fmt_01r_lp0 cbnm_fmt_02f_lp0 cbnm_fmt_02l_lp0 cbnm_fmt_02r_lp0 cbnm_fmt_down cbnm_fmt_glide_lp cbnm_fmt_id0 cbnm_fmt_landing cbnm_fmt_takeoff cbnm_fmt_up cbnm_id0 cbnm_jump_1 cbnm_jump_2 cbnm_jump_3 cbnm_swu_dive1 cbnm_swu_dive2 cbnm_swu_rise1 cbnm_swu_rise2
d1040,demihuman,2,cbnm_01f_lp0 cbnm_id0
d1041,demihuman,5,cbnm_01f_lp0 cbnm_02f_lp0 cbnm_id0 cbnm_trn_l_lp cbnm_trn_r_lp
d1042,demihuman,1,cbnm_id0
d1043,demihuman,4,cbfa_add_no cbfa_add_yes cbnm_02f_lp0 cbnm_id0
d1044,demihuman,2,cbnm_01f_lp0 cbnm_id0
d1045,demihuman,11,cbbm_02f_lp0 cbbm_atk1 cbbm_ded cbbm_dedpose cbbm_id0 cbbm_sp_b_1 cbbm_sp_b_2lp cbbm_sp_c_1 cbbm_sp_c_2lp cbbm_sp_d_1 cbbm_sp_d_2lp
d1048,demihuman,1,cbnm_id0
d1049,demihuman,1,cbnm_id0
d1050,demihuman,4,cbbm_02f_lp0 cbbm_id0 cbbm_sp_b_1 cbbm_sp_b_2lp
d1051,demihuman,11,cbba_add_dmg_f cbbm_02f_lp0 cbbm_atk1 cbbm_ded cbbm_dedpose cbbm_id0 cbbm_trn_l_lp cbbm_trn_r_lp cbnm_01f_lp0 cbnm_02f_lp0 cbnm_id0
d1052,demihuman,13,cbfa_add_all cbfa_add_chest_normal_long cbfa_add_chest_normal_middle cbfa_add_chest_normal_short cbfa_add_chest_shout_long cbfa_add_chest_shout_middle cbfa_add_chest_shout_short cbfa_add_chest_whisper_long cbfa_add_chest_whisper_middle cbfa_add_chest_whisper_short cbnm_01f_lp0 cbnm_02f_lp0 cbnm_id0
d1055,demihuman,17,cbfa_add_all cbfa_add_chest_normal_long cbfa_add_chest_normal_middle cbfa_add_chest_normal_short cbfa_add_chest_shout_long cbfa_add_chest_shout_middle cbfa_add_chest_shout_short cbfa_add_chest_whisper_long cbfa_add_chest_whisper_middle cbfa_add_chest_whisper_short cbfa_add_yes cbnm_01f_lp0 cbnm_02f_lp0 cbnm_id0 cbnm_swo_01f_lp0 cbnm_swo_02f_lp0 cbnm_swo_id0
d1056,demihuman,5,cbbm_id0 cbbm_sp_b_1 cbbm_sp_b_2lp cbbm_sp_c_1 cbbm_sp_c_2lp
d1057,demihuman,7,cbfa_add_look_lr cbnm_01f_lp0 cbnm_02f_lp0 cbnm_id0 cbnm_sprint_lp0 cbnm_trn_l_lp cbnm_trn_r_lp
d1058,demihuman,2,cbbm_02f_lp0 cbbm_id0
d1059,demihuman,1,cbnm_id0
d1060,demihuman,15,cbbm_02f_lp0 cbbm_atk1 cbbm_id0 cbbm_trn_l_lp cbbm_trn_r_lp cbfa_add_all cbfa_add_chest_normal_long cbfa_add_chest_normal_middle cbfa_add_chest_normal_short cbfa_add_chest_shout_long cbfa_add_chest_shout_middle cbfa_add_chest_shout_short cbnm_01f_lp0 cbnm_02f_lp0 cbnm_id0
d1061,demihuman,3,cbnm_01f_lp0 cbnm_02f_lp0 cbnm_id0
d1062,demihuman,3,cbnm_01f_lp0 cbnm_02f_lp0 cbnm_id0
d1063,demihuman,7,cbfa_add_chest_normal_long cbfa_add_chest_normal_middle cbfa_add_chest_normal_short cbfa_add_chest_shout_long cbfa_add_chest_shout_middle cbfa_add_chest_shout_short cbnm_id0
d1064,demihuman,7,cbfa_add_chest_normal_long cbfa_add_chest_normal_middle cbfa_add_chest_normal_short cbfa_add_chest_shout_long cbfa_add_chest_shout_middle cbfa_add_chest_shout_short cbnm_id0
d1065,demihuman,10,cbbm_02f_lp0 cbbm_id0 cbbm_sp_b_1 cbbm_sp_b_2lp cbfa_add_chest_normal_long cbfa_add_chest_normal_middle cbfa_add_chest_normal_short cbfa_add_chest_shout_long cbfa_add_chest_shout_middle cbfa_add_chest_shout_short
d1066,demihuman,24,cbbm_02f_lp0 cbbm_id0 cbbm_sp_b_1 cbbm_sp_b_2lp cbbm_sp_c_1 cbbm_sp_c_2lp cbbm_sp_d_1 cbbm_sp_d_2lp cbbm_sp_e_1 cbbm_sp_e_2lp cbbm_sp_g_1 cbbm_sp_g_2lp cbbm_trn_l_lp cbbm_trn_r_lp cbfa_add_all cbfa_add_chest_normal_long cbfa_add_chest_normal_middle cbfa_add_chest_normal_short cbfa_add_chest_shout_long cbfa_add_chest_shout_middle cbfa_add_chest_shout_short cbfa_add_chest_whisper_long cbfa_add_chest_whisper_middle cbfa_add_chest_whisper_short
d1067,demihuman,18,cbbm_ded cbbm_dedpose cbna_add_dmg_f cbnm_01b_lp0 cbnm_01f_lp0 cbnm_01l_lp0 cbnm_01r_lp0 cbnm_02f_f cbnm_02f_lp0 cbnm_02l_lp0 cbnm_02r_lp0 cbnm_id0 cbnm_jump_1 cbnm_jump_2 cbnm_jump_3 cbnm_sprint_lp0 cbnm_trn_l_lp cbnm_trn_r_lp
d1068,demihuman,46,cbba_add_dmg_f cbbm_01f_lp0 cbbm_02f_lp0 cbbm_atk1 cbbm_ded cbbm_dedpose cbbm_id0 cbbm_sp_b_1 cbbm_sp_b_2lp cbbm_sp_c_1 cbbm_sp_c_2lp cbbm_sp_d_1 cbbm_sp_d_2lp cbbm_sp_e_1 cbbm_sp_e_2lp cbbm_sp_g_1 cbbm_sp_g_2lp cbbm_sp_h_1 cbbm_sp_h_2lp cbbm_trn_l_lp cbbm_trn_r_lp cbbp_a_activ cbbp_a_deact cbfa_add_all cbfa_add_chest_normal_long cbfa_add_chest_normal_long2 cbfa_add_chest_normal_middle cbfa_add_chest_normal_middle2 cbfa_add_chest_normal_short cbfa_add_chest_normal_short2 cbfa_add_chest_shout_long cbfa_add_chest_shout_long2 cbfa_add_chest_shout_middle cbfa_add_chest_shout_middle2 cbfa_add_chest_shout_short cbfa_add_chest_shout_short2 cbfa_add_chest_whisper_long cbfa_add_chest_whisper_long2 cbfa_add_chest_whisper_middle cbfa_add_chest_whisper_middle2 cbfa_add_chest_whisper_short cbfa_add_chest_whisper_short2 cbnm_01f_lp0 cbnm_id0 cbnm_trn_l_lp cbnm_trn_r_lp
d1069,demihuman,22,cbbm_02f_lp0 cbbm_id0 cbnm_01b_lp0 cbnm_01f_lp0 cbnm_02f_lp0 cbnm_fmt_01b_lp0 cbnm_fmt_01f_lp0 cbnm_fmt_02f_lp0 cbnm_fmt_down cbnm_fmt_glide_lp cbnm_fmt_id0 cbnm_fmt_landing cbnm_fmt_takeoff cbnm_fmt_up cbnm_id0 cbnm_jump_1 cbnm_jump_2 cbnm_jump_3 cbnm_swu_dive1 cbnm_swu_dive2 cbnm_swu_rise1 cbnm_swu_rise2
d1070,demihuman,25,cbba_add_dmg_f cbbm_01f_lp0 cbbm_02f_lp0 cbbm_atk1 cbbm_ded cbbm_dedpose cbbm_id0 cbbm_sp_b_1 cbbm_sp_b_2lp cbbm_trn_l_lp cbbm_trn_r_lp cbfa_add_all cbfa_add_chest_normal_long cbfa_add_chest_normal_middle cbfa_add_chest_normal_short cbfa_add_chest_shout_long cbfa_add_chest_shout_middle cbfa_add_chest_shout_short cbfa_add_chest_whisper_long cbfa_add_chest_whisper_middle cbfa_add_chest_whisper_short cbnm_01f_lp0 cbnm_id0 cbnm_trn_l_lp cbnm_trn_r_lp
d1071,demihuman,22,cbbm_mgc_thm_2lp cbbm_mgc_thm_3 cbbm_sp_a_2lp cbbm_sp_b_2lp cbbm_sp_c_1 cbbm_sp_c_2lp cbfa_add_all cbfa_add_chest_normal_long cbfa_add_chest_normal_middle cbfa_add_chest_normal_short cbfa_add_chest_shout_long cbfa_add_chest_shout_middle cbfa_add_chest_shout_short cbfa_add_chest_whisper_long cbfa_add_chest_whisper_middle cbfa_add_chest_whisper_short cbnm_01f_lp0 cbnm_02f_lp0 cbnm_id0 cbnm_sprint_lp0 cbnm_trn_l_lp cbnm_trn_r_lp
d1072,demihuman,15,cbfa_add_all cbfa_add_chest_normal_long cbfa_add_chest_normal_middle cbfa_add_chest_normal_short cbfa_add_chest_shout_long cbfa_add_chest_shout_middle cbfa_add_chest_shout_short cbfa_add_chest_whisper_long cbfa_add_chest_whisper_middle cbfa_add_chest_whisper_short cbnm_01f_lp0 cbnm_02f_lp0 cbnm_id0 cbnm_trn_l_lp cbnm_trn_r_lp
d1073,demihuman,15,cbfa_add_all cbfa_add_chest_normal_long cbfa_add_chest_normal_middle cbfa_add_chest_normal_short cbfa_add_chest_shout_long cbfa_add_chest_shout_middle cbfa_add_chest_shout_short cbfa_add_chest_whisper_long cbfa_add_chest_whisper_middle cbfa_add_chest_whisper_short cbnm_01f_lp0 cbnm_02f_lp0 cbnm_id0 cbnm_trn_l_lp cbnm_trn_r_lp
d1074,demihuman,2,cbbm_sp_b_1 cbbm_sp_b_2lp
d1077,demihuman,1,cbnm_id0
d1084,demihuman,22,cbbm_02f_lp0 cbbm_ded cbbm_dedpose cbbm_id0 cbbm_sp_a_short_1 cbbm_sp_a_short_2lp cbbm_sp_b_1 cbbm_sp_b_2lp cbbm_sp_b_short_1 cbbm_sp_b_short_2lp cbbm_sp_c_1 cbbm_sp_c_2lp cbbm_sp_c_short_1 cbbm_sp_c_short_2lp cbbm_sp_d_1 cbbm_sp_d_2lp cbbm_sp_d_short_1 cbbm_sp_d_short_2lp cbbm_sp_e_1 cbbm_sp_e_2lp cbbm_sp_g_1 cbbm_sp_g_2lp
d1085,demihuman,25,cbbm_02f_lp0 cbbm_atk1 cbbm_ded cbbm_dedpose cbbm_id0 cbbm_sp_b_1 cbbm_sp_b_2lp cbbm_sp_c_1 cbbm_sp_c_2lp cbbm_sp_d_1 cbbm_sp_d_2lp cbbm_sp_e_1 cbbm_sp_e_2lp cbbm_sp_g_1 cbbm_sp_g_2lp cbbm_sp_h_1 cbbm_sp_h_2lp cbbm_sp_i_1 cbbm_sp_i_2lp cbbm_sp_j_1 cbbm_sp_j_2lp cbbm_sp_k_1 cbbm_sp_k_2lp cbbm_trn_l_lp cbbm_trn_r_lp
d1088,demihuman,5,cbfa_add_no cbfa_add_yes cbnm_01f_lp0 cbnm_02f_lp0 cbnm_id0
d1093,demihuman,2,cbnm_01f_lp0 cbnm_id0
m0001,monster,12,cbba_add_dmg_f cbbm_02f_lp0 cbbm_atk1 cbbm_ded cbbm_dedpose cbbm_id0 cbbm_partsbreak cbbm_sp_a_2lp cbbm_sp_b_2lp cbbm_sp_c_2lp cbnm_01f_lp0 cbnm_id0
m0002,monster,7,cbba_add_dmg_f cbbm_02f_lp0 cbbm_atk1 cbbm_ded cbbm_dedpose cbbm_id0 cbnm_01f_lp0
m0003,monster,9,cbba_add_dmg_f cbbm_02f_lp0 cbbm_atk1 cbbm_ded cbbm_dedpose cbbm_id0 cbbm_sp_a_2lp cbnm_01f_lp0 cbnm_id0
m0004,monster,10,cbba_add_dmg_f cbbm_02f_lp0 cbbm_atk1 cbbm_ded cbbm_dedpose cbbm_id0 cbbm_mgc_thm_3 cbbm_sht1 cbnm_01f_lp0 cbnm_id0
m0005,monster,8,cbba_add_dmg_f cbbm_02f_lp0 cbbm_atk1 cbbm_ded cbbm_dedpose cbbm_id0 cbbm_sp_b_2lp cbbm_sp_c_2lp
m0006,monster,8,cbba_add_dmg_f cbbm_02f_lp0 cbbm_atk1 cbbm_ded cbbm_dedpose cbbm_id0 cbnm_01f_lp0 cbnm_id0
m0007,monster,10,cbba_add_dmg_f cbbm_02f_lp0 cbbm_atk1 cbbm_dedpose cbbm_ft_ded_1 cbbm_ft_ded_2lp cbbm_ft_ded_3 cbbm_id0 cbbm_sp_a_2lp cbnm_id0
m0008,monster,8,cbba_add_dmg_f cbbm_02f_lp0 cbbm_atk1 cbbm_ded cbbm_dedpose cbbm_id0 cbnm_01f_lp0 cbnm_id0
m0009,monster,11,cbba_add_dmg_f cbbm_02f_lp0 cbbm_atk1 cbbm_ded cbbm_dedpose cbbm_id0 cbbm_sht1 cbbm_trn_l_lp cbbm_trn_r_lp cbnm_01f_lp0 cbnm_id0
m0010,monster,8,cbba_add_dmg_f cbbm_02f_lp0 cbbm_atk1 cbbm_ded cbbm_dedpose cbbm_id0 cbbm_sp_a_2lp cbnm_id0
m0011,monster,8,cbba_add_dmg_f cbbm_02f_lp0 cbbm_atk1 cbbm_dedpose cbbm_ft_ded_1 cbbm_ft_ded_2lp cbbm_ft_ded_3 cbbm_id0
m0012,monster,13,cbba_add_dmg_f cbbm_02f_lp0 cbbm_02l_lp0 cbbm_02r_lp0 cbbm_dedpose cbbm_ft_ded_1 cbbm_ft_ded_2lp cbbm_ft_ded_3 cbbm_id0 cbbm_slide_02l_lp0 cbbm_slide_02r_lp0 cbbm_sp_b_1 cbbm_sp_b_2lp
m0013,monster,8,cbba_add_dmg_f cbbm_02f_lp0 cbbm_atk1 cbbm_ded cbbm_dedpose cbbm_id0 cbnm_01f_lp0 cbnm_id0
m0014,monster,8,cbba_add_dmg_f cbbm_02f_lp0 cbbm_atk1 cbbm_dedpose cbbm_ft_ded_1 cbbm_ft_ded_2lp cbbm_ft_ded_3 cbbm_id0
m0015,monster,8,cbba_add_dmg_f cbbm_02f_lp0 cbbm_atk1 cbbm_ded cbbm_dedpose cbbm_id0 cbnm_01f_lp0 cbnm_id0
m0016,monster,11,cbba_add_dmg_f cbbm_02f_lp0 cbbm_atk1 cbbm_dedpose cbbm_ft_ded_1 cbbm_ft_ded_2lp cbbm_ft_ded_3 cbbm_id0 cbbm_mgc_thm_2lp cbbm_mgc_thm_3 cbnm_id0
m0017,monster,10,cbba_add_dmg_f cbbm_02f_lp0 cbbm_atk1 cbbm_ded cbbm_dedpose cbbm_id0 cbbm_sp_a_2lp cbbm_sp_b_2lp cbnm_01f_lp0 cbnm_id0
m0018,monster,10,cbba_add_dmg_f cbbm_02f_lp0 cbbm_atk1 cbbm_ded cbbm_dedpose cbbm_id0 cbbm_mgc_thm_2lp cbbm_mgc_thm_3 cbbm_sp_a_2lp cbnm_id0
m0019,monster,8,cbba_add_dmg_f cbbm_02f_lp0 cbbm_atk1 cbbm_ded cbbm_dedpose cbbm_id0 cbbm_sp_a_2lp cbnm_id0
m0020,monster,10,cbba_add_dmg_f cbbm_02f_lp0 cbbm_atk1 cbbm_dedpose cbbm_ft_ded_1 cbbm_ft_ded_2lp cbbm_ft_ded_3 cbbm_id0 cbbm_mgc_thm_2lp cbbm_mgc_thm_3
m0021,monster,21,cbba_add_dmg_f cbbm_02f_lp0 cbbm_atk1 cbbm_ded cbbm_dedpose cbbm_id0 cbbm_mgc_thm_3 cbbm_partsbreak cbbm_sp_a_2lp cbbm_sp_b_1 cbbm_sp_b_2lp cbbm_sp_c_1 cbbm_sp_c_2lp cbbm_sp_d_1 cbbm_sp_d_2lp cbbm_sp_e_1 cbbm_sp_e_2lp cbbm_trn_l_lp cbbm_trn_r_lp cbnm_01f_lp0 cbnm_id0
m0022,monster,10,cbba_add_dmg_f cbbm_02f_lp0 cbbm_atk1 cbbm_ded cbbm_dedpose cbbm_id0 cbbm_mgc_thm_3 cbbm_sp_a_2lp cbfa_add_all cbnm_01f_lp0
m0023,monster,12,cbba_add_dmg_f cbbm_02f_lp0 cbbm_atk1 cbbm_ded cbbm_dedpose cbbm_id0 cbbm_mgc_thm_3 cbbm_trn_l_lp cbbm_trn_r_lp cbnm_01f_lp0 cbnm_02f_lp0 cbnm_id0
m0024,monster,8,cbba_add_dmg_f cbbm_02f_lp0 cbbm_atk1 cbbm_ded cbbm_dedpose cbbm_id0 cbnm_01f_lp0 cbnm_id0
m0025,monster,9,cbba_add_dmg_f cbbm_02f_lp0 cbbm_atk1 cbbm_dedpose cbbm_ft_ded_1 cbbm_ft_ded_2lp cbbm_ft_ded_3 cbbm_id0 cbbm_sp_a_2lp
m0026,monster,13,cbba_add_dmg_f cbbm_02f_lp0 cbbm_atk1 cbbm_dedpose cbbm_ft_ded_1 cbbm_ft_ded_2lp cbbm_ft_ded_3 cbbm_id0 cbbm_mgc_thm_2lp cbbm_mgc_thm_3 cbbm_sp_a_2lp cbbm_sp_b_1 cbbm_sp_b_2lp
m0027,monster,8,cbba_add_dmg_f cbbm_02f_lp0 cbbm_atk1 cbbm_ded cbbm_dedpose cbbm_id0 cbbm_sp_a_2lp cbnm_01f_lp0
m0028,monster,19,cbba_add_dmg_f cbbm_02f_lp0 cbbm_atk1 cbbm_ded cbbm_dedpose cbbm_id0 cbbm_mgc_thm_2lp cbbm_mgc_thm_3 cbnm_01b_lp0 cbnm_01f_lp0 cbnm_01l_lp0 cbnm_01r_lp0 cbnm_02f_lp0 cbnm_02l_lp0 cbnm_02r_lp0 cbnm_id0 cbnm_jump_1 cbnm_jump_2 cbnm_jump_3
m0029,monster,11,cbba_add_dmg_f cbbm_02f_lp0 cbbm_atk1 cbbm_ded cbbm_dedpose cbbm_id0 cbbm_sp_a_2lp cbbm_trn_l_lp cbbm_trn_r_lp cbnm_01f_lp0 cbnm_id0
m0030,monster,11,cbba_add_dmg_f cbbm_02f_lp0 cbbm_atk1 cbbm_ded cbbm_dedpose cbbm_id0 cbbm_mgc_thm_3 cbbm_sp_a_2lp cbbm_trn_l_lp cbbm_trn_r_lp cbnm_01f_lp0
m0031,monster,0,
m0032,monster,6,cbba_add_dmg_f cbbm_02f_lp0 cbbm_atk1 cbbm_ded cbbm_dedpose cbbm_id0
m0033,monster,10,cbba_add_dmg_f cbbm_01f_lp0 cbbm_02f_lp0 cbbm_atk1 cbbm_ded cbbm_dedpose cbbm_id0 cbbm_trn_l_lp cbbm_trn_r_lp cbnm_id0
m0034,monster,8,cbba_add_dmg_f cbbm_02f_lp0 cbbm_atk1 cbbm_ded cbbm_dedpose cbbm_id0 cbnm_01f_lp0 cbnm_id0
m0035,monster,10,cbba_add_dmg_f cbbm_02f_lp0 cbbm_atk1 cbbm_ded cbbm_dedpose cbbm_id0 cbbm_sp_b_2lp cbbm_trn_l_lp cbbm_trn_r_lp cbnm_id0
m0036,monster,10,cbba_add_dmg_f cbbm_02f_lp0 cbbm_atk1 cbbm_ded cbbm_dedpose cbbm_id0 cbbm_sp_a_2lp cbfa_add_all cbnm_01f_lp0 cbnm_id0
m0037,monster,6,cbba_add_dmg_f cbbm_02f_lp0 cbbm_atk1 cbbm_ded cbbm_dedpose cbbm_id0
m0038,monster,11,cbba_add_dmg_f cbbm_02f_lp0 cbbm_atk1 cbbm_ded cbbm_dedpose cbbm_id0 cbbm_mgc_thm_3 cbbm_trn_l_lp cbbm_trn_r_lp cbnm_01f_lp0 cbnm_id0
m0039,monster,9,cbba_add_dmg_f cbbm_02f_lp0 cbbm_atk1 cbbm_ded cbbm_dedpose cbbm_id0 cbbm_sp_a_2lp cbnm_01f_lp0 cbnm_id0
m0040,monster,10,cbba_add_dmg_f cbbm_02f_lp0 cbbm_atk1 cbbm_ded cbbm_dedpose cbbm_id0 cbbm_trn_l_lp cbbm_trn_r_lp cbnm_01f_lp0 cbnm_id0
m0041,monster,9,cbba_add_dmg_f cbbm_02f_lp0 cbbm_atk1 cbbm_ded cbbm_dedpose cbbm_id0 cbbm_mgc_thm_3 cbnm_01f_lp0 cbnm_id0
m0042,monster,13,cbbm_01f_lp0 cbbm_02f_lp0 cbbm_atk1 cbbm_ded cbbm_dedpose cbbm_id0 cbbm_sp_b_1 cbbm_sp_b_2lp cbbm_sp_c_1 cbbm_sp_c_2lp cbbm_trn_l_lp cbbm_trn_r_lp cbnm_01f_lp0
m0043,monster,11,cbba_add_dmg_f cbbm_02f_lp0 cbbm_atk1 cbbm_dedpose cbbm_ft_ded_1 cbbm_ft_ded_2lp cbbm_ft_ded_3 cbbm_id0 cbbm_mgc_thm_2lp cbbm_mgc_thm_3 cbnm_01f_lp0
m0044,monster,8,cbba_add_dmg_f cbbm_02f_lp0 cbbm_atk1 cbbm_ded cbbm_dedpose cbbm_id0 cbnm_01f_lp0 cbnm_id0
m0045,monster,8,cbba_add_dmg_f cbbm_02f_lp0 cbbm_atk1 cbbm_ded cbbm_dedpose cbbm_id0 cbnm_01f_lp0 cbnm_id0
m0046,monster,11,cbba_add_dmg_f cbbm_02f_lp0 cbbm_atk1 cbbm_ded cbbm_dedpose cbbm_id0 cbbm_mgc_thm_3 cbbm_trn_l_lp cbbm_trn_r_lp cbnm_01f_lp0 cbnm_id0
m0047,monster,8,cbba_add_dmg_f cbbm_02f_lp0 cbbm_atk1 cbbm_ded cbbm_dedpose cbbm_id0 cbnm_01f_lp0 cbnm_id0
m0048,monster,0,
m0049,monster,16,cbba_add_dmg_f cbbm_01f_lp0 cbbm_02f_lp0 cbbm_atk1 cbbm_ded cbbm_dedpose cbbm_id0 cbbm_mgc_thm_2lp cbbm_mgc_thm_3 cbbm_sp_a_2lp cbbm_sp_b_2lp cbbm_trn_l_lp cbbm_trn_r_lp cbfa_add_all cbnm_01f_lp0 cbnm_id0
m0050,monster,7,cbba_add_dmg_f cbbm_02f_lp0 cbbm_atk1 cbbm_ded cbbm_dedpose cbbm_id0 cbnm_01f_lp0
m0051,monster,8,cbba_add_dmg_f cbbm_02f_lp0 cbbm_atk1 cbbm_ded cbbm_dedpose cbbm_id0 cbbm_sp_b_2lp cbnm_01f_lp0
m0052,monster,0,
m0053,monster,23,cbba_add_dmg_f cbbm_02f_lp0 cbbm_atk1 cbbm_ded cbbm_dedpose cbbm_id0 cbbm_partsbreak cbbm_sp_a_2lp cbbm_sp_b_2lp cbbm_sp_c_2lp cbbm_sp_d_2lp cbbm_sp_e_2lp cbbm_sp_g_2lp cbbm_trn_l_lp cbbm_trn_r_lp cbbp_1_break_1 cbbp_1_break_2lp cbbp_1_break_3 cbbp_2_break_1 cbbp_2_break_2lp cbbp_2_break_3 cbnm_01f_lp0 cbnm_id0
m0054,monster,12,cbba_add_dmg_f cbbm_02f_lp0 cbbm_atk1 cbbm_ded cbbm_dedpose cbbm_id0 cbbm_mgc_thm_3 cbbm_partsbreak cbbm_trn_l_lp cbbm_trn_r_lp cbnm_01f_lp0 cbnm_id0
m0055,monster,11,cbba_add_dmg_f cbbm_02f_lp0 cbbm_atk1 cbbm_ded cbbm_dedpose cbbm_id0 cbbm_mgc_thm_2lp cbbm_mgc_thm_3 cbbm_sp_a_2lp cbnm_01f_lp0 cbnm_id0
m0056,monster,10,cbba_add_dmg_f cbbm_02f_lp0 cbbm_atk1 cbbm_ded cbbm_dedpose cbbm_id0 cbbm_trn_l_lp cbbm_trn_r_lp cbnm_01f_lp0 cbnm_id0
m0057,monster,17,cbba_add_dmg_f cbbm_01f_lp0 cbbm_02f_lp0 cbbm_atk1 cbbm_ded cbbm_dedpose cbbm_id0 cbbm_sp_a_2lp cbbm_sp_b_1 cbbm_sp_b_2lp cbbm_sp_c_1 cbbm_sp_c_2lp cbbm_sp_d_1 cbbm_sp_d_2lp cbbm_trn_l_lp cbbm_trn_r_lp cbnm_id0
m0058,monster,17,cbba_add_dmg_f cbbm_01f_lp0 cbbm_02f_lp0 cbbm_atk1 cbbm_ded cbbm_dedpose cbbm_id0 cbbm_sp_a_2lp cbbm_sp_b_2lp cbbm_sp_c_2lp cbbm_sp_d_2lp cbbm_sp_e_1 cbbm_sp_e_2lp cbbm_trn_l_lp cbbm_trn_r_lp cbnm_01f_lp0 cbnm_id0
m0059,monster,7,cbba_add_dmg_f cbbm_02f_lp0 cbbm_ded cbbm_dedpose cbbm_id0 cbbm_mgc_thm_3 cbnm_id0
m0060,monster,12,cbba_add_dmg_f cbbm_01f_lp0 cbbm_02f_lp0 cbbm_atk1 cbbm_ded cbbm_dedpose cbbm_id0 cbbm_partsbreak cbbm_sp_a_2lp cbbm_sp_b_2lp cbbm_sp_c_2lp cbnm_id0
m0061,monster,7,cbba_add_dmg_f cbbm_atk1 cbbm_ded cbbm_dedpose cbbm_id0 cbbm_mgc_thm_2lp cbbm_mgc_thm_3
m0062,monster,6,cbba_add_dmg_f cbbm_02f_lp0 cbbm_atk1 cbbm_ded cbbm_dedpose cbbm_id0
m0063,monster,14,cbba_add_dmg_f cbbm_02f_lp0 cbbm_atk1 cbbm_ded cbbm_dedpose cbbm_id0 cbbm_sp_a_2lp cbbm_sp_b_2lp cbbm_sp_c_2lp cbbm_sp_d_2lp cbbm_trn_l_lp cbbm_trn_r_lp cbnm_01f_lp0 cbnm_id0
m0064,monster,9,cbba_add_dmg_f cbbm_02f_lp0 cbbm_atk1 cbbm_dedpose cbbm_ft_ded_1 cbbm_ft_ded_2lp cbbm_ft_ded_3 cbbm_id0 cbbm_sp_a_2lp
m0065,monster,10,cbba_add_dmg_f cbbm_02f_lp0 cbbm_atk1 cbbm_ded cbbm_dedpose cbbm_id0 cbbm_sp_a_2lp cbbm_trn_l_lp cbbm_trn_r_lp cbnm_id0
m0066,monster,14,cbbm_01f_lp0 cbbm_02f_lp0 cbbm_atk1 cbbm_ded cbbm_dedpose cbbm_id0 cbbm_sp_a_2lp cbbm_sp_b_2lp cbbm_sp_c_2lp cbbm_sp_d_2lp cbbm_trn_l_lp cbbm_trn_r_lp cbnm_01f_lp0 cbnm_id0
m0067,monster,3,cbbm_ded cbbm_dedpose cbbm_id0
m0068,monster,12,cbba_add_dmg_f cbbm_01f_lp0 cbbm_02f_lp0 cbbm_atk1 cbbm_ded cbbm_dedpose cbbm_id0 cbbm_mgc_thm_2lp cbbm_mgc_thm_3 cbbm_sp_a_2lp cbbm_sp_b_1 cbbm_sp_b_2lp
m0069,monster,13,cbba_add_dmg_f cbbm_01f_lp0 cbbm_atk1 cbbm_dedpose cbbm_ft_ded_1 cbbm_ft_ded_2lp cbbm_ft_ded_3 cbbm_id0 cbbm_mgc_thm_3 cbbm_sp_a_2lp cbbm_sp_b_2lp cbbm_sp_c_1 cbbm_sp_c_2lp
m0070,monster,25,cbba_add_dmg_f cbbm_02f_lp0 cbbm_atk1 cbbm_ded cbbm_dedpose cbbm_id0 cbbm_partsbreak cbbm_sp_a_2lp cbbm_sp_b_2lp cbbm_sp_c_2lp cbbm_trn_l_lp cbbm_trn_r_lp cbbp_1_break_1 cbbp_1_break_2lp cbbp_1_break_3 cbbp_2_break_1 cbbp_2_break_2lp cbbp_2_break_3 cbbp_3_break_1 cbbp_3_break_2lp cbbp_3_break_3 cbbp_4_break_1 cbbp_4_break_2lp cbbp_4_break_3 cbnm_id0
m0071,monster,10,cbba_add_dmg_f cbbm_02f_lp0 cbbm_atk1 cbbm_ded cbbm_dedpose cbbm_id0 cbbm_sp_b_1 cbbm_sp_b_2lp cbbm_trn_l_lp cbbm_trn_r_lp
m0072,monster,3,cbbm_ded cbbm_dedpose cbbm_id0
m0073,monster,23,cbba_add_dmg_f cbbm_01f_lp0 cbbm_02f_lp0 cbbm_atk1 cbbm_ded cbbm_dedpose cbbm_id0 cbbm_sp_a_1 cbbm_sp_a_2lp cbbm_sp_b_1 cbbm_sp_b_2lp cbbm_sp_c_1 cbbm_sp_c_2lp cbbm_sp_d_1 cbbm_sp_d_2lp cbbm_sp_e_1 cbbm_sp_e_2lp cbbm_trn_l_lp cbbm_trn_r_lp cbbp_1_break_1 cbbp_1_break_2lp cbbp_1_break_3 cbnm_01f_lp0
m0074,monster,12,cbba_add_dmg_f cbbm_02f_lp0 cbbm_atk1 cbbm_ded cbbm_dedpose cbbm_id0 cbbm_mgc_thm_2lp cbbm_mgc_thm_3 cbbm_sp_a_2lp cbbm_sp_b_2lp cbbm_trn_l_lp cbbm_trn_r_lp
m0075,monster,9,cbba_add_dmg_f cbbm_02f_lp0 cbbm_id0 cbfa_add_all cbfa_add_no cbfa_add_talk cbfa_add_yes cbnm_01f_lp0 cbnm_id0
m0076,monster,13,cbba_add_dmg_f cbbm_02f_lp0 cbbm_atk1 cbbm_ded cbbm_dedpose cbbm_id0 cbbm_sp_b_1 cbbm_sp_b_2lp cbbm_sp_c_2lp cbbm_trn_l_lp cbbm_trn_r_lp cbnm_01f_lp0 cbnm_id0
m0077,monster,6,cbba_add_dmg_f cbbm_02f_lp0 cbbm_atk1 cbbm_ded cbbm_dedpose cbbm_id0
m0078,monster,12,cbba_add_dmg_f cbbm_01f_lp0 cbbm_02f_lp0 cbbm_atk1 cbbm_dedpose cbbm_ft_ded_1 cbbm_ft_ded_2lp cbbm_ft_ded_3 cbbm_id0 cbbm_sp_a_2lp cbbm_sp_b_2lp cbbm_sp_c_2lp
m0079,monster,10,cbbm_01f_lp0 cbbm_02f_lp0 cbbm_atk1 cbbm_ded cbbm_dedpose cbbm_id0 cbbm_mgc_thm_2lp cbbm_mgc_thm_3 cbbm_sp_a_2lp cbbm_sp_b_2lp
m0080,monster,11,cbba_add_dmg_f cbbm_02f_lp0 cbbm_atk1 cbbm_dedpose cbbm_ft_ded_1 cbbm_ft_ded_2lp cbbm_ft_ded_3 cbbm_id0 cbbm_mgc_thm_2lp cbbm_mgc_thm_3 cbnm_01f_lp0
m0081,monster,9,cbba_add_dmg_f cbbm_02f_lp0 cbbm_atk1 cbbm_ded cbbm_dedpose cbbm_id0 cbbm_mgc_thm_2lp cbbm_mgc_thm_3 cbnm_01f_lp0
m0082,monster,6,cbba_add_dmg_f cbbm_02f_lp0 cbbm_atk1 cbbm_ded cbbm_dedpose cbbm_id0
m0083,monster,10,cbba_add_dmg_f cbbm_02f_lp0 cbbm_atk1 cbbm_dedpose cbbm_ft_ded_1 cbbm_ft_ded_2lp cbbm_ft_ded_3 cbbm_id0 cbbm_mgc_thm_2lp cbbm_mgc_thm_3
m0084,monster,9,cbba_add_dmg_f cbbm_02f_lp0 cbbm_atk1 cbbm_dedpose cbbm_ft_ded_1 cbbm_ft_ded_2lp cbbm_ft_ded_3 cbbm_id0 cbnm_01f_lp0
m0085,monster,8,cbba_add_dmg_f cbbm_02f_lp0 cbbm_atk1 cbbm_ded cbbm_dedpose cbbm_id0 cbbm_mgc_thm_3 cbnm_01f_lp0
m0086,monster,8,cbba_add_dmg_f cbbm_02f_lp0 cbbm_atk1 cbbm_ded cbbm_dedpose cbbm_id0 cbnm_01f_lp0 cbnm_id0
m0087,monster,9,cbba_add_dmg_f cbbm_02f_lp0 cbbm_atk1 cbbm_ded cbbm_dedpose cbbm_id0 cbbm_sp_f_2lp cbnm_01f_lp0 cbnm_id0
m0088,monster,8,cbba_add_dmg_f cbbm_02f_lp0 cbbm_atk1 cbbm_ded cbbm_dedpose cbbm_id0 cbnm_01f_lp0 cbnm_id0
m0089,monster,12,cbba_add_dmg_g cbbm_02f_lp0 cbbm_atk1 cbbm_ded cbbm_dedpose cbbm_id0 cbbm_mgc_thm_2lp cbbm_mgc_thm_3 cbfa_add_no cbfa_add_yes cbnm_01f_lp0 cbnm_id0
m0090,monster,4,cbbm_ded cbbm_dedpose cbbm_id0 cbbm_sp_f_2lp
m0091,monster,4,cbba_add_dmg_f cbbm_ded cbbm_dedpose cbbm_id0
m0092,monster,2,cbba_add_dmg_f cbbm_id0
m0093,monster,7,cbba_add_dmg_f cbbm_02f_lp0 cbbm_dedpose cbbm_ft_ded_1 cbbm_ft_ded_2lp cbbm_ft_ded_3 cbbm_id0
m0095,monster,8,cbba_add_dmg_f cbbm_01f_lp0 cbbm_02f_lp0 cbbm_atk1 cbbm_ded cbbm_dedpose cbbm_id0 cbnm_id0
m0096,monster,14,cbba_add_dmg_f cbbm_01f_lp0 cbbm_02f_lp0 cbbm_atk1 cbbm_ded cbbm_dedpose cbbm_id0 cbbm_sp_a_2lp cbbm_sp_b_2lp cbbm_sp_c_2lp cbbm_sp_d_2lp cbnm_id0 cbnm_trn_l_lp cbnm_trn_r_lp
m0097,monster,6,cbba_add_dmg_f cbbm_atk1 cbbm_ded cbbm_dedpose cbbm_id0 cbbm_sp_a_2lp
m0098,monster,15,cbba_add_dmg_f cbbm_01f_lp0 cbbm_02f_lp0 cbbm_atk1 cbbm_ded cbbm_dedpose cbbm_id0 cbbm_partsbreak cbbm_sp_a_2lp cbbm_sp_b_2lp cbbm_sp_c_2lp cbbm_sp_d_2lp cbbm_sp_e_2lp cbbm_trn_l_lp cbbm_trn_r_lp
m0099,monster,14,cbba_add_dmg_f cbbm_02f_lp0 cbbm_atk1 cbbm_ded cbbm_dedpose cbbm_id0 cbbm_sp_a_2lp cbbm_sp_b_2lp cbbm_sp_c_2lp cbbm_sp_d_2lp cbbm_sp_e_1 cbbm_sp_e_2lp cbbm_trn_l_lp cbbm_trn_r_lp
m0100,monster,5,cbbm_02f_lp0 cbbm_id0 cbnm_01f_lp0 cbnm_02f_lp0 cbnm_id0
m0101,monster,10,cbba_add_dmg_f cbbm_02f_lp0 cbbm_ded cbbm_dedpose cbbm_id0 cbbm_sp_a_2lp cbbm_sp_b_2lp cbbm_sp_c_2lp cbbm_sp_d_2lp cbbm_sp_e_2lp
m0102,monster,14,cbbm_02f_lp0 cbbm_ded cbbm_dedpose cbbm_id0 cbbm_sp_a_1 cbbm_sp_a_2lp cbbm_sp_b_1 cbbm_sp_b_2lp cbbm_sp_c_2lp cbbm_sp_d_2lp cbbm_sp_e_1 cbbm_sp_e_2lp cbbm_sp_g_1 cbbm_sp_g_2lp
m0103,monster,13,cbba_add_dmg_f cbbm_01f_lp0 cbbm_02f_lp0 cbbm_atk1 cbbm_ded cbbm_dedpose cbbm_id0 cbbm_mgc_thm_3 cbbm_sp_a_2lp cbbm_sp_b_2lp cbbm_sp_c_2lp cbbm_trn_l_lp cbbm_trn_r_lp
m0104,monster,2,cbba_add_dmg_f cbbm_id0
m0105,monster,9,cbba_add_dmg_f cbbm_ded cbbm_dedpose cbbm_id0 cbbm_sp_a_2lp cbbm_sp_b_2lp cbbm_sp_c_2lp cbnm_02f_lp0 cbnm_id0
m0106,monster,2,cbbm_id0 cbbm_sp_f_2lp
m0107,monster,4,cbba_add_dmg_f cbbm_ded cbbm_dedpose cbbm_id0
m0108,monster,0,
m0109,monster,10,cbbm_02f_lp0 cbbm_atk1 cbbm_ded cbbm_dedpose cbbm_id0 cbbm_sp_b_2lp cbbm_sp_c_1 cbbm_sp_c_2lp cbbm_trn_l_lp cbbm_trn_r_lp
m0110,monster,15,cbbm_02f_lp0 cbbm_atk1 cbbm_ded cbbm_dedpose cbbm_id0 cbbm_sp_b_1 cbbm_sp_b_2lp cbbm_sp_c_1 cbbm_sp_c_2lp cbbm_sp_d_1 cbbm_sp_d_2lp cbbm_sp_e_1 cbbm_sp_e_2lp cbbm_trn_l_lp cbbm_trn_r_lp
m0111,monster,6,cbba_add_dmg_f cbbm_atk1 cbbm_ded cbbm_dedpose cbbm_id0 cbnm_01f_lp0
m0112,monster,5,cbbm_ded cbbm_dedpose cbbm_id0 cbbm_sp_a_1 cbbm_sp_a_2lp
m0114,monster,6,cbba_add_dmg_f cbbm_02f_lp0 cbbm_atk1 cbbm_ded cbbm_dedpose cbbm_id0
m0115,monster,10,cbba_add_dmg_f cbbm_02f_lp0 cbbm_ft_ded_1 cbbm_ft_ded_2lp cbbm_ft_ded_3 cbbm_id0 cbbm_sp_a_2lp cbbm_sp_b_1 cbbm_sp_b_2lp cbbm_sp_c_2lp
m0117,monster,10,cbba_add_dmg_f cbbm_02f_lp0 cbbm_atk1 cbbm_ded cbbm_dedpose cbbm_id0 cbbm_sp_a_2lp cbbm_sp_b_2lp cbbm_trn_l_lp cbbm_trn_r_lp
m0118,monster,9,cbba_add_dmg_f cbbm_02f_lp0 cbbm_atk1 cbbm_dedpose cbbm_ft_ded_1 cbbm_ft_ded_2lp cbbm_ft_ded_3 cbbm_id0 cbbm_sp_a_2lp
m0119,monster,22,cbba_add_dmg_f cbbm_01f_lp0 cbbm_02f_lp0 cbbm_atk1 cbbm_ded cbbm_dedpose cbbm_id0 cbbm_sp_a_2lp cbbm_sp_b_2lp cbbm_sp_c_1 cbbm_sp_c_2lp cbbm_sp_d_1 cbbm_sp_d_2lp cbbm_sp_e_2lp cbbm_sp_g_2lp cbbm_sp_h_1 cbbm_sp_h_2lp cbbm_trn_l_lp cbbm_trn_r_lp cbfa_add_all cbfa_add_no cbfa_add_yes
m0120,monster,8,cbba_add_dmg_f cbbm_02f_lp0 cbbm_atk1 cbbm_ded cbbm_dedpose cbbm_id0 cbbm_sp_a_2lp cbnm_01f_lp0
m0122,monster,8,cbbm_01f_lp0 cbbm_02f_lp0 cbbm_atk1 cbbm_ded cbbm_dedpose cbbm_id0 cbbm_trn_l_lp cbbm_trn_r_lp
m0123,monster,15,cbba_add_dmg_f cbbm_01f_lp0 cbbm_02f_lp0 cbbm_atk1 cbbm_dedpose cbbm_ft_ded_1 cbbm_ft_ded_2lp cbbm_id0 cbbm_mgc_thm_3 cbbm_sp_a_2lp cbbm_sp_b_2lp cbbm_trn_l_lp cbbm_trn_r_lp cbfa_add_no cbfa_add_yes
m0124,monster,14,cbba_add_dmg_f cbbm_02f_lp0 cbbm_atk1 cbbm_ded cbbm_dedpose cbbm_id0 cbbm_sp_a_1 cbbm_sp_a_2lp cbbm_sp_b_2lp cbbm_sp_c_1 cbbm_sp_c_2lp cbbm_sp_d_2lp cbbm_trn_l_lp cbbm_trn_r_lp
m0125,monster,12,cbba_add_dmg_f cbbm_01f_lp0 cbbm_02f_lp0 cbbm_atk1 cbbm_ded cbbm_dedpose cbbm_id0 cbbm_sp_a_2lp cbbm_sp_b_2lp cbbm_sp_c_2lp cbbm_trn_l_lp cbbm_trn_r_lp
m0126,monster,14,cbba_add_dmg_f cbbm_01f_lp0 cbbm_02f_lp0 cbbm_atk1 cbbm_ded cbbm_dedpose cbbm_id0 cbbm_mgc_thm_2lp cbbm_mgc_thm_3 cbbm_sp_a_2lp cbbm_sp_b_2lp cbbm_sp_c_2lp cbbm_trn_l_lp cbbm_trn_r_lp
m0127,monster,13,cbba_add_dmg_f cbbm_02f_lp0 cbbm_atk1 cbbm_ded cbbm_dedpose cbbm_id0 cbbm_sp_a_1 cbbm_sp_a_2lp cbbm_sp_b_2lp cbbm_sp_e_1 cbbm_sp_e_2lp cbbm_trn_l_lp cbbm_trn_r_lp
m0128,monster,14,cbba_add_dmg_f cbbm_02f_lp0 cbbm_atk1 cbbm_ded cbbm_dedpose cbbm_id0 cbbm_mgc_thm_3 cbbm_sp_a_2lp cbbm_sp_b_2lp cbbm_sp_c_2lp cbbm_sp_e_2lp cbbm_sp_f_2lp cbbm_trn_l_lp cbbm_trn_r_lp
m0129,monster,10,cbba_add_dmg_f cbbm_02f_lp0 cbbm_atk1 cbbm_ft_ded_1 cbbm_ft_ded_2lp cbbm_ft_ded_3 cbbm_id0 cbbm_mgc_thm_3 cbbm_sp_a_2lp cbbm_sp_b_2lp
m0130,monster,15,cbbm_ded cbbm_dedpose cbbm_id0 cbbm_sp_a_2lp cbbm_sp_b_2lp cbbm_sp_c_1 cbbm_sp_c_2lp cbbm_sp_d_1 cbbm_sp_d_2lp cbbm_sp_e_1 cbbm_sp_e_2lp cbbm_sp_g_1 cbbm_sp_g_2lp cbbm_sp_h_1 cbbm_sp_h_2lp
m0131,monster,20,cbba_add_dmg_f cbbm_01f_lp0 cbbm_02f_lp0 cbbm_atk1 cbbm_ded cbbm_dedpose cbbm_id0 cbbm_sp_a_2lp cbbm_sp_b_1 cbbm_sp_b_2lp cbbm_sp_c_2lp cbbm_sp_d_1 cbbm_sp_d_2lp cbbm_trn_l_lp cbbm_trn_r_lp cbfa_add_all cbfa_add_no cbfa_add_yes cbnm_01f_lp0 cbnm_id0
m0132,monster,13,cbba_add_dmg_f cbbm_01f_lp0 cbbm_02f_lp0 cbbm_atk1 cbbm_ded cbbm_dedpose cbbm_id0 cbbm_mgc_thm_2lp cbbm_mgc_thm_3 cbbm_sp_a_2lp cbbm_sp_b_2lp cbbm_trn_l_lp cbbm_trn_r_lp
m0133,monster,11,cbba_add_dmg_f cbbm_02f_lp0 cbbm_atk1 cbbm_ded cbbm_dedpose cbbm_id0 cbbm_mgc_thm_2lp cbbm_mgc_thm_3 cbbm_sp_a_2lp cbnm_01f_lp0 cbnm_id0
m0134,monster,10,cbba_add_dmg_f cbbm_02f_lp0 cbbm_atk1 cbbm_dedpose cbbm_ft_ded_1 cbbm_ft_ded_2lp cbbm_ft_ded_3 cbbm_id0 cbbm_sp_a_2lp cbnm_id0
m0135,monster,11,cbba_add_dmg_f cbbm_02f_lp0 cbbm_atk1 cbbm_ded cbbm_dedpose cbbm_id0 cbbm_sp_a_2lp cbbm_trn_l_lp cbbm_trn_r_lp cbnm_01f_lp0 cbnm_id0
m0136,monster,7,cbba_add_dmg_f cbbm_02f_lp0 cbbm_atk1 cbbm_ded cbbm_dedpose cbbm_id0 cbnm_id0
m0137,monster,10,cbba_add_dmg_f cbbm_02f_lp0 cbbm_atk1 cbbm_dedpose cbbm_ft_ded_1 cbbm_ft_ded_2lp cbbm_ft_ded_3 cbbm_id0 cbbm_sp_a_2lp cbnm_id0
m0138,monster,11,cbba_add_dmg_f cbbm_02f_lp0 cbbm_atk1 cbbm_dedpose cbbm_ft_ded_1 cbbm_ft_ded_2lp cbbm_ft_ded_3 cbbm_id0 cbbm_sp_a_2lp cbnm_01f_lp0 cbnm_id0
m0139,monster,6,cbbm_02f_lp0 cbbm_atk1 cbbm_ded cbbm_dedpose cbbm_id0 cbnm_01f_lp0
m0140,monster,9,cbba_add_dmg_f cbbm_02f_lp0 cbbm_atk1 cbbm_ft_ded_1 cbbm_ft_ded_2lp cbbm_ft_ded_3 cbbm_id0 cbbm_sp_a_2lp cbnm_id0
m0141,monster,9,cbba_add_dmg_f cbbm_02f_lp0 cbbm_atk1 cbbm_dedpose cbbm_ft_ded_1 cbbm_ft_ded_2lp cbbm_ft_ded_3 cbbm_id0 cbbm_sp_a_2lp
m0142,monster,8,cbba_add_dmg_f cbbm_02f_lp0 cbbm_atk1 cbbm_ded cbbm_dedpose cbbm_id0 cbbm_sp_a_2lp cbnm_id0
m0143,monster,12,cbba_add_dmg_f cbbm_02f_lp0 cbbm_atk1 cbbm_ded cbbm_dedpose cbbm_id0 cbbm_sp_a_2lp cbbm_sp_b_2lp cbbm_trn_l_lp cbbm_trn_r_lp cbnm_01f_lp0 cbnm_id0
m0144,monster,11,cbba_add_dmg_f cbbm_02f_lp0 cbbm_atk1 cbbm_ded cbbm_dedpose cbbm_id0 cbbm_mgc_thm_2lp cbbm_mgc_thm_3 cbbm_partsbreak cbbm_sp_a_2lp cbnm_01f_lp0
m0145,monster,8,cbba_add_dmg_f cbbm_02f_lp0 cbbm_atk1 cbbm_ded cbbm_dedpose cbbm_id0 cbbm_mgc_thm_3 cbnm_id0
m0146,monster,17,cbba_add_dmg_f cbbm_02f_lp0 cbbm_atk1 cbbm_ded cbbm_dedpose cbbm_id0 cbbm_sp_b_1 cbbm_sp_b_2lp cbbm_sp_c_1 cbbm_sp_c_2lp cbbm_sp_d_2lp cbbm_sp_e_1 cbbm_sp_e_2lp cbbm_sp_g_1 cbbm_sp_g_2lp cbbm_trn_l_lp cbbm_trn_r_lp
m0147,monster,9,cbba_add_dmg_f cbbm_02f_lp0 cbbm_atk1 cbbm_ded cbbm_dedpose cbbm_id0 cbbm_sp_a_2lp cbnm_01f_lp0 cbnm_id0
m0148,monster,7,cbba_add_dmg_f cbbm_02f_lp0 cbbm_atk1 cbbm_ded cbbm_dedpose cbbm_id0 cbbm_sp_a_2lp
m0149,monster,4,cbbm_02f_lp0 cbbm_ded cbbm_dedpose cbbm_id0
m0150,monster,9,cbba_add_dmg_f cbbm_02f_lp0 cbbm_atk1 cbbm_ded cbbm_dedpose cbbm_id0 cbbm_sp_a_2lp cbnm_01f_lp0 cbnm_id0
m0151,monster,7,cbba_add_dmg_f cbbm_02f_lp0 cbbm_atk1 cbbm_ded cbbm_dedpose cbbm_id0 cbbm_sp_a_2lp
m0152,monster,9,cbba_add_dmg_f cbbm_02f_lp0 cbbm_atk1 cbbm_ft_ded_1 cbbm_ft_ded_2lp cbbm_ft_ded_3 cbbm_id0 cbbm_sp_a_2lp cbnm_01f_lp0
m0153,monster,10,cbba_add_dmg_f cbbm_02f_lp0 cbbm_atk1 cbbm_dedpose cbbm_ft_ded_1 cbbm_ft_ded_2lp cbbm_ft_ded_3 cbbm_id0 cbbm_mgc_thm_2lp cbbm_mgc_thm_3
m0154,monster,7,cbba_add_dmg_f cbbm_02f_lp0 cbbm_atk1 cbbm_ded cbbm_dedpose cbbm_id0 cbnm_01f_lp0
m0155,monster,7,cbba_add_dmg_f cbbm_02f_lp0 cbbm_atk1 cbbm_ded cbbm_dedpose cbbm_id0 cbnm_01f_lp0
m0156,monster,5,cbba_add_dmg_f cbbm_02f_lp0 cbbm_ded cbbm_dedpose cbbm_id0
m0157,monster,1,cbbm_id0
m0158,monster,9,cbba_add_dmg_f cbbm_01f_lp0 cbbm_02f_lp0 cbbm_atk1 cbbm_ded cbbm_dedpose cbbm_id0 cbbm_mgc_thm_2lp cbbm_mgc_thm_3
m0159,monster,3,cbbm_ded cbbm_dedpose cbbm_id0
m0160,monster,5,cbbm_02f_lp0 cbbm_atk1 cbbm_ded cbbm_dedpose cbbm_id0
m0161,monster,8,cbbm_02f_lp0 cbbm_atk1 cbbm_ded cbbm_dedpose cbbm_id0 cbbm_sp_b_1 cbbm_sp_b_2lp cbnm_01f_lp0
m0162,monster,1,cbbm_id0
m0163,monster,2,cbbm_02f_lp0 cbbm_id0
m0164,monster,5,cbba_add_dmg_f cbbm_02f_lp0 cbbm_ded cbbm_dedpose cbbm_id0
m0165,monster,3,cbbm_ded cbbm_dedpose cbbm_id0
m0166,monster,6,cbba_add_dmg_f cbbm_02f_lp0 cbbm_id0 cbbm_mgc_thm_3 cbnm_01f_lp0 cbnm_id0
m0167,monster,1,cbbm_id0
m0168,monster,12,cbba_add_dmg_f cbbm_02f_lp0 cbbm_atk1 cbbm_ded cbbm_dedpose cbbm_id0 cbbm_mgc_thm_3 cbbm_trn_l_lp cbbm_trn_r_lp cbnm_01f_lp0 cbnm_02f_lp0 cbnm_id0
m0171,monster,14,cbba_add_dmg_f cbbm_01f_lp0 cbbm_02f_lp0 cbbm_atk1 cbbm_ded cbbm_dedpose cbbm_id0 cbbm_partsbreak cbbm_sp_a_2lp cbbm_sp_h_1 cbbm_sp_h_2lp cbbm_trn_l_lp cbbm_trn_r_lp cbnm_01f_lp0
m0172,monster,12,cbba_add_dmg_f cbbm_01f_lp0 cbbm_02f_lp0 cbbm_atk1 cbbm_ded cbbm_dedpose cbbm_id0 cbbm_mgc_thm_2lp cbbm_mgc_thm_3 cbbm_trn_l_lp cbbm_trn_r_lp cbnm_01f_lp0
m0173,monster,8,cbba_add_dmg_f cbbm_02f_lp0 cbbm_atk1 cbbm_ded cbbm_dedpose cbbm_id0 cbbm_mgc_thm_3 cbbm_sp_a_2lp
m0174,monster,0,
m0175,monster,9,cbba_add_dmg_f cbbm_02f_lp0 cbbm_atk1 cbbm_ded cbbm_dedpose cbbm_id0 cbbm_sp_a_2lp cbbm_trn_l_lp cbbm_trn_r_lp
m0176,monster,11,cbba_add_dmg_f cbbm_01f_lp0 cbbm_02f_lp0 cbbm_atk1 cbbm_ded cbbm_dedpose cbbm_id0 cbbm_trn_l_lp cbbm_trn_r_lp cbnm_01f_lp0 cbnm_id0
m0177,monster,14,cbba_add_dmg_f cbbm_01f_lp0 cbbm_02f_lp0 cbbm_atk1 cbbm_ded cbbm_dedpose cbbm_id0 cbbm_mgc_thm_3 cbbm_sp_a_1 cbbm_sp_b_2lp cbbm_trn_l_lp cbbm_trn_r_lp cbnm_01f_lp0 cbnm_id0
m0178,monster,6,cbba_add_dmg_f cbbm_02f_lp0 cbbm_atk1 cbbm_ded cbbm_dedpose cbbm_id0
m0179,monster,4,cbba_add_dmg_f cbbm_id0 cbbm_sp_b_2lp cbbm_sp_f_2lp
m0180,monster,5,cbba_add_dmg_f cbbm_02f_lp0 cbbm_ded cbbm_dedpose cbbm_id0
m0181,monster,6,cbba_add_dmg_f cbbm_02f_lp0 cbbm_atk1 cbbm_ded cbbm_dedpose cbbm_id0
m0182,monster,9,cbba_add_dmg_f cbbm_02f_lp0 cbbm_atk1 cbbm_dedpose cbbm_ft_ded_1 cbbm_ft_ded_2lp cbbm_ft_ded_3 cbbm_id0 cbbm_mgc_thm_3
m0183,monster,19,cbba_add_dmg_f cbbm_02f_lp0 cbbm_atk1 cbbm_ded cbbm_dedpose cbbm_id0 cbbm_sp_b_2lp cbbm_sp_c_2lp cbbm_sp_d_2lp cbbm_sp_e_2lp cbbm_sp_g_1 cbbm_sp_g_2lp cbbm_sp_h_1 cbbm_sp_h_2lp cbbm_sp_i_1 cbbm_sp_i_2lp cbbm_trn_l_lp cbbm_trn_r_lp cbnm_01f_lp0
m0184,monster,3,cbbm_ded cbbm_dedpose cbbm_id0
m0185,monster,4,cbba_add_dmg_f cbbm_ded cbbm_dedpose cbbm_id0
m0186,monster,1,cbbm_id0
m0187,monster,8,cbba_add_dmg_f cbbm_02f_lp0 cbbm_atk1 cbbm_ded cbbm_dedpose cbbm_id0 cbbm_sp_a_2lp cbnm_01f_lp0
m0188,monster,12,cbnm_01b_lp0 cbnm_01f_lp0 cbnm_01l_lp0 cbnm_01r_lp0 cbnm_02f_lp0 cbnm_02l_lp0 cbnm_02r_lp0 cbnm_ded cbnm_id0 cbnm_jump_1 cbnm_jump_2 cbnm_jump_3
m0189,monster,6,cbba_add_dmg_f cbbm_02f_lp0 cbbm_atk1 cbbm_ded cbbm_dedpose cbbm_id0
m0190,monster,4,cbba_add_dmg_f cbbm_ded cbbm_dedpose cbbm_id0
m0191,monster,17,cbba_add_dmg_f cbbm_02f_lp0 cbbm_atk1 cbbm_id0 cbbm_sp_b_1 cbbm_sp_b_2lp cbnm_01b_lp0 cbnm_01f_lp0 cbnm_01l_lp0 cbnm_01r_lp0 cbnm_02f_lp0 cbnm_02l_lp0 cbnm_02r_lp0 cbnm_id0 cbnm_jump_1 cbnm_jump_2 cbnm_jump_3
m0192,monster,3,cbbm_01f_lp0 cbbm_02f_lp0 cbbm_id0
m0193,monster,2,cbnm_02f_lp0 cbnm_id0
m0194,monster,7,cbba_add_dmg_f cbbm_02f_lp0 cbbm_atk1 cbbm_ded cbbm_dedpose cbbm_id0 cbnm_01f_lp0
m0195,monster,9,cbba_add_dmg_f cbbm_02f_lp0 cbbm_atk1 cbbm_dedpose cbbm_ft_ded_1 cbbm_ft_ded_2lp cbbm_ft_ded_3 cbbm_id0 cbbm_sp_b_2lp
m0196,monster,11,cbba_add_dmg_f cbbm_02f_lp0 cbbm_atk1 cbbm_ded cbbm_dedpose cbbm_id0 cbbm_mgc_thm_3 cbbm_sp_b_2lp cbbm_sp_c_2lp cbbm_sp_d_1 cbbm_sp_d_2lp
m0197,monster,9,cbba_add_dmg_f cbbm_02f_lp0 cbbm_atk1 cbbm_ded cbbm_dedpose cbbm_id0 cbbm_mgc_thm_2lp cbbm_mgc_thm_3 cbnm_id0
m0198,monster,9,cbba_add_dmg_f cbbm_02f_lp0 cbbm_atk1 cbbm_dedpose cbbm_ft_ded_1 cbbm_ft_ded_2lp cbbm_ft_ded_3 cbbm_id0 cbbm_mgc_thm_3
m0199,monster,3,cbbm_ded cbbm_dedpose cbbm_id0
m0200,monster,4,cbba_add_dmg_f cbbm_ded cbbm_dedpose cbbm_id0
m0201,monster,4,cbba_add_dmg_f cbbm_ded cbbm_dedpose cbbm_id0
m0202,monster,1,cbbm_id0
m0203,monster,9,cbbm_02f_lp0 cbbm_atk1 cbbm_ded cbbm_dedpose cbbm_id0 cbbm_sp_b_1 cbbm_sp_b_2lp cbnm_01f_lp0 cbnm_id0
m0204,monster,6,cbbm_id0 cbbm_sp_a_2lp cbbm_sp_b_2lp cbbm_sp_c_2lp cbbm_sp_d_2lp cbbm_sp_f_2lp
m0205,monster,6,cbba_add_dmg_f cbbm_ded cbbm_dedpose cbbm_id0 cbbm_sp_b_1 cbbm_sp_b_2lp
m0206,monster,4,cbba_add_dmg_f cbbm_ded cbbm_dedpose cbbm_id0
m0207,monster,6,cbba_add_dmg_f cbbm_02f_lp0 cbbm_atk1 cbbm_ded cbbm_dedpose cbbm_id0
m0208,monster,6,cbba_add_dmg_f cbbm_02f_lp0 cbbm_atk1 cbbm_ded cbbm_dedpose cbbm_id0
m0209,monster,6,cbba_add_dmg_f cbbm_02f_lp0 cbbm_atk1 cbbm_ded cbbm_dedpose cbbm_id0
m0210,monster,1,cbbm_id0
m0211,monster,6,cbba_add_dmg_f cbbm_ded cbbm_dedpose cbbm_id0 cbbm_sp_b_1 cbbm_sp_b_2lp
m0212,monster,5,cbba_add_dmg_f cbbm_02f_lp0 cbbm_ded cbbm_dedpose cbbm_id0
m0213,monster,3,cbbm_ded cbbm_dedpose cbbm_id0
m0214,monster,13,cbnm_01b_lp0 cbnm_01f_lp0 cbnm_01l_lp0 cbnm_01r_lp0 cbnm_02f_lp0 cbnm_02l_lp0 cbnm_02r_lp0 cbnm_ded cbnm_dedpose cbnm_id0 cbnm_jump_1 cbnm_jump_2 cbnm_jump_3
m0215,monster,9,cbbm_02f_lp0 cbbm_atk1 cbbm_ded cbbm_dedpose cbbm_id0 cbbm_mgc_thm_2lp cbbm_mgc_thm_3 cbbm_sp_a_2lp cbnm_01f_lp0
m0216,monster,11,cbnm_01b_lp0 cbnm_01f_lp0 cbnm_01l_lp0 cbnm_01r_lp0 cbnm_02f_lp0 cbnm_02l_lp0 cbnm_02r_lp0 cbnm_id0 cbnm_jump_1 cbnm_jump_2 cbnm_jump_3
m0217,monster,9,cbba_add_dmg_f cbbm_02f_lp0 cbbm_atk1 cbbm_ded cbbm_dedpose cbbm_id0 cbbm_sp_a_1 cbbm_sp_a_2lp cbbm_sp_b_2lp
m0218,monster,12,cbba_add_dmg_f cbbm_02f_lp0 cbbm_atk1 cbbm_ded cbbm_dedpose cbbm_id0 cbbm_sp_a_1 cbbm_sp_a_2lp cbbm_sp_b_1 cbbm_sp_b_2lp cbbm_trn_l_lp cbbm_trn_r_lp
m0219,monster,8,cbba_add_dmg_f cbbm_02f_lp0 cbbm_atk1 cbbm_ded cbbm_dedpose cbbm_id0 cbbm_mgc_thm_2lp cbbm_mgc_thm_3
m0220,monster,3,cbbm_ded cbbm_dedpose cbbm_id0
m0221,monster,3,cbnm_01f_lp0 cbnm_02f_lp0 cbnm_id0
m0222,monster,1,cbbm_id0
m0223,monster,2,cbbm_02f_lp0 cbbm_id0
m0224,monster,2,cbbm_02f_lp0 cbbm_id0
m0225,monster,9,cbba_add_dmg_f cbbm_01f_lp0 cbbm_02f_lp0 cbbm_atk1 cbbm_ded cbbm_dedpose cbbm_id0 cbbm_mgc_thm_2lp cbbm_mgc_thm_3
m0226,monster,10,cbbm_ded cbbm_dedpose cbbm_id0 cbbm_sp_a_1 cbbm_sp_a_2lp cbbm_sp_b_1 cbbm_sp_b_2lp cbbm_sp_c_1 cbbm_sp_c_2lp cbbm_sp_d_2lp
m0227,monster,9,cbbm_02f_lp0 cbbm_atk1 cbbm_ded cbbm_dedpose cbbm_id0 cbbm_sp_a_1 cbbm_sp_a_2lp cbbm_trn_l_lp cbbm_trn_r_lp
m0228,monster,2,cbnm_02f_lp0 cbnm_id0
m0229,monster,2,cbnm_02f_lp0 cbnm_id0
m0230,monster,10,cbba_add_dmg_f cbbm_02f_lp0 cbbm_atk1 cbbm_dedpose cbbm_ft_ded_1 cbbm_ft_ded_2lp cbbm_ft_ded_3 cbbm_id0 cbbm_sp_a_2lp cbbm_sp_b_2lp
m0231,monster,3,cbbm_ded cbbm_dedpose cbbm_id0
m0232,monster,4,cbba_add_dmg_f cbbm_ded cbbm_dedpose cbbm_id0
m0233,monster,12,cbba_add_dmg_f cbbm_01f_lp0 cbbm_02f_lp0 cbbm_atk1 cbbm_ded cbbm_dedpose cbbm_id0 cbbm_sp_a_2lp cbbm_sp_b_2lp cbbm_trn_l_lp cbbm_trn_r_lp cbnm_01f_lp0
m0234,monster,12,cbba_add_dmg_f cbbm_02f_lp0 cbbm_atk1 cbbm_dedpose cbbm_ft_ded_1 cbbm_ft_ded_2lp cbbm_ft_ded_3 cbbm_id0 cbbm_mgc_thm_3 cbbm_sp_a_2lp cbbm_trn_l_lp cbbm_trn_r_lp
m0235,monster,6,cbba_add_dmg_f cbbm_02f_lp0 cbbm_atk1 cbbm_ded cbbm_dedpose cbbm_id0
m0236,monster,14,cbba_add_dmg_f cbbm_02f_lp0 cbbm_atk1 cbbm_ded cbbm_dedpose cbbm_id0 cbbm_sp_a_2lp cbbm_sp_b_2lp cbbm_sp_c_1 cbbm_sp_c_2lp cbbm_trn_l_lp cbbm_trn_r_lp cbnm_01f_lp0 cbnm_id0
m0237,monster,6,cbbm_02f_lp0 cbbm_atk1 cbbm_ded cbbm_dedpose cbbm_id0 cbbm_mgc_thm_3
m0238,monster,14,cbba_add_dmg_f cbbm_02f_lp0 cbbm_atk1 cbbm_ded cbbm_dedpose cbbm_id0 cbbm_sp_b_1 cbbm_sp_b_2lp cbbm_sp_c_1 cbbm_sp_c_2lp cbbm_trn_l_lp cbbm_trn_r_lp cbnm_01f_lp0 cbnm_id0
m0239,monster,9,cbbm_02f_lp0 cbbm_atk1 cbbm_ded cbbm_dedpose cbbm_id0 cbbm_sp_a_2lp cbfa_add_no cbfa_add_yes cbnm_id0
m0240,monster,9,cbba_add_dmg_f cbbm_02f_lp0 cbbm_ded cbbm_dedpose cbbm_id0 cbbm_sp_b_1 cbbm_sp_b_2lp cbbm_trn_l_lp cbbm_trn_r_lp
m0241,monster,9,cbba_add_dmg_f cbbm_ded cbbm_dedpose cbbm_id0 cbbm_mgc_thm_2lp cbbm_mgc_thm_3 cbbm_sp_a_2lp cbbm_sp_b_2lp cbbm_sp_c_2lp
m0242,monster,2,cbnm_02f_lp0 cbnm_id0
m0243,monster,10,cbba_add_dmg_f cbbm_02f_lp0 cbbm_ded cbbm_dedpose cbbm_id0 cbbm_sp_a_1 cbbm_sp_a_2lp cbbm_sp_b_1 cbbm_sp_b_2lp cbbm_sp_c_2lp
m0244,monster,15,cbbm_02f_lp0 cbbm_atk1 cbbm_bnpc_grd cbbm_ded cbbm_dedpose cbbm_grd cbbm_id0 cbbm_sp_a_1 cbbm_sp_a_2lp cbbm_sp_b_1 cbbm_sp_b_2lp cbbm_sp_c_2lp cbbm_sp_d_1 cbbm_sp_d_2lp cbbm_sp_e_2lp
m0245,monster,12,cbba_add_dmg_f cbbm_02f_lp0 cbbm_atk1 cbbm_ded cbbm_dedpose cbbm_id0 cbbm_partsbreak cbbm_sp_a_2lp cbbm_sp_b_2lp cbbm_sp_c_2lp cbbm_trn_l_lp cbbm_trn_r_lp
m0246,monster,10,cbba_add_dmg_f cbbm_02f_lp0 cbbm_atk1 cbbm_ded cbbm_dedpose cbbm_id0 cbbm_sp_a_2lp cbbm_trn_l_lp cbbm_trn_r_lp cbnm_01f_lp0
m0247,monster,8,cbbm_02f_lp0 cbbm_atk1 cbbm_ded cbbm_dedpose cbbm_id0 cbbm_mgc_thm_3 cbnm_01f_lp0 cbnm_id0
m0248,monster,10,cbba_add_dmg_f cbbm_02f_lp0 cbbm_atk1 cbbm_ded cbbm_dedpose cbbm_id0 cbbm_mgc_thm_3 cbbm_sp_a_1 cbbm_sp_a_2lp cbbm_sp_b_2lp
m0249,monster,3,cbbm_ded cbbm_dedpose cbbm_id0
m0250,monster,3,cbbm_ded cbbm_dedpose cbbm_id0
m0251,monster,3,cbbm_ded cbbm_dedpose cbbm_id0
m0252,monster,1,cbbm_id0
m0253,monster,7,cbba_add_dmg_f cbbm_02f_lp0 cbbm_atk1 cbbm_ded cbbm_dedpose cbbm_id0 cbbm_sp_a_2lp
m0254,monster,1,cbbm_id0
m0255,monster,1,cbbm_id0
m0256,monster,1,cbbm_id0
m0257,monster,9,cbba_add_dmg_f cbbm_02f_lp0 cbbm_ded cbbm_dedpose cbbm_id0 cbbm_sp_a_1 cbbm_sp_a_2lp cbbm_sp_b_1 cbbm_sp_b_2lp
m0259,monster,1,cbbm_id0
m0260,monster,16,cbba_add_dmg_f cbbm_01f_lp0 cbbm_02f_lp0 cbbm_atk1 cbbm_ded cbbm_dedpose cbbm_id0 cbbm_mgc_thm_2lp cbbm_mgc_thm_3 cbbm_partsbreak cbbm_sp_a_2lp cbbm_sp_b_2lp cbbm_sp_c_2lp cbbm_sp_d_2lp cbbm_trn_l_lp cbbm_trn_r_lp
m0261,monster,8,cbbm_02f_lp0 cbbm_atk1 cbbm_ded cbbm_dedpose cbbm_id0 cbbm_mgc_thm_2lp cbbm_mgc_thm_3 cbbm_sp_b_2lp
m0262,monster,8,cbbm_02f_lp0 cbbm_atk1 cbbm_ded cbbm_dedpose cbbm_id0 cbbm_sp_a_2lp cbnm_01f_lp0 cbnm_id0
m0263,monster,11,cbba_add_dmg_f cbbm_02f_lp0 cbbm_atk1 cbbm_ded cbbm_dedpose cbbm_id0 cbbm_sp_a_2lp cbbm_sp_f_2lp cbbm_trn_l_lp cbbm_trn_r_lp cbnm_01f_lp0
m0264,monster,26,cbba_add_dmg_f cbbm_02f_lp0 cbbm_atk1 cbbm_ded cbbm_dedpose cbbm_id0 cbbm_sp_a_2lp cbbm_sp_b_2lp cbbm_sp_c_2lp cbbm_sp_d_1 cbbm_sp_d_2lp cbbm_sp_e_1 cbbm_sp_e_2lp cbbm_sp_g_1 cbbm_sp_g_2lp cbbm_sp_h_1 cbbm_sp_h_2lp cbbm_sp_i_1 cbbm_sp_i_2lp cbbm_sp_j_1 cbbm_sp_j_2lp cbbm_sp_k_1 cbbm_sp_k_2lp cbbm_sp_l_1 cbbm_sp_l_2lp cbnm_id0
m0265,monster,10,cbba_add_dmg_f cbbm_02f_lp0 cbbm_atk1 cbbm_ded cbbm_dedpose cbbm_id0 cbbm_mgc_thm_2lp cbbm_mgc_thm_3 cbbm_sp_a_1 cbbm_sp_a_2lp
m0266,monster,1,cbbm_id0
m0267,monster,7,cbbm_02f_lp0 cbbm_atk1 cbbm_ded cbbm_dedpose cbbm_id0 cbbm_sp_a_2lp cbnm_01f_lp0
m0268,monster,3,cbbm_ded cbbm_dedpose cbbm_id0
m0269,monster,3,cbbm_ded cbbm_dedpose cbbm_id0
m0270,monster,4,cbba_add_dmg_f cbbm_ded cbbm_dedpose cbbm_id0
m0271,monster,8,cbba_add_dmg_f cbbm_02f_lp0 cbbm_ded cbbm_dedpose cbbm_id0 cbbm_sp_b_1 cbbm_sp_b_2lp cbbm_sp_f_2lp
m0272,monster,5,cbbm_ded cbbm_dedpose cbbm_id0 cbbm_sp_b_2lp cbbm_sp_f_2lp
m0273,monster,5,cbbm_ded cbbm_dedpose cbbm_id0 cbbm_sp_b_1 cbbm_sp_b_2lp
m0274,monster,4,cbbm_ded cbbm_dedpose cbbm_id0 cbbm_sp_f_2lp
m0275,monster,1,cbbm_id0
m0276,monster,7,cbba_add_dmg_f cbbm_02f_lp0 cbbm_ded cbbm_dedpose cbbm_id0 cbbm_trn_l_lp cbbm_trn_r_lp
m0277,monster,19,cbba_add_dmg_f cbbm_02f_lp0 cbbm_atk1 cbbm_ded cbbm_dedpose cbbm_id0 cbbm_sp_a_2lp cbbm_sp_b_2lp cbbm_sp_c_2lp cbbm_sp_d_1 cbbm_sp_d_2lp cbbm_sp_e_1 cbbm_sp_e_2lp cbbm_sp_f_1 cbbm_sp_f_2lp cbbm_sp_g_1 cbbm_sp_g_2lp cbbm_trn_l_lp cbbm_trn_r_lp
m0278,monster,3,cbnm_01f_lp0 cbnm_02f_lp0 cbnm_id0
m0279,monster,9,cbba_add_dmg_f cbbm_02f_lp0 cbbm_atk1 cbbm_ded cbbm_dedpose cbbm_id0 cbbm_mgc_thm_2lp cbbm_mgc_thm_3 cbnm_id0
m0280,monster,15,cbba_add_dmg_f cbbm_02f_lp0 cbbm_atk1 cbbm_ded cbbm_dedpose cbbm_id0 cbbm_sp_a_1 cbbm_sp_a_2lp cbbm_sp_b_1 cbbm_sp_b_2lp cbbm_sp_c_2lp cbbm_trn_l_lp cbbm_trn_r_lp cbnm_01f_lp0 cbnm_id0
m0281,monster,1,cbnm_id0
m0282,monster,5,cbbm_02f_lp0 cbbm_atk1 cbbm_ded cbbm_dedpose cbbm_id0
m0283,monster,1,cbbm_id0
m0284,monster,14,cbba_add_dmg_f cbbm_02f_lp0 cbbm_atk1 cbbm_ded cbbm_dedpose cbbm_id0 cbbm_sp_a_1 cbbm_sp_a_2lp cbbm_sp_b_1 cbbm_sp_b_2lp cbbm_sp_c_2lp cbbm_sp_d_2lp cbbm_trn_l_lp cbbm_trn_r_lp
m0285,monster,11,cbba_add_dmg_f cbbm_02f_lp0 cbbm_atk1 cbbm_dedpose cbbm_ft_ded_1 cbbm_ft_ded_2lp cbbm_ft_ded_3 cbbm_id0 cbbm_sp_a_2lp cbnm_01f_lp0 cbnm_id0
m0286,monster,9,cbba_add_dmg_f cbbm_02f_lp0 cbbm_atk1 cbbm_ded cbbm_dedpose cbbm_id0 cbbm_sp_a_2lp cbbm_sp_b_1 cbbm_sp_b_2lp
m0287,monster,7,cbba_add_dmg_f cbbm_ded cbbm_dedpose cbbm_id0 cbbm_mgc_thm_2lp cbbm_mgc_thm_3 cbbm_sp_f_2lp
m0288,monster,6,cbbm_02f_lp0 cbbm_atk1 cbbm_ded cbbm_dedpose cbbm_id0 cbbm_sp_a_2lp
m0289,monster,9,cbba_add_dmg_f cbbm_02f_lp0 cbbm_atk1 cbbm_ded cbbm_dedpose cbbm_id0 cbbm_mgc_thm_3 cbnm_01f_lp0 cbnm_id0
m0290,monster,14,cbba_add_dmg_f cbbm_02f_lp0 cbbm_atk1 cbbm_ded cbbm_dedpose cbbm_id0 cbbm_mgc_thm_2lp cbbm_mgc_thm_3 cbbm_sp_b_1 cbbm_sp_b_2lp cbbm_trn_l_lp cbbm_trn_r_lp cbnm_01f_lp0 cbnm_id0
m0291,monster,6,cbba_add_dmg_f cbbm_02f_lp0 cbbm_atk1 cbbm_ded cbbm_dedpose cbbm_id0
m0292,monster,2,cbnm_02f_lp0 cbnm_id0
m0293,monster,5,cbbm_ded cbbm_dedpose cbbm_id0 cbbm_mgc_thm_3 cbbm_sp_a_2lp
m0294,monster,1,cbbm_id0
m0295,monster,8,cbbm_02f_lp0 cbbm_atk1 cbbm_id0 cbbm_sp_b_2lp cbbm_sp_c_1 cbbm_sp_c_2lp cbbm_trn_l_lp cbbm_trn_r_lp
m0296,monster,11,cbbm_02f_lp0 cbbm_atk1 cbbm_dedpose cbbm_ft_ded_1 cbbm_ft_ded_2lp cbbm_ft_ded_3 cbbm_id0 cbbm_sp_a_2lp cbbm_sp_b_1 cbbm_sp_b_2lp cbbm_sp_c_2lp
m0297,monster,7,cbba_add_dmg_f cbbm_02f_lp0 cbbm_ded cbbm_dedpose cbbm_id0 cbbm_sp_a_2lp cbbm_sp_b_2lp
m0298,monster,14,cbba_add_dmg_f cbbm_02f_lp0 cbbm_atk1 cbbm_ded cbbm_dedpose cbbm_id0 cbbm_sp_a_1 cbbm_sp_a_2lp cbbm_sp_b_1 cbbm_sp_b_2lp cbbm_sp_c_1 cbbm_sp_c_2lp cbbm_trn_l_lp cbbm_trn_r_lp
m0299,monster,9,cbba_add_dmg_f cbbm_02f_lp0 cbbm_ded cbbm_dedpose cbbm_id0 cbbm_sp_a_1 cbbm_sp_a_2lp cbbm_trn_l_lp cbbm_trn_r_lp
m0300,monster,16,cbbm_02f_lp0 cbbm_atk1 cbbm_ded cbbm_dedpose cbbm_id0 cbbm_sp_a_1 cbbm_sp_a_2lp cbbm_sp_b_1 cbbm_sp_b_2lp cbbm_sp_c_1 cbbm_sp_c_2lp cbbm_sp_d_1 cbbm_sp_d_2lp cbbm_sp_e_2lp cbbm_trn_l_lp cbbm_trn_r_lp
m0301,monster,1,cbbm_id0
m0302,monster,4,cbba_add_dmg_f cbbm_ded cbbm_dedpose cbbm_id0
m0303,monster,3,cbbm_ded cbbm_dedpose cbbm_id0
m0304,monster,3,cbba_add_dmg_f cbbm_ded cbbm_id0
m0305,monster,7,cbbm_02f_lp0 cbbm_atk1 cbbm_ded cbbm_dedpose cbbm_id0 cbbm_sp_a_1 cbbm_sp_a_2lp
m0306,monster,10,cbba_add_dmg_f cbbm_02f_lp0 cbbm_atk1 cbbm_ded cbbm_dedpose cbbm_id0 cbbm_sp_a_2lp cbbm_trn_l_lp cbbm_trn_r_lp cbnm_01f_lp0
m0307,monster,2,cbba_add_dmg_f cbbm_id0
m0308,monster,8,cbba_add_dmg_f cbbm_02f_lp0 cbbm_atk1 cbbm_ded cbbm_dedpose cbbm_id0 cbbm_sp_a_2lp cbnm_01f_lp0
m0309,monster,3,cbbm_ded cbbm_dedpose cbbm_id0
m0310,monster,10,cbba_add_dmg_f cbbm_02f_lp0 cbbm_atk1 cbbm_bnpc_grd cbbm_ded cbbm_dedpose cbbm_id0 cbbm_sp_a_2lp cbbm_trn_l_lp cbbm_trn_r_lp
m0311,monster,10,cbbm_ded cbbm_dedpose cbbm_id0 cbbm_sp_a_2lp cbbm_sp_b_1 cbbm_sp_b_2lp cbbm_sp_c_1 cbbm_sp_c_2lp cbbm_sp_d_1 cbbm_sp_d_2lp
m0312,monster,0,
m0313,monster,14,cbba_add_dmg_f cbbm_02f_lp0 cbbm_02l_lp0 cbbm_02r_lp0 cbbm_atk1 cbbm_ded cbbm_dedpose cbbm_id0 cbbm_slide_02l_lp0 cbbm_slide_02r_lp0 cbbm_sp_a_1 cbbm_sp_a_2lp cbbm_sp_b_1 cbbm_sp_b_2lp
m0314,monster,9,cbba_add_dmg_f cbbm_02f_lp0 cbbm_atk1 cbbm_ded cbbm_dedpose cbbm_id0 cbbm_mgc_thm_3 cbnm_01f_lp0 cbnm_id0
m0315,monster,2,cbbm_02f_lp0 cbbm_id0
m0316,monster,6,cbbm_02f_lp0 cbbm_atk1 cbbm_ded cbbm_dedpose cbbm_id0 cbbm_mgc_thm_3
m0317,monster,1,cbnm_id0
m0318,monster,2,cbbm_02f_lp0 cbbm_id0
m0319,monster,2,cbbm_id0 cbnm_02f_lp0
m0320,monster,13,cbba_add_dmg_f cbbm_02f_lp0 cbbm_atk1 cbbm_ded cbbm_dedpose cbbm_id0 cbbm_mgc_thm_2lp cbbm_mgc_thm_3 cbbm_sp_b_2lp cbfa_add_all cbnm_01f_lp0 cbnm_02f_lp0 cbnm_id0
m0321,monster,4,cbbm_02f_lp0 cbbm_ded cbbm_dedpose cbbm_id0
m0322,monster,8,cbba_add_dmg_f cbbm_02f_lp0 cbbm_atk1 cbbm_ded cbbm_dedpose cbbm_id0 cbnm_01f_lp0 cbnm_id0
m0323,monster,1,cbbm_id0
m0324,monster,2,cbnm_02f_lp0 cbnm_id0
m0325,monster,3,cbnm_01f_lp0 cbnm_02f_lp0 cbnm_id0
m0326,monster,3,cbbm_ded cbbm_dedpose cbbm_id0
m0327,monster,10,cbbm_02f_lp0 cbbm_ded cbbm_dedpose cbbm_id0 cbbm_mgc_thm_3 cbbm_sp_a_2lp cbbm_sp_b_1 cbbm_sp_b_2lp cbbm_sp_c_1 cbbm_sp_c_2lp
m0328,monster,4,cbbm_ded cbbm_dedpose cbbm_id0 cbbm_sp_b_2lp
m0329,monster,10,cbba_add_dmg_f cbbm_01f_lp0 cbbm_02f_lp0 cbbm_ded cbbm_dedpose cbbm_id0 cbbm_sp_a_1 cbbm_sp_a_2lp cbbm_trn_l_lp cbbm_trn_r_lp
m0330,monster,10,cbbm_02f_lp0 cbbm_ded cbbm_dedpose cbbm_id0 cbbm_mgc_thm_2lp cbbm_mgc_thm_3 cbbm_sp_a_2lp cbbm_sp_b_2lp cbbm_sp_d_1 cbbm_sp_d_2lp
m0331,monster,3,cbbm_02f_lp0 cbbm_id0 cbbm_sp_a_2lp
m0332,monster,5,cbbm_ded cbbm_dedpose cbnm_ded cbnm_dedpose cbnm_id0
m0333,monster,11,cbba_add_dmg_f cbbm_02f_lp0 cbbm_atk1 cbbm_dedpose cbbm_ft_ded_1 cbbm_ft_ded_2lp cbbm_ft_ded_3 cbbm_id0 cbbm_sp_a_2lp cbbm_sp_b_2lp cbbm_sp_c_2lp
m0334,monster,13,cbba_add_dmg_f cbbm_01f_lp0 cbbm_02f_lp0 cbbm_atk1 cbbm_ded cbbm_dedpose cbbm_id0 cbbm_mgc_thm_3 cbbm_sp_a_2lp cbbm_sp_b_2lp cbbm_sp_c_2lp cbbm_trn_l_lp cbbm_trn_r_lp
m0335,monster,2,cbnm_02f_lp0 cbnm_id0
m0336,monster,6,cbba_add_dmg_f cbbm_02f_lp0 cbbm_atk1 cbbm_ded cbbm_dedpose cbbm_id0
m0337,monster,2,cbnm_02f_lp0 cbnm_id0
m0338,monster,20,cbba_add_dmg_f cbbm_02f_lp0 cbbm_atk1 cbbm_ded cbbm_dedpose cbbm_id0 cbbm_mgc_blk_1 cbbm_mgc_blk_2lp cbbm_mgc_blk_3b cbbm_mgc_cnj_1 cbbm_mgc_cnj_2lp cbbm_mgc_cnj_3c cbbm_mgc_thm_1 cbbm_mgc_thm_2lp cbbm_mgc_thm_3 cbbm_mgc_wht_1 cbbm_mgc_wht_2lp cbbm_mgc_wht_3 cbnm_01f_lp0 cbnm_id0
m0339,monster,9,cbba_add_dmg_f cbbm_02f_lp0 cbbm_atk1 cbbm_ded cbbm_dedpose cbbm_id0 cbbm_mgc_thm_2lp cbbm_mgc_thm_3 cbbm_sp_f_2lp
m0340,monster,7,cbba_add_dmg_f cbbm_02f_lp0 cbbm_atk1 cbbm_ded cbbm_dedpose cbbm_id0 cbbm_sp_a_2lp
m0341,monster,2,cbnm_02f_lp0 cbnm_id0
m0342,monster,2,cbnm_02f_lp0 cbnm_id0
m0343,monster,7,cbbm_02f_lp0 cbbm_ded cbbm_dedpose cbbm_id0 cbbm_mgc_thm_2lp cbbm_mgc_thm_3 cbbm_sp_a_2lp
m0344,monster,12,cbbm_02f_lp0 cbbm_ded cbbm_dedpose cbbm_hide_sp12 cbbm_id0 cbbm_show_sp12 cbbm_sp_b_1 cbbm_sp_b_2lp cbbm_sp_c_1 cbbm_sp_c_2lp cbbm_trn_l_lp cbbm_trn_r_lp
m0345,monster,5,cbbm_hide_sp12 cbbm_id0 cbbm_show_sp12 cbbm_sp_b_1 cbbm_sp_b_2lp
m0346,monster,0,
m0347,monster,11,cbbm_02f_lp0 cbbm_atk1 cbbm_ded cbbm_dedpose cbbm_id0 cbbm_sp_b_1 cbbm_sp_b_2lp cbbm_sp_c_1 cbbm_sp_c_2lp cbbm_trn_l_lp cbbm_trn_r_lp
m0348,monster,3,cbbm_ded cbbm_dedpose cbbm_id0
m0349,monster,1,cbbm_id0
m0350,monster,2,cbbm_id0 cbbm_sp_f_2lp
m0351,monster,3,cbbm_ded cbbm_dedpose cbbm_id0
m0352,monster,9,cbba_add_dmg_f cbbm_02f_lp0 cbbm_atk1 cbbm_ded cbbm_dedpose cbbm_id0 cbbm_mgc_thm_2lp cbbm_mgc_thm_3 cbnm_id0
m0353,monster,4,cbba_add_dmg_f cbbm_ded cbbm_dedpose cbbm_id0
m0354,monster,12,cbbm_02f_lp0 cbbm_ded cbbm_dedpose cbbm_id0 cbbm_sp_a_2lp cbbm_sp_b_1 cbbm_sp_b_2lp cbbm_sp_c_1 cbbm_sp_c_2lp cbbm_sp_d_2lp cbbm_trn_l_lp cbbm_trn_r_lp
m0355,monster,9,cbba_add_dmg_f cbbm_02f_lp0 cbbm_atk1 cbbm_dedpose cbbm_ft_ded_1 cbbm_ft_ded_2lp cbbm_ft_ded_3 cbbm_id0 cbbm_sp_a_2lp
m0356,monster,2,cbnm_02f_lp0 cbnm_id0
m0357,monster,3,cbbm_ded cbbm_dedpose cbbm_id0
m0358,monster,1,cbbm_id0
m0359,monster,11,cbba_add_dmg_f cbbm_02f_lp0 cbbm_atk1 cbbm_ded cbbm_dedpose cbbm_ft_ded_1 cbbm_ft_ded_2lp cbbm_ft_ded_3 cbbm_id0 cbbm_mgc_thm_3 cbbm_sp_a_2lp
m0360,monster,1,cbbm_id0
m0361,monster,15,cbba_add_dmg_f cbbm_02f_lp0 cbbm_atk1 cbbm_ded cbbm_dedpose cbbm_id0 cbbm_partsbreak cbbm_sp_a_1 cbbm_sp_a_2lp cbbm_sp_b_1 cbbm_sp_b_2lp cbbm_sp_c_1 cbbm_sp_c_2lp cbbm_trn_l_lp cbbm_trn_r_lp
m0362,monster,2,cbbm_id0 cbbm_sp_f_2lp
m0363,monster,9,cbba_add_dmg_f cbbm_02f_lp0 cbbm_atk1 cbbm_dedpose cbbm_ft_ded_1 cbbm_ft_ded_2lp cbbm_ft_ded_3 cbbm_id0 cbbm_sp_a_2lp
m0364,monster,2,cbnm_02f_lp0 cbnm_id0
m0365,monster,11,cbba_add_dmg_f cbbm_02f_lp0 cbbm_atk1 cbbm_ded cbbm_dedpose cbbm_id0 cbbm_mgc_thm_2lp cbbm_mgc_thm_3 cbbm_sp_a_2lp cbbm_sp_b_1 cbbm_sp_b_2lp
m0366,monster,11,cbba_add_dmg_f cbbm_02f_lp0 cbbm_atk1 cbbm_ded cbbm_dedpose cbbm_id0 cbbm_sp_a_2lp cbbm_trn_l_lp cbbm_trn_r_lp cbnm_01f_lp0 cbnm_id0
m0367,monster,5,cbba_add_dmg_f cbbm_02f_lp0 cbbm_ded cbbm_dedpose cbbm_id0
m0368,monster,1,cbbm_id0
m0369,monster,4,cbba_add_dmg_f cbbm_ded cbbm_dedpose cbbm_id0
m0370,monster,1,cbbm_id0
m0371,monster,2,cbbm_id0 cbbm_sp_f_2lp
m0372,monster,12,cbbm_02f_lp0 cbbm_atk1 cbbm_ded cbbm_dedpose cbbm_id0 cbbm_sp_a_1 cbbm_sp_a_2lp cbbm_sp_b_1 cbbm_sp_b_2lp cbbm_sp_c_2lp cbbm_trn_l_lp cbbm_trn_r_lp
m0373,monster,10,cbbm_02f_lp0 cbbm_ded cbbm_dedpose cbbm_id0 cbbm_sp_b_1 cbbm_sp_b_2lp cbbm_sp_c_1 cbbm_sp_c_2lp cbbm_sp_d_1 cbbm_sp_d_2lp
m0374,monster,3,cbnm_01f_lp0 cbnm_02f_lp0 cbnm_id0
m0375,monster,17,cbba_add_dmg_f cbbm_02f_lp0 cbbm_atk1 cbbm_ded cbbm_dedpose cbbm_id0 cbbm_sp_a_1 cbbm_sp_a_2lp cbbm_sp_b_1 cbbm_sp_b_2lp cbbm_sp_c_1 cbbm_sp_c_2lp cbbm_sp_d_1 cbbm_sp_d_2lp cbbm_sp_e_2lp cbbm_trn_l_lp cbbm_trn_r_lp
m0376,monster,13,cbbm_ded cbbm_dedpose cbbm_id0 cbbm_sp_a_1 cbbm_sp_a_2lp cbbm_sp_b_1 cbbm_sp_b_2lp cbbm_sp_c_1 cbbm_sp_c_2lp cbbm_sp_d_2lp cbbp_1_break_1 cbbp_1_break_2lp cbbp_1_break_3
m0377,monster,20,cbba_add_dmg_f cbbm_02f_lp0 cbbm_atk1 cbbm_ded cbbm_dedpose cbbm_id0 cbbm_mgc_thm_2lp cbbm_mgc_thm_3 cbbm_sp_a_1 cbbm_sp_a_2lp cbbm_sp_b_1 cbbm_sp_b_2lp cbbm_sp_c_1 cbbm_sp_c_2lp cbbm_sp_d_1 cbbm_sp_d_2lp cbbm_trn_l_lp cbbm_trn_r_lp cbnm_01f_lp0 cbnm_id0
m0378,monster,13,cbba_add_dmg_f cbbm_01f_lp0 cbbm_02f_lp0 cbbm_atk1 cbbm_ded cbbm_dedpose cbbm_id0 cbbm_mgc_thm_2lp cbbm_mgc_thm_3 cbbm_sp_b_2lp cbbm_trn_l_lp cbbm_trn_r_lp cbnm_id0
m0379,monster,2,cbnm_02f_lp0 cbnm_id0
m0380,monster,13,cbba_add_dmg_f cbbm_02f_lp0 cbbm_atk1 cbbm_dedpose cbbm_ft_ded_1 cbbm_ft_ded_2lp cbbm_ft_ded_3 cbbm_id0 cbbm_sp_a_2lp cbbm_trn_l_lp cbbm_trn_r_lp cbnm_01f_lp0 cbnm_id0
m0382,monster,11,cbba_add_dmg_f cbbm_02f_lp0 cbbm_ded cbbm_dedpose cbbm_id0 cbbm_mgc_thm_2lp cbbm_mgc_thm_3 cbbm_sp_b_1 cbbm_sp_b_2lp cbbm_sp_c_1 cbbm_sp_c_2lp
m0383,monster,9,cbba_add_dmg_f cbbm_02f_lp0 cbbm_atk1 cbbm_ded cbbm_dedpose cbbm_id0 cbbm_sp_a_2lp cbnm_01f_lp0 cbnm_id0
m0384,monster,8,cbba_add_dmg_f cbbm_02f_lp0 cbbm_atk1 cbbm_ded cbbm_dedpose cbbm_id0 cbnm_01f_lp0 cbnm_id0
m0385,monster,8,cbba_add_dmg_f cbbm_02f_lp0 cbbm_atk1 cbbm_ded cbbm_dedpose cbbm_id0 cbnm_01f_lp0 cbnm_id0
m0386,monster,11,cbba_add_dmg_f cbbm_02f_lp0 cbbm_atk1 cbbm_ded cbbm_dedpose cbbm_id0 cbbm_mgc_thm_2lp cbbm_mgc_thm_3 cbbm_sp_a_2lp cbnm_01f_lp0 cbnm_id0
m0387,monster,8,cbba_add_dmg_f cbbm_02f_lp0 cbbm_atk1 cbbm_ded cbbm_dedpose cbbm_id0 cbnm_01f_lp0 cbnm_id0
m0388,monster,14,cbba_add_dmg_f cbbm_02f_lp0 cbbm_atk1 cbbm_ded cbbm_dedpose cbbm_id0 cbbm_sp_b_1 cbbm_sp_b_2lp cbbm_sp_c_1 cbbm_sp_c_2lp cbbm_sp_d_1 cbbm_sp_d_2lp cbbm_trn_l_lp cbbm_trn_r_lp
m0389,monster,8,cbba_add_dmg_f cbbm_02f_lp0 cbbm_ded cbbm_dedpose cbbm_id0 cbbm_mgc_thm_3 cbbm_trn_l_lp cbbm_trn_r_lp
m0390,monster,16,cbba_add_dmg_f cbbm_02f_lp0 cbbm_atk1 cbbm_ded cbbm_dedpose cbbm_id0 cbbm_sp_a_1 cbbm_sp_a_2lp cbbm_sp_b_1 cbbm_sp_b_2lp cbbm_sp_c_1 cbbm_sp_c_2lp cbbm_sp_d_1 cbbm_sp_d_2lp cbbm_trn_l_lp cbbm_trn_r_lp
m0391,monster,4,cbbm_ded cbbm_dedpose cbbm_id0 cbbm_sp_b_2lp
m0392,monster,12,cbba_add_dmg_f cbbm_02f_lp0 cbbm_atk1 cbbm_ded cbbm_dedpose cbbm_id0 cbbm_mgc_thm_2lp cbbm_mgc_thm_3 cbbm_sp_b_2lp cbbm_trn_l_lp cbbm_trn_r_lp cbnm_01f_lp0
m0393,monster,1,cbbm_id0
m0394,monster,2,cbnm_02f_lp0 cbnm_id0
m0395,monster,10,cbba_add_dmg_f cbbm_02f_lp0 cbbm_atk1 cbbm_ded cbbm_dedpose cbbm_id0 cbbm_sp_b_1 cbbm_sp_b_2lp cbbm_trn_l_lp cbbm_trn_r_lp
m0396,monster,10,cbba_add_dmg_f cbbm_01f_lp0 cbbm_02f_lp0 cbbm_atk1 cbbm_ded cbbm_dedpose cbbm_id0 cbbm_sp_f_2lp cbnm_01f_lp0 cbnm_id0
m0397,monster,12,cbba_add_dmg_f cbbm_02f_lp0 cbbm_atk1 cbbm_ded cbbm_dedpose cbbm_id0 cbbm_sp_b_1 cbbm_sp_b_2lp cbbm_trn_l_lp cbbm_trn_r_lp cbnm_01f_lp0 cbnm_id0
m0398,monster,2,cbnm_02f_lp0 cbnm_id0
m0399,monster,1,cbbm_id0
m0400,monster,0,
m0401,monster,2,cbnm_02f_lp0 cbnm_id0
m0402,monster,2,cbnm_02f_lp0 cbnm_id0
m0403,monster,28,cbbm_01f_lp0 cbbm_02f_lp0 cbbm_atk1 cbbm_ded cbbm_dedpose cbbm_id0 cbbm_sp_b_1 cbbm_sp_b_2lp cbbm_sp_c_1 cbbm_sp_c_2lp cbbm_sp_d_1 cbbm_sp_d_2lp cbbm_sp_e_1 cbbm_sp_e_2lp cbbm_sp_g_1 cbbm_sp_g_2lp cbbm_trn_l_lp cbbm_trn_r_lp cbfa_add_all cbfa_add_chest_normal_long cbfa_add_chest_normal_middle cbfa_add_chest_normal_short cbfa_add_chest_shout_long cbfa_add_chest_shout_middle cbfa_add_chest_shout_short cbfa_add_chest_whisper_long cbfa_add_chest_whisper_middle cbfa_add_chest_whisper_short
m0404,monster,10,cbba_add_dmg_f cbbm_02f_lp0 cbbm_atk1 cbbm_ded cbbm_dedpose cbbm_id0 cbbm_sp_a_2lp cbbm_sp_b_2lp cbbm_trn_l_lp cbbm_trn_r_lp
m0405,monster,26,cbba_add_dmg_f cbbm_02f_lp0 cbbm_atk1 cbbm_ded cbbm_dedpose cbbm_id0 cbbm_trn_l_lp cbbm_trn_r_lp cbfa_add_all cbfa_add_chest_normal_long cbfa_add_chest_normal_middle cbfa_add_chest_normal_short cbfa_add_chest_shout_long cbfa_add_chest_shout_middle cbfa_add_chest_shout_short cbfa_add_chest_whisper_long cbfa_add_chest_whisper_middle cbfa_add_chest_whisper_short cbfa_add_no cbfa_add_talk cbfa_add_yes cbnm_01f_lp0 cbnm_id0 cbnm_swu_01f_lp0 cbnm_swu_02f_lp0 cbnm_swu_id0
m0406,monster,10,cbba_add_dmg_f cbbm_02f_lp0 cbbm_atk1 cbbm_ded cbbm_dedpose cbbm_id0 cbbm_sp_b_1 cbbm_sp_b_2lp cbbm_trn_l_lp cbbm_trn_r_lp
m0407,monster,14,cbba_add_dmg_f cbbm_02f_lp0 cbbm_atk1 cbbm_ded cbbm_dedpose cbbm_id0 cbbm_sp_a_1 cbbm_sp_a_2lp cbbm_sp_b_1 cbbm_sp_b_2lp cbbm_trn_l_lp cbbm_trn_r_lp cbnm_01f_lp0 cbnm_id0
m0408,monster,10,cbba_add_dmg_f cbbm_02f_lp0 cbbm_atk1 cbbm_ded cbbm_dedpose cbbm_id0 cbbm_mgc_thm_2lp cbbm_mgc_thm_3 cbnm_01f_lp0 cbnm_id0
m0409,monster,10,cbba_add_dmg_f cbbm_02f_lp0 cbbm_atk1 cbbm_ded cbbm_dedpose cbbm_sp_a_2lp cbbm_trn_l_lp cbbm_trn_r_lp cbnm_01f_lp0 cbnm_id0
m0410,monster,5,cbba_add_dmg_f cbbm_02f_lp0 cbbm_ded cbbm_dedpose cbbm_id0
m0411,monster,1,cbbm_id0
m0412,monster,1,cbbm_id0
m0413,monster,1,cbbm_id0
m0414,monster,3,cbnm_01f_lp0 cbnm_02f_lp0 cbnm_id0
m0415,monster,9,cbbm_02f_lp0 cbbm_atk1 cbbm_ded cbbm_dedpose cbbm_id0 cbbm_sp_b_1 cbbm_sp_b_2lp cbnm_01f_lp0 cbnm_id0
m0416,monster,8,cbbm_02f_lp0 cbbm_atk1 cbbm_ded cbbm_dedpose cbbm_id0 cbbm_mgc_thm_3 cbnm_01f_lp0 cbnm_id0
m0417,monster,9,cbba_add_dmg_f cbbm_02f_lp0 cbbm_ded cbbm_dedpose cbbm_id0 cbbm_mgc_thm_2lp cbbm_mgc_thm_3 cbnm_01f_lp0 cbnm_id0
m0418,monster,14,cbbm_ded cbbm_dedpose cbbm_id0 cbbm_sp_b_1 cbbm_sp_b_2lp cbbm_sp_c_1 cbbm_sp_c_2lp cbbm_sp_d_1 cbbm_sp_d_2lp cbbm_sp_e_2lp cbbm_sp_g_1 cbbm_sp_g_2lp cbbm_sp_h_1 cbbm_sp_h_2lp
m0419,monster,8,cbba_add_dmg_f cbbm_02f_lp0 cbbm_ded cbbm_dedpose cbbm_id0 cbbm_mgc_thm_2lp cbbm_mgc_thm_3 cbbm_sp_a_2lp
m0420,monster,8,cbba_add_dmg_f cbbm_02f_lp0 cbbm_atk1 cbbm_ded cbbm_dedpose cbbm_id0 cbbm_sp_b_1 cbbm_sp_b_2lp
m0421,monster,1,cbbm_id0
m0422,monster,8,cbba_add_dmg_f cbbm_02f_lp0 cbbm_atk1 cbbm_ded cbbm_dedpose cbbm_id0 cbbm_trn_l_lp cbbm_trn_r_lp
m0423,monster,10,cbba_add_dmg_f cbbm_02f_lp0 cbbm_atk1 cbbm_ded cbbm_dedpose cbbm_id0 cbbm_mgc_thm_2lp cbbm_mgc_thm_3 cbnm_01f_lp0 cbnm_id0
m0424,monster,11,cbba_add_dmg_f cbbm_02f_lp0 cbbm_atk1 cbbm_ded cbbm_dedpose cbbm_id0 cbbm_trn_l_lp cbbm_trn_r_lp cbnm_01f_lp0 cbnm_02f_lp0 cbnm_id0
m0425,monster,2,cbbm_id0 cbbm_sp_f_2lp
m0426,monster,4,cbba_add_dmg_f cbbm_ded cbbm_dedpose cbbm_id0
m0427,monster,21,cbba_add_dmg_f cbbm_01f_lp0 cbbm_02f_lp0 cbbm_atk1 cbbm_ded cbbm_dedpose cbbm_id0 cbbm_sp_a_1 cbbm_sp_a_2lp cbbm_sp_b_1 cbbm_sp_b_2lp cbbm_sp_c_1 cbbm_sp_c_2lp cbbm_sp_d_1 cbbm_sp_d_2lp cbbm_sp_e_2lp cbbm_sp_g_1 cbbm_sp_g_2lp cbbm_trn_l_lp cbbm_trn_r_lp cbnm_01f_lp0
m0428,monster,1,cbbm_id0
m0429,monster,1,cbbm_id0
m0430,monster,3,cbbm_id0 cbbm_sp_b_1 cbbm_sp_b_2lp
m0431,monster,0,
m0432,monster,15,cbbm_02f_lp0 cbbm_atk1 cbbm_ded cbbm_dedpose cbbm_id0 cbbm_sp_b_1 cbbm_sp_b_2lp cbbm_sp_c_1 cbbm_sp_c_2lp cbbm_sp_d_1 cbbm_sp_d_2lp cbbm_sp_e_1 cbbm_sp_e_2lp cbbm_trn_l_lp cbbm_trn_r_lp
m0433,monster,7,cbbm_02f_lp0 cbbm_atk1 cbbm_ded cbbm_dedpose cbbm_id0 cbbm_sp_b_1 cbbm_sp_b_2lp
m0435,monster,3,cbnm_01f_lp0 cbnm_02f_lp0 cbnm_id0
m0436,monster,2,cbnm_02f_lp0 cbnm_id0
m0437,monster,2,cbnm_02f_lp0 cbnm_id0
m0438,monster,0,
m0439,monster,2,cbnm_02f_lp0 cbnm_id0
m0440,monster,2,cbnm_02f_lp0 cbnm_id0
m0441,monster,13,cbbm_ded cbbm_dedpose cbbm_id0 cbbm_sp_b_1 cbbm_sp_b_2lp cbbm_trn_l_lp cbbm_trn_r_lp cbbp_4_break_1 cbbp_4_break_2lp cbbp_4_break_3 cbbp_5_break_1 cbbp_5_break_2lp cbbp_5_break_3
m0442,monster,4,cbba_add_dmg_f cbbm_02f_lp0 cbbm_id0 cbbm_mgc_thm_3
m0443,monster,2,cbbm_02f_lp0 cbbm_id0
m0444,monster,1,cbbm_id0
m0445,monster,10,cbbm_02f_lp0 cbbm_atk1 cbbm_ded cbbm_dedpose cbbm_id0 cbbm_sp_a_1 cbbm_sp_a_2lp cbbm_sp_b_2lp cbbm_trn_l_lp cbbm_trn_r_lp
m0446,monster,10,cbbm_02f_lp0 cbbm_atk1 cbbm_ded cbbm_dedpose cbbm_id0 cbbm_sp_b_1 cbbm_sp_b_2lp cbbm_sp_f_2lp cbbm_trn_l_lp cbbm_trn_r_lp
m0447,monster,3,cbnm_01f_lp0 cbnm_02f_lp0 cbnm_id0
m0448,monster,1,cbbm_id0
m0449,monster,2,cbnm_02f_lp0 cbnm_id0
m0450,monster,2,cbbm_02f_lp0 cbbm_id0
m0451,monster,1,cbbm_id0
m0452,monster,2,cbnm_02f_lp0 cbnm_id0
m0453,monster,8,cbba_add_dmg_f cbbm_02f_lp0 cbbm_atk1 cbbm_ded cbbm_dedpose cbbm_id0 cbbm_sp_a_1 cbbm_sp_a_2lp
m0454,monster,10,cbbm_02f_lp0 cbbm_atk1 cbbm_ded cbbm_dedpose cbbm_id0 cbbm_sp_b_1 cbbm_sp_b_2lp cbbm_sp_d_2lp cbbm_trn_l_lp cbbm_trn_r_lp
m0455,monster,2,cbnm_02f_lp0 cbnm_id0
m0456,monster,12,cbba_add_dmg_f cbbm_02f_lp0 cbbm_atk1 cbbm_ded cbbm_dedpose cbbm_id0 cbbm_sp_c_1 cbbm_sp_c_2lp cbbm_sp_d_1 cbbm_sp_d_2lp cbbm_trn_l_lp cbbm_trn_r_lp
m0457,monster,4,cbbm_dedpose cbnm_01f_lp0 cbnm_02f_lp0 cbnm_id0
m0458,monster,7,cbbm_02f_lp0 cbbm_ded cbbm_dedpose cbbm_id0 cbbm_sp_b_1 cbbm_sp_b_2lp cbbm_sp_c_2lp
m0459,monster,13,cbbm_02f_lp0 cbbm_atk1 cbbm_ded cbbm_dedpose cbbm_id0 cbbm_sp_b_1 cbbm_sp_b_2lp cbbm_sp_c_1 cbbm_sp_c_2lp cbbm_sp_d_1 cbbm_sp_d_2lp cbbm_sp_e_1 cbbm_sp_e_2lp
m0460,monster,12,cbbm_02f_lp0 cbbm_atk1 cbbm_ded cbbm_dedpose cbbm_id0 cbbm_sp_b_1 cbbm_sp_b_2lp cbbm_sp_c_2lp cbbm_sp_d_1 cbbm_sp_d_2lp cbbm_trn_l_lp cbbm_trn_r_lp
m0461,monster,17,cbbm_02f_lp0 cbbm_atk1 cbbm_ded cbbm_dedpose cbbm_id0 cbbm_sp_a_2lp cbbm_sp_b_2lp cbbm_sp_c_1 cbbm_sp_c_2lp cbbm_sp_d_2lp cbbm_trn_l_lp cbbm_trn_r_lp cbfa_add_all cbfa_add_no cbfa_add_yes cbnm_01f_lp0 cbnm_id0
m0462,monster,15,cbbm_02f_lp0 cbbm_atk1 cbbm_ded cbbm_dedpose cbbm_id0 cbbm_sp_b_1 cbbm_sp_b_2lp cbbm_sp_c_1 cbbm_sp_c_2lp cbbm_sp_d_1 cbbm_sp_d_2lp cbbm_sp_e_1 cbbm_sp_e_2lp cbbm_trn_l_lp cbbm_trn_r_lp
m0463,monster,8,cbba_add_dmg_f cbbm_02f_lp0 cbbm_atk1 cbbm_ded cbbm_dedpose cbbm_id0 cbbm_trn_l_lp cbbm_trn_r_lp
m0464,monster,0,
m0465,monster,9,cbba_add_dmg_f cbbm_02f_lp0 cbbm_atk1 cbbm_ded cbbm_dedpose cbbm_id0 cbbm_mgc_thm_2lp cbbm_mgc_thm_3 cbnm_01f_lp0
m0466,monster,2,cbnm_02f_lp0 cbnm_id0
m0467,monster,2,cbnm_02f_lp0 cbnm_id0
m0468,monster,0,
m0469,monster,2,cbnm_02f_lp0 cbnm_id0
m0470,monster,2,cbnm_02f_lp0 cbnm_id0
m0471,monster,7,cbba_add_dmg_f cbbm_02f_lp0 cbbm_ded cbbm_dedpose cbbm_id0 cbbm_trn_l_lp cbbm_trn_r_lp
m0472,monster,2,cbbm_02f_lp0 cbbm_id0
m0473,monster,1,cbbm_id0
m0474,monster,1,cbbm_id0
m0475,monster,1,cbbm_id0
m0476,monster,8,cbba_add_dmg_f cbbm_02f_lp0 cbbm_atk1 cbbm_ded cbbm_dedpose cbbm_id0 cbbm_mgc_thm_2lp cbbm_mgc_thm_3
m0477,monster,5,cbfa_add_all cbfa_add_chest_normal_long cbfa_add_chest_normal_middle cbfa_add_chest_normal_short cbnm_id0
m0478,monster,2,cbbm_02f_lp0 cbbm_id0
m0479,monster,2,cbnm_02f_lp0 cbnm_id0
m0480,monster,11,cbbm_02f_lp0 cbbm_atk1 cbbm_ded cbbm_dedpose cbbm_id0 cbbm_sp_a_2lp cbbm_sp_b_1 cbbm_sp_b_2lp cbbm_sp_c_2lp cbbm_trn_l_lp cbbm_trn_r_lp
m0481,monster,5,cbbm_02f_lp0 cbbm_atk1 cbbm_ded cbbm_dedpose cbbm_id0
m0482,monster,3,cbnm_01f_lp0 cbnm_02f_lp0 cbnm_id0
m0483,monster,14,cbbm_02f_lp0 cbbm_ded cbbm_dedpose cbbm_id0 cbbm_sp_a_1 cbbm_sp_a_2lp cbbm_sp_b_1 cbbm_sp_b_2lp cbbm_sp_c_1 cbbm_sp_c_2lp cbbm_sp_d_1 cbbm_sp_d_2lp cbbm_trn_l_lp cbbm_trn_r_lp
m0484,monster,7,cbfa_add_all cbfa_add_chest_normal_long cbfa_add_chest_normal_middle cbfa_add_chest_normal_short cbnm_01f_lp0 cbnm_02f_lp0 cbnm_id0
m0486,monster,1,cbbm_id0
m0487,monster,7,cbbm_02f_lp0 cbbm_atk1 cbbm_ded cbbm_dedpose cbbm_id0 cbbm_sp_b_1 cbbm_sp_b_2lp
m0488,monster,11,cbbm_02f_lp0 cbbm_atk1 cbbm_ded cbbm_dedpose cbbm_id0 cbbm_sp_b_1 cbbm_sp_b_2lp cbbm_sp_c_1 cbbm_sp_c_2lp cbbm_trn_l_lp cbbm_trn_r_lp
m0489,monster,16,cbbm_02f_lp0 cbbm_atk1 cbbm_ded cbbm_dedpose cbbm_id0 cbbm_sp_b_1 cbbm_sp_b_2lp cbbm_sp_c_1 cbbm_sp_c_2lp cbbm_sp_d_1 cbbm_sp_d_2lp cbbm_sp_e_1 cbbm_sp_e_2lp cbbm_trn_l_lp cbbm_trn_r_lp cbnm_01f_lp0
m0490,monster,9,cbba_add_dmg_f cbbm_02f_lp0 cbbm_ded cbbm_dedpose cbbm_id0 cbbm_trn_l_lp cbbm_trn_r_lp cbnm_01f_lp0 cbnm_id0
m0491,monster,9,cbbm_02f_lp0 cbbm_atk1 cbbm_ded cbbm_dedpose cbbm_id0 cbbm_sp_b_1 cbbm_sp_b_2lp cbbm_trn_l_lp cbbm_trn_r_lp
m0492,monster,7,cbbm_02f_lp0 cbbm_atk1 cbbm_ded cbbm_dedpose cbbm_id0 cbbm_trn_l_lp cbbm_trn_r_lp
m0493,monster,9,cbba_add_dmg_f cbbm_02f_lp0 cbbm_atk1 cbbm_ded cbbm_dedpose cbbm_id0 cbbm_trn_l_lp cbbm_trn_r_lp cbnm_01f_lp0
m0496,monster,5,cbbm_02f_lp0 cbbm_ded cbbm_dedpose cbbm_id0 cbbm_partsbreak
m0497,monster,0,
m0498,monster,2,cbnm_02f_lp0 cbnm_id0
m0499,monster,12,cbbm_02f_lp0 cbbm_ded cbbm_dedpose cbbm_id0 cbbm_sp_b_1 cbbm_sp_b_2lp cbbm_sp_c_1 cbbm_sp_c_2lp cbbm_sp_d_1 cbbm_sp_d_2lp cbbm_sp_e_1 cbbm_sp_e_2lp
m0500,monster,2,cbbm_id0 cbfa_add_all
m0501,monster,9,cbbm_02f_lp0 cbbm_atk1 cbbm_ded cbbm_dedpose cbbm_id0 cbbm_sp_b_1 cbbm_sp_b_2lp cbbm_trn_l_lp cbbm_trn_r_lp
m0502,monster,3,cbnm_01f_lp0 cbnm_02f_lp0 cbnm_id0
m0503,monster,11,cbba_add_dmg_f cbbm_02f_lp0 cbbm_atk1 cbbm_ded cbbm_dedpose cbbm_id0 cbbm_mgc_thm_2lp cbbm_mgc_thm_3 cbbm_trn_l_lp cbbm_trn_r_lp cbnm_01f_lp0
m0504,monster,2,cbbm_id0 cbbm_sp_f_2lp
m0505,monster,11,cbnm_01b_lp0 cbnm_01f_lp0 cbnm_01l_lp0 cbnm_01r_lp0 cbnm_02f_lp0 cbnm_02l_lp0 cbnm_02r_lp0 cbnm_id0 cbnm_jump_1 cbnm_jump_2 cbnm_jump_3
m0506,monster,1,cbbm_id0
m0507,monster,3,cbnm_01f_lp0 cbnm_02f_lp0 cbnm_id0
m0508,monster,2,cbbm_02f_lp0 cbbm_id0
m0509,monster,2,cbbm_02f_lp0 cbbm_id0
m0510,monster,2,cbbm_02f_lp0 cbnm_id0
m0511,monster,0,
m0512,monster,2,cbnm_02f_lp0 cbnm_id0
m0513,monster,6,cbbm_02f_lp0 cbbm_atk1 cbbm_id0 cbbm_sp_b_1 cbbm_sp_b_2lp cbbm_sp_c_2lp
m0514,monster,7,cbbm_02f_lp0 cbbm_id0 cbbm_sp_b_1 cbbm_sp_b_2lp cbbm_sp_c_2lp cbbm_sp_d_1 cbbm_sp_d_2lp
m0515,monster,19,cbbm_02f_lp0 cbbm_atk1 cbbm_ded cbbm_dedpose cbbm_id0 cbbm_sp_a_1 cbbm_sp_a_2lp cbbm_sp_b_1 cbbm_sp_b_2lp cbbm_sp_c_1 cbbm_sp_c_2lp cbbm_sp_d_1 cbbm_sp_d_2lp cbbm_sp_e_1 cbbm_sp_e_2lp cbbm_sp_g_1 cbbm_sp_g_2lp cbbm_trn_l_lp cbbm_trn_r_lp
m0516,monster,1,cbbm_id0
m0517,monster,1,cbbm_id0
m0518,monster,2,cbnm_02f_lp0 cbnm_id0
m0519,monster,2,cbbm_02f_lp0 cbbm_id0
m0520,monster,2,cbnm_02f_lp0 cbnm_id0
m0521,monster,2,cbnm_02f_lp0 cbnm_id0
m0522,monster,1,cbbm_id0
m0523,monster,9,cbbm_02f_lp0 cbbm_atk1 cbbm_ded cbbm_dedpose cbbm_id0 cbbm_mgc_thm_2lp cbbm_mgc_thm_3 cbnm_01f_lp0 cbnm_id0
m0524,monster,1,cbbm_id0
m0525,monster,1,cbbm_id0
m0526,monster,1,cbbm_id0
m0527,monster,17,cbba_add_dmg_f cbba_st01_add_dmg_f cbbm_02f_lp0 cbbm_atk1 cbbm_ded cbbm_dedpose cbbm_id0 cbbm_sp_a_2lp cbbm_st01_01f_lp0 cbbm_st01_02f_lp0 cbbm_st01_a_activ cbbm_st01_a_deact cbbm_st01_ded cbbm_st01_dedpose cbbm_st01_id0 cbbm_st01_trn_l_lp cbbm_st01_trn_r_lp
m0528,monster,12,cbba_add_dmg_f cbbm_02f_lp0 cbbm_atk1 cbbm_ded cbbm_dedpose cbbm_id0 cbbm_sp_b_1 cbbm_sp_b_2lp cbbm_trn_l_lp cbbm_trn_r_lp cbnm_01f_lp0 cbnm_id0
m0529,monster,6,cbba_add_dmg_f cbbm_02f_lp0 cbbm_atk1 cbbm_ded cbbm_dedpose cbbm_id0
m0530,monster,7,cbbm_02f_lp0 cbbm_ded cbbm_dedpose cbbm_id0 cbbm_sp_b_2lp cbbm_trn_l_lp cbbm_trn_r_lp
m0531,monster,9,cbbm_02f_lp0 cbbm_atk1 cbbm_ded cbbm_dedpose cbbm_id0 cbbm_sp_a_1 cbbm_sp_a_2lp cbbm_sp_b_1 cbbm_sp_b_2lp
m0532,monster,5,cbbm_02f_lp0 cbbm_atk1 cbbm_id0 cbbm_sp_b_1 cbbm_sp_b_2lp
m0533,monster,2,cbnm_02f_lp0 cbnm_id0
m0534,monster,1,cbbm_id0
m0535,monster,3,cbbm_ded cbbm_dedpose cbbm_id0
m0536,monster,3,cbnm_01f_lp0 cbnm_02f_lp0 cbnm_id0
m0537,monster,13,cbbm_id0 cbbm_sp_b_1 cbbm_sp_b_2lp cbbm_sp_c_1 cbbm_sp_c_2lp cbbm_sp_d_1 cbbm_sp_d_2lp cbbm_sp_e_1 cbbm_sp_e_2lp cbbm_sp_g_1 cbbm_sp_g_2lp cbbm_sp_h_1 cbbm_sp_h_2lp
m0538,monster,7,cbba_add_dmg_f cbbm_02f_lp0 cbbm_atk1 cbbm_ded cbbm_dedpose cbbm_id0 cbnm_01f_lp0
m0539,monster,12,cbba_add_dmg_f cbbm_02f_lp0 cbbm_atk1 cbbm_ded cbbm_dedpose cbbm_id0 cbbm_mgc_thm_2lp cbbm_mgc_thm_3 cbbm_trn_l_lp cbbm_trn_r_lp cbnm_01f_lp0 cbnm_id0
m0540,monster,15,cbba_add_dmg_f cbba_st01_add_dmg_f cbbm_02f_lp0 cbbm_atk1 cbbm_ded cbbm_dedpose cbbm_id0 cbbm_sp_a_2lp cbbm_st01_02f_lp0 cbbm_st01_a_activ cbbm_st01_a_deact cbbm_st01_ded cbbm_st01_dedpose cbbm_st01_id0 cbnm_01f_lp0
m0541,monster,17,cbbm_01f_lp0 cbbm_02f_lp0 cbbm_atk1 cbbm_ded cbbm_dedpose cbbm_id0 cbbm_sp_b_1 cbbm_sp_b_2lp cbbm_sp_c_1 cbbm_sp_c_2lp cbbm_sp_d_1 cbbm_sp_d_2lp cbbm_sp_e_1 cbbm_sp_e_2lp cbbm_trn_l_lp cbbm_trn_r_lp cbnm_id0
m0542,monster,10,cbba_add_dmg_f cbbm_02f_lp0 cbbm_atk1 cbbm_ded cbbm_dedpose cbbm_id0 cbbm_trn_l_lp cbbm_trn_r_lp cbnm_01f_lp0 cbnm_id0
m0543,monster,4,cbbm_ded cbbm_dedpose cbbm_id0 cbbm_sp_a_2lp
m0544,monster,8,cbbm_02f_lp0 cbbm_atk1 cbbm_ded cbbm_dedpose cbbm_id0 cbbm_mgc_thm_2lp cbbm_mgc_thm_3 cbnm_id0
m0546,monster,13,cbbm_02f_lp0 cbbm_atk1 cbbm_id0 cbbm_trn_l_lp cbbm_trn_r_lp cbfa_add_all cbfa_add_chest_normal_long cbfa_add_chest_normal_middle cbfa_add_chest_normal_short cbfa_add_chest_shout_long cbfa_add_chest_shout_middle cbfa_add_chest_shout_short cbnm_id0
m0547,monster,2,cbnm_02f_lp0 cbnm_id0
m0548,monster,1,cbbm_id0
m0549,monster,7,cbbm_02f_lp0 cbbm_atk1 cbbm_ded cbbm_dedpose cbbm_id0 cbbm_sp_b_1 cbbm_sp_b_2lp
m0550,monster,7,cbba_add_dmg_f cbbm_02f_lp0 cbbm_atk1 cbbm_ded cbbm_dedpose cbbm_id0 cbnm_id0
m0551,monster,9,cbbm_02f_lp0 cbbm_atk1 cbbm_ded cbbm_dedpose cbbm_id0 cbbm_mgc_thm_2lp cbbm_mgc_thm_3 cbnm_01f_lp0 cbnm_id0
m0552,monster,3,cbbm_id0 cbbm_sp_c_1 cbbm_sp_c_2lp
m0553,monster,10,cbbm_02f_lp0 cbbm_atk1 cbbm_ded cbbm_dedpose cbbm_id0 cbbm_sp_b_1 cbbm_sp_b_2lp cbbm_sp_c_1 cbbm_sp_c_2lp cbnm_id0
m0554,monster,15,cbbm_02f_lp0 cbbm_atk1 cbbm_ded cbbm_dedpose cbbm_id0 cbbm_sp_b_1 cbbm_sp_b_2lp cbbm_sp_c_1 cbbm_sp_c_2lp cbbm_sp_d_1 cbbm_sp_d_2lp cbbm_sp_e_1 cbbm_sp_e_2lp cbbm_trn_l_lp cbbm_trn_r_lp
m0555,monster,0,
m0556,monster,1,cbbm_id0
m0557,monster,11,cbba_add_dmg_f cbbm_02f_lp0 cbbm_atk1 cbbm_dedpose cbbm_ft_ded_1 cbbm_ft_ded_2lp cbbm_ft_ded_3 cbbm_id0 cbbm_mgc_thm_3 cbbm_sp_b_2lp cbbm_sp_c_2lp
m0558,monster,15,cbbm_01f_lp0 cbbm_id0 cbbm_sp_b_1 cbbm_sp_b_2lp cbbm_trn_l_lp cbbm_trn_r_lp cbfa_add_all cbfa_add_chest_normal_long cbfa_add_chest_normal_middle cbfa_add_chest_normal_short cbfa_add_chest_shout_long cbfa_add_chest_shout_middle cbfa_add_chest_shout_short cbnm_01f_lp0 cbnm_id0
m0559,monster,6,cbbm_02f_lp0 cbbm_ded cbbm_dedpose cbbm_id0 cbbm_sp_b_1 cbbm_sp_b_2lp
m0560,monster,19,cbbm_ded cbbm_dedpose cbbm_id0 cbbm_sp_b_1 cbbm_sp_b_2lp cbbm_sp_c_1 cbbm_sp_c_2lp cbbm_sp_d_1 cbbm_sp_d_2lp cbbm_sp_e_1 cbbm_sp_e_2lp cbbm_sp_g_1 cbbm_sp_g_2lp cbbm_sp_h_1 cbbm_sp_h_2lp cbbm_sp_i_1 cbbm_sp_i_2lp cbbm_sp_j_1 cbbm_sp_j_2lp
m0561,monster,7,cbbm_02f_lp0 cbbm_atk1 cbbm_ded cbbm_dedpose cbbm_id0 cbbm_trn_l_lp cbbm_trn_r_lp
m0562,monster,19,cbbm_ded cbbm_dedpose cbbm_id0 cbbm_sp_b_1 cbbm_sp_b_2lp cbbm_sp_c_1 cbbm_sp_c_2lp cbbm_sp_d_1 cbbm_sp_d_2lp cbbm_sp_e_1 cbbm_sp_e_2lp cbbm_sp_g_1 cbbm_sp_g_2lp cbbm_sp_h_1 cbbm_sp_h_2lp cbbm_sp_i_1 cbbm_sp_i_2lp cbbm_sp_j_1 cbbm_sp_j_2lp
m0563,monster,7,cbbm_02f_lp0 cbbm_atk1 cbbm_ded cbbm_dedpose cbbm_id0 cbbm_sp_b_1 cbbm_sp_b_2lp
m0564,monster,11,cbba_add_dmg_f cbbm_01f_lp0 cbbm_02f_lp0 cbbm_atk1 cbbm_ded cbbm_dedpose cbbm_id0 cbbm_sp_b_1 cbbm_sp_b_2lp cbbm_trn_l_lp cbbm_trn_r_lp
m0565,monster,17,cbbm_ded cbbm_dedpose cbbm_id0 cbbm_sp_b_1 cbbm_sp_b_2lp cbbm_sp_c_1 cbbm_sp_c_2lp cbbm_sp_d_1 cbbm_sp_d_2lp cbbm_sp_e_1 cbbm_sp_e_2lp cbbm_sp_g_1 cbbm_sp_g_2lp cbbm_sp_h_1 cbbm_sp_h_2lp cbbm_sp_i_1 cbbm_sp_i_2lp
m0566,monster,3,cbnm_01f_lp0 cbnm_02f_lp0 cbnm_id0
m0567,monster,0,
m0568,monster,3,cbbm_02f_lp0 cbbm_atk1 cbbm_id0
m0569,monster,8,cbba_add_dmg_f cbbm_02f_lp0 cbbm_atk1 cbbm_ded cbbm_dedpose cbbm_id0 cbnm_01f_lp0 cbnm_id0
m0570,monster,8,cbba_add_dmg_f cbbm_02f_lp0 cbbm_atk1 cbbm_ded cbbm_dedpose cbbm_id0 cbnm_01f_lp0 cbnm_id0
m0571,monster,6,cbba_add_dmg_f cbbm_02f_lp0 cbbm_atk1 cbbm_ded cbbm_dedpose cbbm_id0
m0572,monster,7,cbba_add_dmg_f cbbm_01f_lp0 cbbm_02f_lp0 cbbm_atk1 cbbm_ded cbbm_dedpose cbbm_id0
m0573,monster,14,cbba_add_dmg_f cbbm_02f_lp0 cbbm_atk1 cbbm_ded cbbm_dedpose cbbm_id0 cbbm_mgc_thm_3 cbbm_sp_b_1 cbbm_sp_b_2lp cbbm_sp_c_1 cbbm_sp_c_2lp cbbm_sp_d_2lp cbbm_trn_l_lp cbbm_trn_r_lp
m0574,monster,11,cbba_add_dmg_f cbbm_02f_lp0 cbbm_atk1 cbbm_ded cbbm_dedpose cbbm_id0 cbbm_sp_b_2lp cbbm_sp_c_2lp cbbm_sp_d_2lp cbnm_01f_lp0 cbnm_id0
m0575,monster,0,
m0576,monster,8,cbba_add_dmg_f cbbm_02f_lp0 cbbm_atk1 cbbm_ded cbbm_dedpose cbbm_id0 cbbm_sp_b_1 cbbm_sp_b_2lp
m0577,monster,1,cbbm_id0
m0578,monster,3,cbbm_ded cbbm_dedpose cbbm_id0
m0579,monster,3,cbbm_ded cbbm_dedpose cbbm_id0
m0580,monster,2,cbnm_02f_lp0 cbnm_id0
m0581,monster,8,cbbm_02f_lp0 cbbm_ded cbbm_dedpose cbbm_id0 cbbm_sp_b_1 cbbm_sp_b_2lp cbbm_sp_c_1 cbbm_sp_c_2lp
m0582,monster,1,cbbm_id0
m0583,monster,1,cbbm_id0
m0584,monster,2,cbnm_02f_lp0 cbnm_id0
m0585,monster,3,cbbm_ded cbbm_dedpose cbbm_id0
m0586,monster,8,cbba_add_dmg_f cbbm_02f_lp0 cbbm_atk1 cbbm_ded cbbm_dedpose cbbm_id0 cbnm_01f_lp0 cbnm_id0
m0587,monster,10,cbba_add_dmg_f cbbm_02f_lp0 cbbm_atk1 cbbm_ded cbbm_dedpose cbbm_id0 cbbm_sp_b_1 cbbm_sp_b_2lp cbnm_01f_lp0 cbnm_id0
m0588,monster,8,cbba_add_dmg_f cbbm_02f_lp0 cbbm_atk1 cbbm_ded cbbm_dedpose cbbm_id0 cbnm_01f_lp0 cbnm_id0
m0589,monster,8,cbba_add_dmg_f cbbm_02f_lp0 cbbm_atk1 cbbm_ded cbbm_dedpose cbbm_id0 cbnm_01f_lp0 cbnm_id0
m0590,monster,7,cbba_add_dmg_f cbbm_02f_lp0 cbbm_atk1 cbbm_ded cbbm_dedpose cbbm_id0 cbnm_01f_lp0
m0591,monster,11,cbba_add_dmg_f cbbm_02f_lp0 cbbm_atk1 cbbm_ded cbbm_dedpose cbbm_id0 cbbm_mgc_thm_1 cbbm_mgc_thm_2lp cbbm_mgc_thm_3 cbnm_01f_lp0 cbnm_id0
m0592,monster,2,cbnm_02f_lp0 cbnm_id0
m0593,monster,2,cbnm_02f_lp0 cbnm_id0
m0594,monster,3,cbnm_01f_lp0 cbnm_02f_lp0 cbnm_id0
m0595,monster,3,cbnm_01f_lp0 cbnm_02f_lp0 cbnm_id0
m0596,monster,3,cbnm_01f_lp0 cbnm_02f_lp0 cbnm_id0
m0597,monster,1,cbbm_id0
m0598,monster,11,cbbm_02f_lp0 cbbm_atk1 cbbm_ded cbbm_dedpose cbbm_id0 cbbm_sp_a_1 cbbm_sp_a_2lp cbbm_sp_b_1 cbbm_sp_b_2lp cbbm_trn_l_lp cbbm_trn_r_lp
m0599,monster,9,cbbm_02f_lp0 cbbm_ded cbbm_dedpose cbbm_id0 cbbm_mgc_thm_3 cbbm_sp_b_1 cbbm_sp_b_2lp cbbm_trn_l_lp cbbm_trn_r_lp
m0600,monster,1,cbbm_id0
m0601,monster,3,cbbm_ded cbbm_dedpose cbbm_id0
m0602,monster,17,cbbm_ded cbbm_dedpose cbbm_id0 cbbm_sp_b_1 cbbm_sp_b_2lp cbbm_sp_c_1 cbbm_sp_c_2lp cbbm_sp_d_1 cbbm_sp_d_2lp cbbm_sp_e_1 cbbm_sp_e_2lp cbbm_sp_g_1 cbbm_sp_g_2lp cbbm_sp_h_1 cbbm_sp_h_2lp cbbm_sp_i_1 cbbm_sp_i_2lp
m0603,monster,8,cbba_add_dmg_f cbbm_02f_lp0 cbbm_atk1 cbbm_dedpose cbbm_ft_ded_1 cbbm_ft_ded_2lp cbbm_ft_ded_3 cbbm_id0
m0604,monster,7,cbba_add_dmg_f cbbm_02f_lp0 cbbm_ded cbbm_id0 cbbm_mgc_thm_1 cbbm_mgc_thm_2lp cbbm_mgc_thm_3
m0605,monster,2,cbnm_02f_lp0 cbnm_id0
m0606,monster,13,cbba_add_dmg_f cbbm_02f_lp0 cbbm_atk1 cbbm_ded cbbm_dedpose cbbm_id0 cbbm_partsbreak cbbm_sp_a_2lp cbbm_sp_b_2lp cbbm_sp_c_2lp cbbm_trn_l_lp cbbm_trn_r_lp cbnm_id0
m0607,monster,1,cbnm_id0
m0608,monster,2,cbnm_02f_lp0 cbnm_id0
m0609,monster,0,
m0610,monster,2,cbnm_02f_lp0 cbnm_id0
m0611,monster,5,cbbm_ded cbbm_dedpose cbbm_id0 cbbm_trn_l_lp cbbm_trn_r_lp
m0612,monster,4,cbbm_ded cbbm_dedpose cbbm_id0 cbbm_sp_a_2lp
m0613,monster,3,cbbm_ded cbbm_dedpose cbbm_id0
m0614,monster,5,cbbm_02f_lp0 cbbm_atk1 cbbm_ded cbbm_dedpose cbbm_id0
m0615,monster,4,cbbm_02f_lp0 cbbm_id0 cbbm_sp_b_1 cbbm_sp_b_2lp
m0616,monster,3,cbbm_ded cbbm_dedpose cbbm_id0
m0617,monster,6,cbbm_02f_lp0 cbbm_ded cbbm_dedpose cbbm_id0 cbbm_sp_b_1 cbbm_sp_b_2lp
m0618,monster,3,cbbm_02f_lp0 cbbm_atk1 cbbm_id0
m0619,monster,2,cbnm_02f_lp0 cbnm_id0
m0620,monster,7,cbbm_ded cbbm_dedpose cbbm_id0 cbbm_slide_02l_lp0 cbbm_slide_02r_lp0 cbbm_sp_b_1 cbbm_sp_b_2lp
m0621,monster,9,cbbm_02f_lp0 cbbm_atk1 cbbm_ded cbbm_dedpose cbbm_id0 cbbm_sp_a_2lp cbbm_sp_b_2lp cbbm_trn_l_lp cbbm_trn_r_lp
m0622,monster,1,cbbm_id0
m0623,monster,3,cbnm_01f_lp0 cbnm_02f_lp0 cbnm_id0
m0624,monster,1,cbbm_id0
m0625,monster,13,cbbm_02f_lp0 cbbm_atk1 cbbm_id0 cbbm_sp_b_1 cbbm_sp_b_2lp cbbm_sp_c_1 cbbm_sp_c_2lp cbbm_sp_d_1 cbbm_sp_d_2lp cbbm_sp_e_1 cbbm_sp_e_2lp cbbm_trn_l_lp cbbm_trn_r_lp
m0626,monster,6,cbbm_02f_lp0 cbbm_atk1 cbbm_ded cbbm_dedpose cbbm_id0 cbnm_01f_lp0
m0627,monster,5,cbbm_02f_lp0 cbbm_atk1 cbbm_ded cbbm_dedpose cbbm_id0
m0628,monster,4,cbbm_02f_lp0 cbbm_ded cbbm_dedpose cbbm_id0
m0629,monster,4,cbbm_02f_lp0 cbbm_ded cbbm_dedpose cbbm_id0
m0630,monster,4,cbbm_02f_lp0 cbbm_ded cbbm_dedpose cbbm_id0
m0631,monster,6,cbbm_02f_lp0 cbbm_ded cbbm_dedpose cbbm_id0 cbbm_trn_l_lp cbbm_trn_r_lp
m0632,monster,4,cbbm_02f_lp0 cbbm_ded cbbm_dedpose cbbm_id0
m0634,monster,1,cbbm_id0
m0635,monster,1,cbbm_id0
m0637,monster,7,cbbm_ded cbbm_dedpose cbbm_id0 cbbm_mgc_thm_3 cbnm_01f_lp0 cbnm_02f_lp0 cbnm_id0
m0638,monster,4,cbbm_ded cbbm_dedpose cbbm_id0 cbbm_sp_b_2lp
m0639,monster,5,cbbm_02f_lp0 cbbm_atk1 cbbm_ded cbbm_dedpose cbbm_id0
m0640,monster,18,cbbm_02f_lp0 cbbm_ded cbbm_dedpose cbbm_id0 cbbm_show_sp_a_loop cbbm_show_sp_a_start cbbm_sp_b_1 cbbm_sp_b_2lp cbbm_sp_c_1 cbbm_sp_c_2lp cbbm_sp_d_1 cbbm_sp_d_2lp cbbm_sp_e_1 cbbm_sp_e_2lp cbbm_sp_g_1 cbbm_sp_g_2lp cbbm_sp_h_1 cbbm_sp_h_2lp
m0642,monster,2,cbnm_02f_lp0 cbnm_id0
m0643,monster,2,cbnm_02f_lp0 cbnm_id0
m0645,monster,4,cbbm_02f_lp0 cbbm_ded cbbm_dedpose cbbm_id0
m0646,monster,6,cbbm_02f_lp0 cbbm_atk1 cbbm_ded cbbm_id0 cbbm_sp_a_1 cbbm_sp_a_2lp
m0647,monster,1,cbbm_id0
m0648,monster,3,cbbm_ded cbbm_dedpose cbbm_id0
m0649,monster,3,cbbm_ded cbbm_dedpose cbbm_id0
m0650,monster,24,cbbm_01b_lp0 cbbm_01f_lp0 cbbm_01l_lp0 cbbm_01r_lp0 cbbm_02f_lp0 cbbm_02l_lp0 cbbm_02r_lp0 cbbm_ded cbbm_dedpose cbbm_id0 cbbm_jump_1 cbbm_jump_2 cbbm_jump_3 cbbm_sp_b_1 cbbm_sp_b_2lp cbbm_sp_c_1 cbbm_sp_c_2lp cbnm_01b_lp0 cbnm_01f_lp0 cbnm_02f_lp0 cbnm_id0 cbnm_jump_1 cbnm_jump_2 cbnm_jump_3
m0651,monster,0,
m0652,monster,0,
m0653,monster,6,cbba_add_dmg_f cbbm_02f_lp0 cbbm_ded cbbm_dedpose cbbm_id0 cbbm_sp_f_2lp
m0654,monster,0,
m0655,monster,3,cbbm_ded cbbm_dedpose cbbm_id0
m0656,monster,16,cbbm_02f_lp0 cbbm_atk1 cbbm_ded cbbm_id0 cbbm_sp_b_1 cbbm_sp_b_2lp cbbm_sp_c_1 cbbm_sp_c_2lp cbbm_sp_d_1 cbbm_sp_d_2lp cbbm_sp_e_1 cbbm_sp_e_2lp cbbm_sp_g_1 cbbm_sp_g_2lp cbbm_sp_h_1 cbbm_sp_h_2lp
m0657,monster,4,cbbm_ded cbbm_dedpose cbbm_id0 cbbm_sp_b_2lp
m0658,monster,6,cbbm_ded cbbm_dedpose cbbm_id0 cbbm_sp_b_2lp cbbm_sp_c_2lp cbbm_sp_d_2lp
m0659,monster,4,cbbm_ded cbbm_dedpose cbbm_id0 cbbm_sp_b_2lp
m0662,monster,7,cbbm_ded cbbm_dedpose cbbm_id0 cbbm_sp_b_1 cbbm_sp_b_2lp cbbm_sp_c_1 cbbm_sp_c_2lp
m0663,monster,6,cbbm_02f_lp0 cbbm_ded cbbm_dedpose cbbm_id0 cbbm_sp_b_1 cbbm_sp_b_2lp
m0664,monster,5,cbbm_02f_lp0 cbbm_atk1 cbbm_ded cbbm_dedpose cbbm_id0
m0665,monster,4,cbbm_02f_lp0 cbbm_atk1 cbbm_ded cbbm_id0
m0666,monster,3,cbbm_02f_lp0 cbbm_ded cbbm_id0
m0667,monster,7,cbbm_02f_lp0 cbbm_ded cbbm_dedpose cbbm_id0 cbbm_mgc_thm_3 cbbm_sp_b_1 cbbm_sp_b_2lp
m0668,monster,19,cbbm_ded cbbm_dedpose cbbm_id0 cbbm_sp_b_1 cbbm_sp_b_2lp cbbm_sp_c_1 cbbm_sp_c_2lp cbbm_sp_d_1 cbbm_sp_d_2lp cbbm_sp_e_1 cbbm_sp_e_2lp cbbm_sp_g_1 cbbm_sp_g_2lp cbbm_sp_h_1 cbbm_sp_h_2lp cbbm_sp_i_1 cbbm_sp_i_2lp cbbm_sp_j_1 cbbm_sp_j_2lp
m0669,monster,17,cbbm_02f_lp0 cbbm_atk1 cbbm_ded cbbm_dedpose cbbm_id0 cbbm_sp_b_1 cbbm_sp_b_2lp cbbm_sp_c_1 cbbm_sp_c_2lp cbbm_sp_d_1 cbbm_sp_d_2lp cbbm_sp_e_1 cbbm_sp_e_2lp cbbm_sp_g_1 cbbm_sp_g_2lp cbbm_sp_h_1 cbbm_sp_h_2lp
m0670,monster,0,
m0671,monster,3,cbnm_01f_lp0 cbnm_02f_lp0 cbnm_id0
m0672,monster,2,cbnm_02f_lp0 cbnm_id0
m0674,monster,13,cbbm_02f_lp0 cbbm_atk1 cbbm_ded cbbm_dedpose cbbm_id0 cbbm_sp_b_1 cbbm_sp_b_2lp cbbm_sp_c_1 cbbm_sp_c_2lp cbbm_sp_d_1 cbbm_sp_d_2lp cbbm_trn_l_lp cbbm_trn_r_lp
m0675,monster,2,cbbm_02f_lp0 cbbm_id0
m0676,monster,10,cbbm_02f_lp0 cbbm_id0 cbbm_sp_b_2lp cbbm_sp_c_2lp cbbm_sp_d_1 cbbm_sp_d_2lp cbbm_sp_f_1 cbbm_sp_f_2lp cbbm_trn_l_lp cbbm_trn_r_lp
m0677,monster,10,cbbm_02f_lp0 cbbm_ded cbbm_dedpose cbbm_id0 cbbm_sp_b_1 cbbm_sp_b_2lp cbbm_sp_c_1 cbbm_sp_c_2lp cbbm_sp_d_1 cbbm_sp_d_2lp
m0678,monster,8,cbbm_atk1 cbbm_ded cbbm_dedpose cbbm_id0 cbbm_sp_b_1 cbbm_sp_b_2lp cbbm_sp_c_1 cbbm_sp_c_2lp
m0679,monster,2,cbnm_02f_lp0 cbnm_id0
m0680,monster,2,cbnm_02f_lp0 cbnm_id0
m0681,monster,0,
m0682,monster,2,cbnm_02f_lp0 cbnm_id0
m0683,monster,23,cbbm_02f_lp0 cbbm_atk1 cbbm_ded cbbm_dedpose cbbm_id0 cbbm_sp_b_1 cbbm_sp_b_2lp cbbm_sp_c_1 cbbm_sp_c_2lp cbbm_sp_d_1 cbbm_sp_d_2lp cbbm_sp_e_1 cbbm_sp_e_2lp cbbm_sp_g_1 cbbm_sp_g_2lp cbbm_sp_h_1 cbbm_sp_h_2lp cbbm_sp_i_1 cbbm_sp_i_2lp cbbm_sp_j_1 cbbm_sp_j_2lp cbbm_trn_l_lp cbbm_trn_r_lp
m0684,monster,12,cbbm_02f_lp0 cbbm_ded cbbm_dedpose cbbm_id0 cbbm_sp_b_1 cbbm_sp_b_2lp cbbm_sp_c_1 cbbm_sp_c_2lp cbbm_sp_d_1 cbbm_sp_d_2lp cbbm_sp_e_1 cbbm_sp_e_2lp
m0685,monster,2,cbnm_02f_lp0 cbnm_id0
m0686,monster,3,cbnm_01f_lp0 cbnm_02f_lp0 cbnm_id0
m0687,monster,2,cbnm_02f_lp0 cbnm_id0
m0688,monster,3,cbnm_01f_lp0 cbnm_02f_lp0 cbnm_id0
m0689,monster,10,cbbm_02f_lp0 cbbm_ded cbbm_id0 cbbm_sp_a_2lp cbbm_sp_b_1 cbbm_sp_b_2lp cbbm_sp_c_1 cbbm_sp_c_2lp cbbm_sp_d_2lp cbbm_sp_e_2lp
m0690,monster,15,cbbm_02f_lp0 cbbm_atk1 cbbm_ded cbbm_dedpose cbbm_id0 cbbm_sp_b_1 cbbm_sp_b_2lp cbbm_sp_c_1 cbbm_sp_c_2lp cbbm_sp_d_1 cbbm_sp_d_2lp cbbm_sp_e_1 cbbm_sp_e_2lp cbbm_sp_g_2lp cbbm_sp_h_2lp
m0691,monster,11,cbbm_02f_lp0 cbbm_atk1 cbbm_ded cbbm_dedpose cbbm_id0 cbbm_sp_b_1 cbbm_sp_b_2lp cbbm_sp_c_1 cbbm_sp_c_2lp cbbm_trn_l_lp cbbm_trn_r_lp
m0692,monster,3,cbbm_ded cbbm_dedpose cbbm_id0
m0694,monster,2,cbnm_02f_lp0 cbnm_id0
m0695,monster,1,cbbm_id0
m0696,monster,2,cbnm_02f_lp0 cbnm_id0
m0697,monster,2,cbnm_02f_lp0 cbnm_id0
m0698,monster,2,cbnm_02f_lp0 cbnm_id0
m0699,monster,5,cbbm_ded cbbm_dedpose cbbm_id0 cbbm_sp_b_1 cbbm_sp_b_2lp
m0700,monster,12,cbbm_02f_lp0 cbbm_ded cbbm_dedpose cbbm_id0 cbbm_sp_b_1 cbbm_sp_b_2lp cbbm_sp_c_1 cbbm_sp_c_2lp cbbm_sp_d_1 cbbm_sp_d_2lp cbbm_trn_l_lp cbbm_trn_r_lp
m0701,monster,1,cbbm_id0
m0702,monster,12,cbba_add_dmg_f cbbm_02f_lp0 cbbm_ded cbbm_dedpose cbbm_id0 cbbm_mgc_thm_1 cbbm_mgc_thm_2lp cbbm_mgc_thm_3 cbbm_sp_b_1 cbbm_sp_b_2lp cbbm_trn_l_lp cbbm_trn_r_lp
m0703,monster,13,cbbm_02f_lp0 cbbm_atk1 cbbm_ded cbbm_dedpose cbbm_id0 cbbm_sp_b_1 cbbm_sp_b_2lp cbbm_sp_c_1 cbbm_sp_c_2lp cbbm_sp_d_1 cbbm_sp_d_2lp cbbm_trn_l_lp cbbm_trn_r_lp
m0704,monster,9,cbbm_ded cbbm_dedpose cbbm_id0 cbbm_sp_b_1 cbbm_sp_b_2lp cbbm_sp_c_1 cbbm_sp_c_2lp cbbm_sp_d_1 cbbm_sp_d_2lp
m0705,monster,7,cbbm_ded cbbm_dedpose cbbm_id0 cbbm_sp_b_1 cbbm_sp_b_2lp cbbm_sp_c_1 cbbm_sp_c_2lp
m0706,monster,14,cbba_add_dmg_f cbbm_02f_lp0 cbbm_atk1 cbbm_ded cbbm_dedpose cbbm_id0 cbbm_sp_b_1 cbbm_sp_b_2lp cbbm_sp_c_1 cbbm_sp_c_2lp cbbm_trn_l_lp cbbm_trn_r_lp cbnm_01f_lp0 cbnm_id0
m0707,monster,11,cbbm_02f_lp0 cbbm_atk1 cbbm_ded cbbm_dedpose cbbm_id0 cbbm_sp_b_1 cbbm_sp_b_2lp cbbm_sp_c_1 cbbm_sp_c_2lp cbbm_trn_l_lp cbbm_trn_r_lp
m0708,monster,3,cbbm_ded cbbm_dedpose cbbm_id0
m0709,monster,12,cbba_add_dmg_f cbbm_01f_lp0 cbbm_02f_lp0 cbbm_atk1 cbbm_ded cbbm_dedpose cbbm_id0 cbbm_mgc_thm_3 cbbm_trn_l_lp cbbm_trn_r_lp cbnm_01f_lp0 cbnm_id0
m0710,monster,9,cbbm_02f_lp0 cbbm_ded cbbm_dedpose cbbm_id0 cbbm_sp_a_2lp cbbm_sp_b_1 cbbm_sp_b_2lp cbbm_sp_c_1 cbbm_sp_c_2lp
m0711,monster,8,cbbm_02f_lp0 cbbm_atk1 cbbm_ded cbbm_dedpose cbbm_id0 cbbm_sp_a_2lp cbbm_sp_b_2lp cbbm_sp_d_2lp
m0712,monster,10,cbba_add_dmg_f cbbm_02f_lp0 cbbm_atk1 cbbm_ded cbbm_dedpose cbbm_id0 cbbm_trn_l_lp cbbm_trn_r_lp cbnm_01f_lp0 cbnm_id0
m0713,monster,20,cbbm_ded cbbm_dedpose cbbm_id0 cbbm_sp_b_2lp cbbm_sp_c_1 cbbm_sp_c_2lp cbbm_sp_d_1 cbbm_sp_d_2lp cbbm_sp_e_1 cbbm_sp_e_2lp cbbm_sp_g_1 cbbm_sp_g_2lp cbbm_sp_h_1 cbbm_sp_h_2lp cbbm_sp_i_1 cbbm_sp_i_2lp cbbm_sp_j_1 cbbm_sp_j_2lp cbbm_sp_k_1 cbbm_sp_k_2lp
m0714,monster,3,cbbm_02f_lp0 cbbm_atk1 cbbm_id0
m0715,monster,7,cbbm_ded cbbm_dedpose cbbm_id0 cbbm_sp_b_1 cbbm_sp_b_2lp cbbm_sp_c_1 cbbm_sp_c_2lp
m0716,monster,3,cbnm_01f_lp0 cbnm_02f_lp0 cbnm_id0
m0717,monster,3,cbbm_ded cbbm_dedpose cbbm_id0
m0718,monster,3,cbbm_ded cbbm_dedpose cbbm_id0
m0719,monster,4,cbbm_02f_lp0 cbbm_ded cbbm_dedpose cbbm_id0
m0720,monster,9,cbbm_ded cbbm_dedpose cbbm_id0 cbbm_sp_b_1 cbbm_sp_b_2lp cbbm_sp_c_1 cbbm_sp_c_2lp cbbm_sp_d_1 cbbm_sp_d_2lp
m0721,monster,3,cbnm_01f_lp0 cbnm_02f_lp0 cbnm_id0
m0722,monster,3,cbnm_01f_lp0 cbnm_02f_lp0 cbnm_id0
m0723,monster,1,cbbm_id0
m0724,monster,5,cbbm_02f_lp0 cbbm_atk1 cbbm_id0 cbbm_trn_l_lp cbbm_trn_r_lp
m0725,monster,1,cbbm_id0
m0726,monster,1,cbbm_id0
m0727,monster,10,cbba_add_dmg_f cbbm_02f_lp0 cbbm_atk1 cbbm_ded cbbm_dedpose cbbm_id0 cbbm_trn_l_lp cbbm_trn_r_lp cbnm_01f_lp0 cbnm_id0
m0728,monster,2,cbnm_02f_lp0 cbnm_id0
m0729,monster,1,cbbm_id0
m0730,monster,0,
m0731,monster,19,cbbm_02f_lp0 cbbm_atk1 cbbm_ded cbbm_dedpose cbbm_id0 cbbm_sp_b_1 cbbm_sp_b_2lp cbbm_sp_c_1 cbbm_sp_c_2lp cbbm_sp_d_1 cbbm_sp_d_2lp cbbm_sp_e_1 cbbm_sp_e_2lp cbbm_sp_g_1 cbbm_sp_g_2lp cbbm_sp_h_1 cbbm_sp_h_2lp cbbm_trn_l_lp cbbm_trn_r_lp
m0732,monster,12,cbbm_02f_lp0 cbbm_atk1 cbbm_ded cbbm_dedpose cbbm_id0 cbbm_sp_b_1 cbbm_sp_b_2lp cbbm_sp_c_1 cbbm_sp_c_2lp cbbm_sp_d_1 cbbm_sp_d_2lp cbbm_st01_dedpose
m0733,monster,7,cbbm_02f_lp0 cbbm_atk1 cbbm_ded cbbm_dedpose cbbm_id0 cbbm_sp_b_1 cbbm_sp_b_2lp
m0734,monster,0,
m0735,monster,3,cbnm_01f_lp0 cbnm_02f_lp0 cbnm_id0
m0736,monster,3,cbnm_01f_lp0 cbnm_02f_lp0 cbnm_id0
m0737,monster,2,cbnm_02f_lp0 cbnm_id0
m0738,monster,1,cbbm_id0
m0739,monster,1,cbbm_id0
m0740,monster,4,cbbm_ded cbbm_dedpose cbbm_id0 cbbm_sp_a_2lp
m0741,monster,18,cbba_add_dmg_f cbba_st01_add_dmg_f cbbm_02f_lp0 cbbm_atk1 cbbm_ded cbbm_dedpose cbbm_id0 cbbm_sp_a_2lp cbbm_st01_02f_lp0 cbbm_st01_a_activ cbbm_st01_a_deact cbbm_st01_ded cbbm_st01_dedpose cbbm_st01_id0 cbbm_st01_trn_l_lp cbbm_st01_trn_r_lp cbbm_trn_l_lp cbbm_trn_r_lp
m0742,monster,3,cbbm_id0 cbbm_sp_b_1 cbbm_sp_b_2lp
m0743,monster,1,cbbm_id0
m0744,monster,5,cbbm_02f_lp0 cbbm_atk1 cbbm_ded cbbm_dedpose cbbm_id0
m0745,monster,9,cbba_add_dmg_f cbbm_01f_lp0 cbbm_02f_lp0 cbbm_atk1 cbbm_ded cbbm_dedpose cbbm_id0 cbbm_sp_d_1 cbbm_sp_d_2lp
m0746,monster,8,cbba_add_dmg_f cbbm_02f_lp0 cbbm_atk1 cbbm_ded cbbm_dedpose cbbm_id0 cbnm_01f_lp0 cbnm_id0
m0747,monster,8,cbba_add_dmg_f cbbm_02f_lp0 cbbm_atk1 cbbm_ded cbbm_dedpose cbbm_id0 cbnm_01f_lp0 cbnm_id0
m0748,monster,10,cbba_add_dmg_f cbbm_02f_lp0 cbbm_atk1 cbbm_ded cbbm_dedpose cbbm_id0 cbbm_mgc_thm_2lp cbbm_mgc_thm_3 cbnm_01f_lp0 cbnm_id0
m0749,monster,8,cbba_add_dmg_f cbbm_02f_lp0 cbbm_atk1 cbbm_ded cbbm_dedpose cbbm_id0 cbnm_01f_lp0 cbnm_id0
m0750,monster,8,cbba_add_dmg_f cbbm_02f_lp0 cbbm_atk1 cbbm_ded cbbm_dedpose cbbm_id0 cbnm_01f_lp0 cbnm_id0
m0751,monster,8,cbba_add_dmg_f cbbm_02f_lp0 cbbm_atk1 cbbm_ded cbbm_dedpose cbbm_id0 cbnm_01f_lp0 cbnm_id0
m0752,monster,8,cbba_add_dmg_f cbbm_02f_lp0 cbbm_atk1 cbbm_ded cbbm_dedpose cbbm_id0 cbnm_01f_lp0 cbnm_id0
m0753,monster,8,cbba_add_dmg_f cbbm_02f_lp0 cbbm_atk1 cbbm_ded cbbm_dedpose cbbm_id0 cbnm_01f_lp0 cbnm_id0
m0754,monster,1,cbbm_id0
m0755,monster,9,cbbm_ded cbbm_dedpose cbbm_id0 cbbm_sp_b_1 cbbm_sp_b_2lp cbbm_sp_c_1 cbbm_sp_c_2lp cbbm_sp_d_1 cbbm_sp_d_2lp
m0756,monster,1,cbbm_id0
m0757,monster,1,cbbm_id0
m0758,monster,6,cbbm_ded cbbm_dedpose cbbm_id0 cbbm_sp_a_2lp cbbm_sp_b_1 cbbm_sp_b_2lp
m0759,monster,1,cbbm_id0
m0761,monster,2,cbnm_02f_lp0 cbnm_id0
m0763,monster,2,cbnm_02f_lp0 cbnm_id0
m0764,monster,2,cbnm_02f_lp0 cbnm_id0
m0765,monster,3,cbnm_01f_lp0 cbnm_02f_lp0 cbnm_id0
m0766,monster,0,
m0767,monster,2,cbnm_02f_lp0 cbnm_id0
m0768,monster,3,cbnm_01f_lp0 cbnm_02f_lp0 cbnm_id0
m0769,monster,1,cbbm_id0
m0770,monster,4,cbbm_02f_lp0 cbbm_ded cbbm_dedpose cbbm_id0
m0771,monster,9,cbbm_ded cbbm_dedpose cbbm_id0 cbbm_sp_b_1 cbbm_sp_b_2lp cbbm_sp_c_1 cbbm_sp_c_2lp cbbm_sp_d_1 cbbm_sp_d_2lp
m0772,monster,5,cbbm_02f_lp0 cbbm_atk1 cbbm_ded cbbm_dedpose cbbm_id0
m0773,monster,2,cbnm_02f_lp0 cbnm_id0
m0774,monster,2,cbnm_02f_lp0 cbnm_id0
m0775,monster,3,cbnm_01f_lp0 cbnm_02f_lp0 cbnm_id0
m0776,monster,12,cbbm_02f_lp0 cbbm_atk1 cbbm_ded cbbm_dedpose cbbm_id0 cbbm_sp_b_1 cbbm_sp_b_2lp cbbm_sp_c_1 cbbm_sp_c_2lp cbbm_sp_d_2lp cbbm_sp_e_1 cbbm_sp_e_2lp
m0777,monster,8,cbbm_02f_lp0 cbbm_ded cbbm_dedpose cbbm_id0 cbbm_sp_b_1 cbbm_sp_b_2lp cbbm_sp_c_1 cbbm_sp_c_2lp
m0778,monster,2,cbnm_02f_lp0 cbnm_id0
m0779,monster,10,cbbm_02f_lp0 cbbm_ded cbbm_dedpose cbbm_id0 cbbm_sp_c_1 cbbm_sp_c_2lp cbbm_sp_d_1 cbbm_sp_d_2lp cbbm_sp_e_1 cbbm_sp_e_2lp
m0780,monster,3,cbnm_01f_lp0 cbnm_02f_lp0 cbnm_id0
m0781,monster,2,cbbm_02f_lp0 cbbm_id0
m0782,monster,1,cbbm_id0
m0783,monster,1,cbnm_id0
m0784,monster,13,cbbm_02f_lp0 cbbm_atk1 cbbm_ded cbbm_dedpose cbbm_id0 cbbm_sp_b_1 cbbm_sp_b_2lp cbbm_sp_c_1 cbbm_sp_c_2lp cbbm_sp_d_1 cbbm_sp_d_2lp cbbm_trn_l_lp cbbm_trn_r_lp
m0785,monster,15,cbbm_02f_lp0 cbbm_id0 cbbm_sp_b_1 cbbm_sp_b_2lp cbbm_sp_c_1 cbbm_sp_c_2lp cbbm_sp_d_1 cbbm_sp_d_2lp cbbm_sp_e_1 cbbm_sp_e_2lp cbbm_trn_l_lp cbbm_trn_r_lp cbfa_add_chest_normal_long cbfa_add_chest_normal_middle cbfa_add_chest_normal_short
m0786,monster,3,cbnm_01f_lp0 cbnm_02f_lp0 cbnm_id0
m0787,monster,2,cbnm_01f_lp0 cbnm_id0
m0788,monster,2,cbbm_02f_lp0 cbbm_id0
m0789,monster,7,cbbm_02f_lp0 cbbm_atk1 cbbm_id0 cbbm_sp_b_1 cbbm_sp_b_2lp cbbm_sp_c_1 cbbm_sp_c_2lp
m0790,monster,8,cbbm_02f_lp0 cbbm_ded cbbm_dedpose cbbm_id0 cbbm_sp_b_1 cbbm_sp_b_2lp cbbm_sp_c_1 cbbm_sp_c_2lp
m0791,monster,5,cbbm_02f_lp0 cbbm_atk1 cbbm_id0 cbbm_trn_l_lp cbbm_trn_r_lp
m0792,monster,5,cbbm_02f_lp0 cbbm_atk1 cbbm_id0 cbbm_trn_l_lp cbbm_trn_r_lp
m0793,monster,5,cbbm_id0 cbbm_sp_b_1 cbbm_sp_b_2lp cbbm_trn_l_lp cbbm_trn_r_lp
m0794,monster,7,cbbm_02f_lp0 cbbm_dedpose cbbm_ft_ded_1 cbbm_ft_ded_2lp cbbm_ft_ded_3 cbbm_id0 cbbm_mgc_thm_3
m0795,monster,2,cbbm_02f_lp0 cbbm_id0
m0796,monster,16,cbbm_02f_lp0 cbbm_ded cbbm_dedpose cbbm_id0 cbbm_sp_b_1 cbbm_sp_b_2lp cbbm_sp_c_1 cbbm_sp_c_2lp cbbm_sp_d_1 cbbm_sp_d_2lp cbbm_sp_e_1 cbbm_sp_e_2lp cbbm_sp_g_1 cbbm_sp_g_2lp cbbm_sp_h_1 cbbm_sp_h_2lp
m0797,monster,3,cbnm_01f_lp0 cbnm_02f_lp0 cbnm_id0
m0798,monster,5,cbbm_ded cbbm_dedpose cbbm_id0 cbbm_slide_02l_lp0 cbbm_slide_02r_lp0
m0799,monster,13,cbbm_02f_lp0 cbbm_atk1 cbbm_ded cbbm_dedpose cbbm_id0 cbbm_sp_b_1 cbbm_sp_b_2lp cbbm_sp_c_1 cbbm_sp_c_2lp cbbm_sp_d_1 cbbm_sp_d_2lp cbbm_trn_l_lp cbbm_trn_r_lp
m0800,monster,7,cbbm_ded cbbm_dedpose cbbm_id0 cbbm_sp_b_1 cbbm_sp_b_2lp cbbm_sp_c_1 cbbm_sp_c_2lp
m0801,monster,13,cbba_add_dmg_f cbbm_02f_lp0 cbbm_atk1 cbbm_dedpose cbbm_ft_ded_1 cbbm_ft_ded_2lp cbbm_ft_ded_3 cbbm_id0 cbbm_sp_a_2lp cbbm_sp_b_1 cbbm_sp_b_2lp cbbm_sp_c_1 cbbm_sp_c_2lp
m0802,monster,2,cbbm_id0 cbnm_id0
m0803,monster,2,cbbm_id0 cbnm_id0
m0804,monster,3,cbnm_01f_lp0 cbnm_02f_lp0 cbnm_id0
m0805,monster,2,cbnm_02f_lp0 cbnm_id0
m0806,monster,8,cbbm_01f_lp0 cbbm_02f_lp0 cbbm_atk1 cbbm_ded cbbm_dedpose cbbm_id0 cbbm_mgc_thm_2lp cbbm_mgc_thm_3
m0807,monster,18,cbfa_add_all cbfa_add_chest_normal_long cbfa_add_chest_normal_middle cbfa_add_chest_normal_short cbfa_add_chest_shout_long cbfa_add_chest_shout_middle cbfa_add_chest_shout_short cbfa_add_chest_whisper_long cbfa_add_chest_whisper_middle cbfa_add_chest_whisper_short cbfa_add_no cbfa_add_talk cbfa_add_yes cbnm_01f_lp0 cbnm_02f_lp0 cbnm_id0 cbnm_swo_id0 cbnm_swu_id0
m0808,monster,1,cbbm_id0
m0809,monster,2,cbnm_02f_lp0 cbnm_id0
m0810,monster,22,cbbm_02f_lp0 cbbm_ded cbbm_dedpose cbbm_id0 cbbm_sp_b_1 cbbm_sp_b_2lp cbbm_sp_d_1 cbbm_sp_d_2lp cbbm_sp_e_1 cbbm_sp_e_2lp cbbm_trn_l_lp cbbm_trn_r_lp cbfa_add_all cbfa_add_chest_normal_long cbfa_add_chest_normal_middle cbfa_add_chest_normal_short cbfa_add_chest_shout_long cbfa_add_chest_shout_middle cbfa_add_chest_shout_short cbfa_add_chest_whisper_long cbfa_add_chest_whisper_middle cbfa_add_chest_whisper_short
m0811,monster,17,cbbm_02f_lp0 cbbm_atk1 cbbm_ded cbbm_dedpose cbbm_id0 cbbm_mgc_thm_3 cbbm_sp_b_1 cbbm_sp_b_2lp cbbm_trn_l_lp cbbm_trn_r_lp cbfa_add_all cbfa_add_chest_normal_long cbfa_add_chest_normal_middle cbfa_add_chest_normal_short cbfa_add_chest_shout_long cbfa_add_chest_shout_middle cbfa_add_chest_shout_short
m0812,monster,2,cbbm_02f_lp0 cbbm_id0
m0813,monster,6,cbbm_02f_lp0 cbbm_dedpose cbbm_ft_ded_1 cbbm_ft_ded_2lp cbbm_ft_ded_3 cbbm_id0
m0815,monster,3,cbnm_01f_lp0 cbnm_02f_lp0 cbnm_id0
m0818,monster,2,cbnm_02f_lp0 cbnm_id0
m0819,monster,0,
m0820,monster,17,cbbm_02f_lp0 cbbm_atk1 cbbm_ded cbbm_dedpose cbbm_id0 cbbm_sp_b_1 cbbm_sp_b_2lp cbbm_sp_c_1 cbbm_sp_c_2lp cbbm_trn_l_lp cbbm_trn_r_lp cbfa_add_chest_normal_long cbfa_add_chest_normal_middle cbfa_add_chest_normal_short cbfa_add_chest_shout_long cbfa_add_chest_shout_middle cbfa_add_chest_shout_short
m0821,monster,9,cbbm_02f_lp0 cbbm_atk1 cbbm_ded cbbm_dedpose cbbm_id0 cbbm_sp_b_1 cbbm_sp_b_2lp cbbm_sp_c_1 cbbm_sp_c_2lp
m0822,monster,6,cbba_add_dmg_f cbbm_02f_lp0 cbbm_atk1 cbbm_ded cbbm_dedpose cbbm_id0
m0823,monster,6,cbbm_02f_lp0 cbbm_ded cbbm_dedpose cbbm_id0 cbbm_sp_b_1 cbbm_sp_b_2lp
m0824,monster,14,cbbm_02f_lp0 cbbm_ded cbbm_dedpose cbbm_id0 cbbm_sp_b_1 cbbm_sp_b_2lp cbbm_trn_l_lp cbbm_trn_r_lp cbfa_add_chest_normal_long cbfa_add_chest_normal_middle cbfa_add_chest_normal_short cbfa_add_chest_shout_long cbfa_add_chest_shout_middle cbfa_add_chest_shout_short
m0825,monster,17,cbbm_ded cbbm_dedpose cbbm_id0 cbbm_sp_b_1 cbbm_sp_b_2lp cbbm_sp_c_1 cbbm_sp_c_2lp cbbm_sp_d_1 cbbm_sp_d_2lp cbbm_sp_e_1 cbbm_sp_e_2lp cbbm_sp_g_1 cbbm_sp_g_2lp cbbm_sp_h_1 cbbm_sp_h_2lp cbbm_trn_l_lp cbbm_trn_r_lp
m0826,monster,2,cbnm_02f_lp0 cbnm_id0
m0827,monster,5,cbbm_id0 cbbm_sp_b_1 cbbm_sp_b_2lp cbbm_sp_c_1 cbbm_sp_c_2lp
m0828,monster,7,cbbm_02f_lp0 cbbm_atk1 cbbm_ded cbbm_dedpose cbbm_id0 cbbm_sp_b_1 cbbm_sp_b_2lp
m0829,monster,9,cbbm_02f_lp0 cbbm_ded cbbm_dedpose cbbm_id0 cbbm_sp_b_1 cbbm_sp_b_2lp cbbm_sp_c_1 cbbm_sp_c_2lp cbbm_sp_d_2lp
m0830,monster,9,cbbm_02f_lp0 cbbm_atk1 cbbm_ded cbbm_dedpose cbbm_id0 cbbm_sp_b_1 cbbm_sp_b_2lp cbbm_sp_c_1 cbbm_sp_c_2lp
m0831,monster,2,cbnm_02f_lp0 cbnm_id0
m0832,monster,3,cbnm_01f_lp0 cbnm_02f_lp0 cbnm_id0
m0833,monster,3,cbnm_01f_lp0 cbnm_02f_lp0 cbnm_id0
m0834,monster,11,cbbm_ded cbbm_dedpose cbbm_id0 cbbm_sp_b_1 cbbm_sp_b_2lp cbbm_sp_c_1 cbbm_sp_c_2lp cbbm_sp_d_1 cbbm_sp_d_2lp cbbm_trn_l_lp cbbm_trn_r_lp
m0835,monster,14,cbbm_ded cbbm_dedpose cbbm_id0 cbbm_sp_b_1 cbbm_sp_b_2lp cbbm_sp_c_1 cbbm_sp_c_2lp cbbm_sp_d_1 cbbm_sp_d_2lp cbbm_sp_e_1 cbbm_sp_e_2lp cbbm_sp_g_1 cbbm_sp_g_2lp cbbm_sp_h_2lp
m0837,monster,2,cbnm_02f_lp0 cbnm_id0
m0840,monster,0,
m0841,monster,2,cbnm_02f_lp0 cbnm_id0
m0842,monster,9,cbbm_02f_lp0 cbbm_atk1 cbbm_ded cbbm_dedpose cbbm_id0 cbbm_sp_b_1 cbbm_sp_b_2lp cbbm_sp_c_1 cbbm_sp_c_2lp
m0843,monster,5,cbbm_02f_lp0 cbbm_atk1 cbbm_ded cbbm_dedpose cbbm_id0
m0844,monster,7,cbbm_02f_lp0 cbbm_atk1 cbbm_ded cbbm_dedpose cbbm_id0 cbbm_trn_l_lp cbbm_trn_r_lp
m0845,monster,1,cbbm_id0
m0846,monster,2,cbnm_02f_lp0 cbnm_id0
m0847,monster,13,cbbm_02f_lp0 cbbm_atk1 cbbm_ded cbbm_dedpose cbbm_id0 cbbm_sp_b_1 cbbm_sp_b_2lp cbbm_sp_c_1 cbbm_sp_c_2lp cbbm_sp_d_1 cbbm_sp_d_2lp cbbm_trn_l_lp cbbm_trn_r_lp
m0848,monster,2,cbnm_02f_lp0 cbnm_id0
m0849,monster,2,cbnm_02f_lp0 cbnm_id0
m0851,monster,17,cbbm_ded cbbm_dedpose cbbm_id0 cbbm_sp_b_1 cbbm_sp_b_2lp cbbm_sp_c_1 cbbm_sp_c_2lp cbbm_sp_d_1 cbbm_sp_d_2lp cbbm_sp_e_1 cbbm_sp_e_2lp cbbm_sp_g_1 cbbm_sp_g_2lp cbbm_sp_h_1 cbbm_sp_h_2lp cbbm_sp_i_1 cbbm_sp_i_2lp
m0852,monster,8,cbbm_02f_lp0 cbbm_id0 cbbm_sp_b_1 cbbm_sp_b_2lp cbbm_sp_c_1 cbbm_sp_c_2lp cbbm_trn_l_lp cbbm_trn_r_lp
m0853,monster,13,cbbm_02f_lp0 cbbm_atk1 cbbm_ded cbbm_dedpose cbbm_id0 cbbm_sp_b_1 cbbm_sp_b_2lp cbbm_sp_c_1 cbbm_sp_c_2lp cbbm_sp_d_1 cbbm_sp_d_2lp cbbm_trn_l_lp cbbm_trn_r_lp
m0855,monster,14,cbbm_02f_lp0 cbbm_ded cbbm_dedpose cbbm_id0 cbbm_sp_b_1 cbbm_sp_b_2lp cbbm_sp_c_1 cbbm_sp_c_2lp cbbm_sp_d_1 cbbm_sp_d_2lp cbbm_sp_e_1 cbbm_sp_e_2lp cbbm_sp_g_1 cbbm_sp_g_2lp
m0856,monster,11,cbbm_02f_lp0 cbbm_atk1 cbbm_ded cbbm_dedpose cbbm_id0 cbbm_sp_b_1 cbbm_sp_b_2lp cbbm_sp_c_1 cbbm_sp_c_2lp cbbm_sp_d_1 cbbm_sp_d_2lp
m0857,monster,18,cbbm_02f_lp0 cbbm_id0 cbbm_sp_b_1 cbbm_sp_b_2lp cbbm_sp_c_1 cbbm_sp_c_2lp cbbm_sp_d_1 cbbm_sp_d_2lp cbbm_sp_e_1 cbbm_sp_e_2lp cbbm_sp_g_1 cbbm_sp_g_2lp cbbm_sp_h_1 cbbm_sp_h_2lp cbbm_sp_i_1 cbbm_sp_i_2lp cbbm_sp_j_1 cbbm_sp_j_2lp
m0858,monster,3,cbnm_01f_lp0 cbnm_02f_lp0 cbnm_id0
m0859,monster,5,cbbm_ded cbbm_dedpose cbbm_id0 cbbm_sp_c_1 cbbm_sp_c_2lp
m0860,monster,2,cbnm_02f_lp0 cbnm_id0
m0861,monster,2,cbnm_02f_lp0 cbnm_id0
m0862,monster,3,cbnm_01f_lp0 cbnm_02f_lp0 cbnm_id0
m0863,monster,2,cbnm_02f_lp0 cbnm_id0
m0864,monster,2,cbnm_02f_lp0 cbnm_id0
m0865,monster,10,cbbm_02f_lp0 cbbm_atk1 cbbm_ded cbbm_id0 cbbm_sp_b_1 cbbm_sp_b_2lp cbbm_sp_c_1 cbbm_sp_c_2lp cbbm_trn_l_lp cbbm_trn_r_lp
m0866,monster,10,cbba_add_dmg_f cbbm_01f_lp0 cbbm_02f_lp0 cbbm_atk1 cbbm_ded cbbm_dedpose cbbm_id0 cbbm_mgc_thm_3 cbbm_trn_l_lp cbbm_trn_r_lp
m0867,monster,9,cbbm_02f_lp0 cbbm_atk1 cbbm_ded cbbm_dedpose cbbm_id0 cbbm_sp_b_1 cbbm_sp_b_2lp cbbm_trn_l_lp cbbm_trn_r_lp
m0868,monster,5,cbbm_02f_lp0 cbbm_atk1 cbbm_ded cbbm_dedpose cbbm_id0
m0869,monster,21,cbba_add_dmg_f cbba_st01_add_dmg_f cbbm_02f_lp0 cbbm_atk1 cbbm_ded cbbm_dedpose cbbm_id0 cbbm_sp_a_2lp cbbm_sp_b_1 cbbm_sp_b_2lp cbbm_st01_02f_lp0 cbbm_st01_a_activ cbbm_st01_a_deact cbbm_st01_ded cbbm_st01_dedpose cbbm_st01_id0 cbbm_st01_trn_l_lp cbbm_st01_trn_r_lp cbbm_trn_l_lp cbbm_trn_r_lp cbnm_01f_lp0
m0870,monster,3,cbnm_01f_lp0 cbnm_02f_lp0 cbnm_id0
m0871,monster,8,cbbm_02f_lp0 cbbm_atk1 cbbm_dedpose cbbm_ft_ded_1 cbbm_ft_ded_2lp cbbm_ft_ded_3 cbbm_id0 cbbm_mgc_thm_3
m0872,monster,14,cbbm_ded cbbm_dedpose cbbm_id0 cbbm_sp_b_1 cbbm_sp_b_2lp cbbm_sp_c_1 cbbm_sp_c_2lp cbbm_sp_d_1 cbbm_sp_d_2lp cbbm_sp_e_2lp cbbm_sp_g_1 cbbm_sp_g_2lp cbbm_sp_h_1 cbbm_sp_h_2lp
m0873,monster,3,cbnm_01f_lp0 cbnm_02f_lp0 cbnm_id0
m0874,monster,9,cbbm_id0 cbbm_sp_b_1 cbbm_sp_b_2lp cbbm_sp_c_1 cbbm_sp_c_2lp cbbm_sp_d_1 cbbm_sp_d_2lp cbbm_sp_e_1 cbbm_sp_e_2lp
m0875,monster,0,
m0876,monster,7,cbbm_02f_lp0 cbbm_atk1 cbbm_dedpose cbbm_ft_ded_1 cbbm_ft_ded_2lp cbbm_ft_ded_3 cbbm_id0
m0877,monster,8,cbbm_02f_lp0 cbbm_atk1 cbbm_ded cbbm_dedpose cbbm_id0 cbbm_mgc_thm_3 cbnm_01f_lp0 cbnm_id0
m0878,monster,4,cbbm_02f_lp0 cbbm_ded cbbm_dedpose cbbm_id0
m0879,monster,16,cbbm_02f_lp0 cbbm_ded cbbm_dedpose cbbm_id0 cbbm_sp_b_1 cbbm_sp_b_2lp cbbm_sp_c_1 cbbm_sp_c_2lp cbbm_sp_d_1 cbbm_sp_d_2lp cbbm_sp_e_1 cbbm_sp_e_2lp cbbm_sp_g_1 cbbm_sp_g_2lp cbbm_trn_l_lp cbbm_trn_r_lp
m0880,monster,3,cbnm_01f_lp0 cbnm_02f_lp0 cbnm_id0
m0881,monster,10,cbbm_ded cbbm_dedpose cbbm_id0 cbbm_sp_b_1 cbbm_sp_b_2lp cbbm_sp_c_1 cbbm_sp_c_2lp cbbm_sp_d_2lp cbbm_sp_e_1 cbbm_sp_e_2lp
m0882,monster,13,cbbm_02f_lp0 cbbm_atk1 cbbm_ded cbbm_dedpose cbbm_id0 cbbm_sp_b_1 cbbm_sp_b_2lp cbbm_sp_c_1 cbbm_sp_c_2lp cbbm_sp_d_1 cbbm_sp_d_2lp cbbm_trn_l_lp cbbm_trn_r_lp
m0883,monster,0,
m0884,monster,15,cbbm_02f_lp0 cbbm_atk1 cbbm_ded cbbm_dedpose cbbm_id0 cbbm_sp_b_1 cbbm_sp_b_2lp cbbm_sp_c_1 cbbm_sp_c_2lp cbbm_sp_d_1 cbbm_sp_d_2lp cbbm_sp_e_1 cbbm_sp_e_2lp cbbm_sp_g_1 cbbm_sp_g_2lp
m0885,monster,2,cbnm_02f_lp0 cbnm_id0
m0886,monster,2,cbnm_02f_lp0 cbnm_id0
m0887,monster,13,cbba_add_dmg_f cbbm_02f_lp0 cbbm_atk1 cbbm_ded cbbm_dedpose cbbm_id0 cbbm_sp_b_1 cbbm_sp_b_2lp cbbm_trn_l_lp cbbm_trn_r_lp cbnm_01f_lp0 cbnm_02f_lp0 cbnm_id0
m0888,monster,16,cbbm_02f_lp0 cbbm_ded cbbm_dedpose cbbm_id0 cbbm_sp_b_1 cbbm_sp_b_2lp cbbm_sp_c_1 cbbm_sp_c_2lp cbbm_sp_d_1 cbbm_sp_d_2lp cbbm_sp_e_1 cbbm_sp_e_2lp cbbm_sp_g_1 cbbm_sp_g_2lp cbbm_sp_h_1 cbbm_sp_h_2lp
m0889,monster,9,cbbm_ded cbbm_dedpose cbbm_id0 cbbm_sp_b_1 cbbm_sp_b_2lp cbbm_sp_c_1 cbbm_sp_c_2lp cbbm_sp_d_1 cbbm_sp_d_2lp
m0890,monster,7,cbbm_02f_lp0 cbbm_atk1 cbbm_id0 cbbm_sp_b_2lp cbbm_sp_c_2lp cbbm_trn_l_lp cbbm_trn_r_lp
m0891,monster,2,cbnm_02f_lp0 cbnm_id0
m0892,monster,3,cbnm_01f_lp0 cbnm_02f_lp0 cbnm_id0
m0893,monster,2,cbnm_02f_lp0 cbnm_id0
m0894,monster,10,cbba_add_dmg_f cbbm_02f_lp0 cbbm_atk1 cbbm_ded cbbm_dedpose cbbm_id0 cbbm_trn_l_lp cbbm_trn_r_lp cbnm_01f_lp0 cbnm_id0
m0895,monster,11,cbba_add_dmg_f cbbm_02f_lp0 cbbm_atk1 cbbm_ded cbbm_dedpose cbbm_id0 cbbm_mgc_thm_3 cbbm_trn_l_lp cbbm_trn_r_lp cbnm_01f_lp0 cbnm_id0
m0896,monster,10,cbba_add_dmg_f cbbm_02f_lp0 cbbm_atk1 cbbm_ded cbbm_dedpose cbbm_id0 cbbm_trn_l_lp cbbm_trn_r_lp cbnm_01f_lp0 cbnm_id0
m0897,monster,10,cbba_add_dmg_f cbbm_02f_lp0 cbbm_atk1 cbbm_ded cbbm_dedpose cbbm_id0 cbbm_trn_l_lp cbbm_trn_r_lp cbnm_01f_lp0 cbnm_id0
m0898,monster,10,cbba_add_dmg_f cbbm_02f_lp0 cbbm_atk1 cbbm_ded cbbm_dedpose cbbm_id0 cbbm_trn_l_lp cbbm_trn_r_lp cbnm_01f_lp0 cbnm_id0
m0899,monster,12,cbbm_02f_lp0 cbbm_atk1 cbbm_ded cbbm_dedpose cbbm_id0 cbbm_sp_b_1 cbbm_sp_b_2lp cbbm_sp_c_2lp cbbm_sp_d_1 cbbm_sp_d_2lp cbbm_trn_l_lp cbbm_trn_r_lp
m0900,monster,10,cbbm_02f_lp0 cbbm_atk1 cbbm_ded cbbm_dedpose cbbm_id0 cbbm_sp_a_1 cbbm_sp_a_2lp cbbm_sp_b_1 cbbm_sp_b_2lp cbbm_sp_c_2lp
m0901,monster,17,cbba_add_dmg_f cbbm_02f_lp0 cbbm_atk1 cbbm_ded cbbm_dedpose cbbm_id0 cbbm_sp_b_1 cbbm_sp_b_2lp cbbm_sp_c_1 cbbm_sp_c_2lp cbbm_sp_d_1 cbbm_sp_d_2lp cbbm_sp_e_2lp cbbm_sp_g_1 cbbm_sp_g_2lp cbbm_trn_l_lp cbbm_trn_r_lp
m0902,monster,10,cbba_add_dmg_f cbbm_02f_lp0 cbbm_atk1 cbbm_ded cbbm_dedpose cbbm_id0 cbbm_sp_b_1 cbbm_sp_b_2lp cbbm_trn_l_lp cbbm_trn_r_lp
m0903,monster,3,cbbm_id0 cbbm_slide_02l_lp0 cbbm_slide_02r_lp0
m0904,monster,6,cbba_add_dmg_f cbbm_02f_lp0 cbbm_ded cbbm_dedpose cbbm_id0 cbbm_sp_f_2lp
m0905,monster,19,cbbm_02f_lp0 cbbm_atk1 cbbm_ded cbbm_dedpose cbbm_id0 cbbm_sp_b_1 cbbm_sp_b_2lp cbbm_sp_c_1 cbbm_sp_c_2lp cbbm_sp_d_1 cbbm_sp_d_2lp cbbm_sp_e_1 cbbm_sp_e_2lp cbbm_sp_g_1 cbbm_sp_g_2lp cbbm_sp_h_1 cbbm_sp_h_2lp cbbm_trn_l_lp cbbm_trn_r_lp
m0906,monster,11,cbbm_02f_lp0 cbbm_atk1 cbbm_ded cbbm_dedpose cbbm_id0 cbbm_sp_a_1 cbbm_sp_a_2lp cbbm_sp_b_1 cbbm_sp_b_2lp cbbm_trn_l_lp cbbm_trn_r_lp
m0907,monster,3,cbnm_01f_lp0 cbnm_02f_lp0 cbnm_id0
m0908,monster,1,cbbm_id0
m0909,monster,7,cbbm_02f_lp0 cbbm_atk1 cbbm_ded cbbm_dedpose cbbm_id0 cbnm_01f_lp0 cbnm_id0
m0911,monster,2,cbnm_01f_lp0 cbnm_id0
m0912,monster,1,cbbm_id0
m0913,monster,1,cbbm_id0
m0914,monster,9,cbbm_02f_lp0 cbbm_atk1 cbbm_ded cbbm_dedpose cbbm_id0 cbbm_sp_b_1 cbbm_sp_b_2lp cbbm_sp_c_1 cbbm_sp_c_2lp
m0915,monster,8,cbbm_02f_lp0 cbbm_ded cbbm_dedpose cbbm_id0 cbbm_sp_b_1 cbbm_sp_b_2lp cbbm_sp_c_1 cbbm_sp_c_2lp
m0916,monster,2,cbnm_02f_lp0 cbnm_id0
m0917,monster,3,cbnm_01f_lp0 cbnm_02f_lp0 cbnm_id0
m0918,monster,3,cbnm_01f_lp0 cbnm_02f_lp0 cbnm_id0
m0919,monster,0,
m0920,monster,23,cbbm_02f_lp0 cbbm_atk1 cbbm_ded cbbm_dedpose cbbm_id0 cbbm_sp_b_1 cbbm_sp_b_2lp cbbm_sp_c_1 cbbm_sp_c_2lp cbbm_sp_d_1 cbbm_sp_d_2lp cbbm_sp_e_1 cbbm_sp_e_2lp cbbm_sp_g_1 cbbm_sp_g_2lp cbbm_sp_h_1 cbbm_sp_h_2lp cbbm_sp_i_1 cbbm_sp_i_2lp cbbm_sp_j_1 cbbm_sp_j_2lp cbbm_trn_l_lp cbbm_trn_r_lp
m0921,monster,7,cbbm_02f_lp0 cbbm_atk1 cbbm_ded cbbm_dedpose cbbm_id0 cbbm_trn_l_lp cbbm_trn_r_lp
m0922,monster,12,cbbm_02f_lp0 cbbm_ded cbbm_dedpose cbbm_id0 cbbm_sp_b_1 cbbm_sp_b_2lp cbbm_sp_c_1 cbbm_sp_c_2lp cbbm_sp_d_1 cbbm_sp_d_2lp cbbm_trn_l_lp cbbm_trn_r_lp
m0923,monster,2,cbnm_02f_lp0 cbnm_id0
m0924,monster,2,cbnm_02f_lp0 cbnm_id0
m0925,monster,4,cbba_add_dmg_f cbbm_ded cbbm_dedpose cbbm_id0
m0926,monster,17,cbbm_02f_lp0 cbbm_atk1 cbbm_ded cbbm_dedpose cbbm_id0 cbbm_sp_b_1 cbbm_sp_b_2lp cbbm_sp_c_1 cbbm_sp_c_2lp cbbm_sp_d_1 cbbm_sp_d_2lp cbbm_sp_e_1 cbbm_sp_e_2lp cbbm_sp_g_1 cbbm_sp_g_2lp cbbm_trn_l_lp cbbm_trn_r_lp
m0927,monster,5,cbbm_02f_lp0 cbbm_atk1 cbbm_ded cbbm_dedpose cbbm_id0
m0928,monster,11,cbbm_02f_lp0 cbbm_atk1 cbbm_ded cbbm_dedpose cbbm_id0 cbbm_sp_b_1 cbbm_sp_b_2lp cbbm_sp_c_1 cbbm_sp_c_2lp cbbm_trn_l_lp cbbm_trn_r_lp
m0929,monster,9,cbbm_ded cbbm_dedpose cbbm_id0 cbbm_sp_b_1 cbbm_sp_b_2lp cbbm_sp_c_1 cbbm_sp_c_2lp cbbm_trn_l_lp cbbm_trn_r_lp
m0930,monster,2,cbnm_02f_lp0 cbnm_id0
m0931,monster,2,cbnm_02f_lp0 cbnm_id0
m0932,monster,2,cbnm_02f_lp0 cbnm_id0
m0933,monster,17,cbbm_02f_lp0 cbbm_atk1 cbbm_ded cbbm_dedpose cbbm_id0 cbbm_sp_c_1 cbbm_sp_c_2lp cbbm_sp_d_1 cbbm_sp_d_2lp cbbm_sp_e_1 cbbm_sp_e_2lp cbbm_sp_g_1 cbbm_sp_g_2lp cbbm_sp_h_1 cbbm_sp_h_2lp cbbm_trn_l_lp cbbm_trn_r_lp
m0934,monster,21,cbbm_02f_lp0 cbbm_atk1 cbbm_ded cbbm_dedpose cbbm_id0 cbbm_sp_b_1 cbbm_sp_b_2lp cbbm_sp_c_1 cbbm_sp_c_2lp cbbm_sp_d_1 cbbm_sp_d_2lp cbbm_sp_e_1 cbbm_sp_e_2lp cbbm_sp_g_1 cbbm_sp_g_2lp cbbm_sp_h_1 cbbm_sp_h_2lp cbbm_sp_i_1 cbbm_sp_i_2lp cbbm_trn_l_lp cbbm_trn_r_lp
m0935,monster,12,cbbm_02f_lp0 cbbm_atk1 cbbm_ded cbbm_dedpose cbbm_id0 cbbm_sp_b_2lp cbbm_sp_c_1 cbbm_sp_c_2lp cbbm_sp_d_1 cbbm_sp_d_2lp cbbm_trn_l_lp cbbm_trn_r_lp
m0936,monster,0,
m0937,monster,9,cbbm_02f_lp0 cbbm_atk1 cbbm_ded cbbm_dedpose cbbm_id0 cbbm_sp_b_1 cbbm_sp_b_2lp cbbm_sp_c_1 cbbm_sp_c_2lp
m0938,monster,0,
m0939,monster,0,
m0941,monster,6,cbbm_02f_lp0 cbbm_ded cbbm_dedpose cbbm_id0 cbbm_sp_b_1 cbbm_sp_b_2lp
m0942,monster,9,cbba_add_dmg_f cbbm_02f_lp0 cbbm_ded cbbm_dedpose cbbm_id0 cbbm_sp_b_1 cbbm_sp_b_2lp cbnm_01f_lp0 cbnm_id0
m0943,monster,3,cbbm_id0 cbbm_sp_b_1 cbbm_sp_b_2lp
m0945,monster,13,cbbm_ded cbbm_dedpose cbbm_id0 cbbm_slide_02l_lp0 cbbm_slide_02r_lp0 cbbm_sp_b_1 cbbm_sp_b_2lp cbbp_u_sp_a_1 cbbp_u_sp_a_2lp cbbp_u_sp_b_1 cbbp_u_sp_b_2lp cbbp_u_sp_c_1 cbbp_u_sp_c_2lp
m0946,monster,11,cbbm_ded cbbm_dedpose cbbm_id0 cbbm_sp_a_short_1 cbbm_sp_a_short_2lp cbbm_sp_b_1 cbbm_sp_b_2lp cbbm_sp_c_1 cbbm_sp_c_2lp cbbm_sp_d_1 cbbm_sp_d_2lp
m0947,monster,10,cbbm_02f_lp0 cbbm_ded cbbm_dedpose cbbm_id0 cbbm_sp_b_1 cbbm_sp_b_2lp cbbm_sp_c_1 cbbm_sp_c_2lp cbbm_trn_l_lp cbbm_trn_r_lp
m0948,monster,2,cbnm_02f_lp0 cbnm_id0
m0949,monster,3,cbnm_01f_lp0 cbnm_02f_lp0 cbnm_id0
m0950,monster,2,cbnm_02f_lp0 cbnm_id0
m0951,monster,7,cbbm_ded cbbm_dedpose cbbm_id0 cbbm_sp_b_1 cbbm_sp_b_2lp cbbm_sp_c_1 cbbm_sp_c_2lp
m0952,monster,7,cbbm_02f_lp0 cbbm_atk1 cbbm_ded cbbm_dedpose cbbm_id0 cbbm_trn_l_lp cbbm_trn_r_lp
m0953,monster,5,cbbm_ded cbbm_dedpose cbbm_id0 cbbm_sp_b_1 cbbm_sp_b_2lp
m0954,monster,6,cbbm_02f_lp0 cbbm_ded cbbm_dedpose cbbm_id0 cbbm_trn_l_lp cbbm_trn_r_lp
m0955,monster,7,cbbm_02f_lp0 cbbm_atk1 cbbm_ded cbbm_dedpose cbbm_id0 cbbm_trn_l_lp cbbm_trn_r_lp
m0956,monster,7,cbbm_02f_lp0 cbbm_atk1 cbbm_ded cbbm_dedpose cbbm_id0 cbbm_trn_l_lp cbbm_trn_r_lp
m0957,monster,7,cbbm_02f_lp0 cbbm_atk1 cbbm_ded cbbm_dedpose cbbm_id0 cbbm_trn_l_lp cbbm_trn_r_lp
m0958,monster,1,cbnm_id0
m0960,monster,3,cbnm_01f_lp0 cbnm_02f_lp0 cbnm_id0
m0961,monster,7,cbbm_02f_lp0 cbbm_atk1 cbbm_ded cbbm_dedpose cbbm_id0 cbbm_trn_l_lp cbbm_trn_r_lp
m0963,monster,2,cbbm_02f_lp0 cbbm_id0
m0964,monster,1,cbbm_id0
m0966,monster,16,cbfa_add_all cbfa_add_chest_normal_long cbfa_add_chest_normal_middle cbfa_add_chest_normal_short cbfa_add_chest_shout_long cbfa_add_chest_shout_middle cbfa_add_chest_shout_short cbfa_add_chest_whisper_long cbfa_add_chest_whisper_middle cbfa_add_chest_whisper_short cbnm_01f_lp0 cbnm_02f_lp0 cbnm_id0 cbnm_sprint_lp0 cbnm_trn_l_lp cbnm_trn_r_lp
m0967,monster,12,cbbm_id0 cbnm_01b_lp0 cbnm_01f_lp0 cbnm_01l_lp0 cbnm_01r_lp0 cbnm_02f_lp0 cbnm_02l_lp0 cbnm_02r_lp0 cbnm_id0 cbnm_jump_1 cbnm_jump_2 cbnm_jump_3
m0968,monster,2,cbnm_02f_lp0 cbnm_id0
m0969,monster,11,cbbm_ded cbbm_dedpose cbbm_id0 cbbm_sp_b_1 cbbm_sp_b_2lp cbbm_sp_c_1 cbbm_sp_c_2lp cbbm_sp_d_1 cbbm_sp_d_2lp cbbm_sp_e_1 cbbm_sp_e_2lp
m0970,monster,8,cbbm_02f_lp0 cbbm_ded cbbm_dedpose cbbm_id0 cbbm_show_sp_a_loop cbbm_show_sp_a_start cbbm_trn_l_lp cbbm_trn_r_lp
m0971,monster,5,cbbm_ded cbbm_dedpose cbbm_id0 cbbm_sp_b_1 cbbm_sp_b_2lp
m0972,monster,5,cbbm_02f_lp0 cbbm_atk1 cbbm_ded cbbm_dedpose cbbm_id0
m0973,monster,4,cbbm_02f_lp0 cbbm_ded cbbm_dedpose cbbm_id0
m0974,monster,10,cbbm_02f_lp0 cbbm_atk1 cbbm_ded cbbm_dedpose cbbm_id0 cbbm_sp_b_1 cbbm_sp_b_2lp cbbm_trn_l_lp cbbm_trn_r_lp cbnm_01f_lp0
m0975,monster,2,cbnm_02f_lp0 cbnm_id0
m0976,monster,2,cbnm_02f_lp0 cbnm_id0
m0977,monster,2,cbnm_02f_lp0 cbnm_id0
m0979,monster,1,cbbm_id0
m0980,monster,7,cbbm_02f_lp0 cbbm_atk1 cbbm_ded cbbm_dedpose cbbm_id0 cbbm_sp_b_2lp cbbm_sp_c_2lp
m0981,monster,13,cbbm_02f_lp0 cbbm_atk1 cbbm_ded cbbm_dedpose cbbm_id0 cbbm_sp_b_1 cbbm_sp_b_2lp cbbm_sp_c_1 cbbm_sp_c_2lp cbbm_sp_d_1 cbbm_sp_d_2lp cbbm_sp_e_1 cbbm_sp_e_2lp
m0982,monster,13,cbbm_02f_lp0 cbbm_atk1 cbbm_ded cbbm_dedpose cbbm_id0 cbbm_sp_a_short2_1 cbbm_sp_a_short2_2lp cbbm_sp_b_1 cbbm_sp_b_2lp cbbm_sp_b_short2_1 cbbm_sp_b_short2_2lp cbbm_trn_l_lp cbbm_trn_r_lp
m0983,monster,9,cbbm_02f_lp0 cbbm_atk1 cbbm_ded cbbm_dedpose cbbm_id0 cbbm_sp_b_1 cbbm_sp_b_2lp cbbm_sp_c_1 cbbm_sp_c_2lp
m0984,monster,2,cbnm_02f_lp0 cbnm_id0
m0990,monster,12,cbbm_02f_lp0 cbbm_ded cbbm_dedpose cbbm_id0 cbbm_sp_b_1 cbbm_sp_b_2lp cbbm_sp_c_1 cbbm_sp_c_2lp cbbm_sp_d_1 cbbm_sp_d_2lp cbbm_sp_e_1 cbbm_sp_e_2lp
m0991,monster,2,cbnm_02f_lp0 cbnm_id0
m0992,monster,1,cbbm_id0
m0993,monster,1,cbbm_id0
m0994,monster,2,cbnm_02f_lp0 cbnm_id0
m0996,monster,1,cbnm_id0
m0997,monster,0,
m0998,monster,1,cbnm_id0
m0999,monster,1,cbbm_id0
m1000,monster,7,cbbm_ded cbbm_dedpose cbbm_id0 cbbm_sp_b_1 cbbm_sp_b_2lp cbbm_sp_c_1 cbbm_sp_c_2lp
m1001,monster,17,cbbm_02f_lp0 cbbm_atk1 cbbm_ded cbbm_dedpose cbbm_id0 cbbm_sp_b_1 cbbm_sp_b_2lp cbbm_sp_c_1 cbbm_sp_c_2lp cbbm_sp_d_1 cbbm_sp_d_2lp cbbm_sp_e_1 cbbm_sp_e_2lp cbbm_sp_g_1 cbbm_sp_g_2lp cbbm_sp_h_1 cbbm_sp_h_2lp
m1002,monster,14,cbbm_02f_lp0 cbbm_ded cbbm_dedpose cbbm_id0 cbbm_sp_b_1 cbbm_sp_b_2lp cbbm_sp_c_1 cbbm_sp_c_2lp cbbm_sp_d_1 cbbm_sp_d_2lp cbbm_sp_e_1 cbbm_sp_e_2lp cbbm_trn_l_lp cbbm_trn_r_lp
m1003,monster,1,cbbm_id0
m1004,monster,6,cbbm_02f_lp0 cbbm_id0 cbbm_sp_b_1 cbbm_sp_b_2lp cbbm_sp_c_1 cbbm_sp_c_2lp
m1005,monster,11,cbbm_02f_lp0 cbbm_atk1 cbbm_ded cbbm_dedpose cbbm_id0 cbbm_sp_b_1 cbbm_sp_b_2lp cbbm_sp_c_1 cbbm_sp_c_2lp cbbm_sp_d_1 cbbm_sp_d_2lp
m1007,monster,8,cbbm_02f_lp0 cbbm_ded cbbm_dedpose cbbm_id0 cbbm_sp_b_1 cbbm_sp_b_2lp cbbm_sp_c_1 cbbm_sp_c_2lp
m1009,monster,0,
m1016,monster,7,cbba_add_dmg_f cbbm_02f_lp0 cbbm_ded cbbm_dedpose cbbm_id0 cbbm_trn_l_lp cbbm_trn_r_lp
m1017,monster,8,cbba_add_dmg_f cbbm_ded cbbm_dedpose cbbm_id0 cbbm_sp_b_1 cbbm_sp_b_2lp cbbm_trn_l_lp cbbm_trn_r_lp
m1019,monster,5,cbbm_02f_lp0 cbbm_atk1 cbbm_ded cbbm_dedpose cbbm_id0
m1020,monster,1,cbbm_id0
m1031,monster,1,cbbm_id0
m7001,monster,7,cbba_add_dmg_f cbbm_02f_lp0 cbbm_ft_ded_1 cbbm_ft_ded_2lp cbbm_ft_ded_3 cbbm_id0 cbbm_sp_a_2lp
m7002,monster,15,cbba_add_dmg_f cbbm_02f_lp0 cbbm_atk1 cbbm_atk2 cbbm_atk3 cbbm_ded cbbm_dedpose cbbm_id0 cbbm_mgc_thm_1 cbbm_mgc_thm_2lp cbbm_mgc_thm_3 cbbm_sp_a_1 cbbm_sp_a_2lp cbbm_sp_b_2lp cbnm_01f_lp0
m7006,monster,8,cbba_add_dmg_f cbbm_02f_lp0 cbbm_atk1 cbbm_dedpose cbbm_ft_ded_1 cbbm_ft_ded_2lp cbbm_ft_ded_3 cbbm_mgc_thm_2lp
m7007,monster,9,cbba_add_dmg_f cbbm_02f_lp0 cbbm_atk1 cbbm_dedpose cbbm_ft_ded_1 cbbm_ft_ded_2lp cbbm_ft_ded_3 cbbm_id0 cbbm_mgc_thm_3
m7008,monster,10,cbba_add_dmg_f cbbm_02f_lp0 cbbm_atk1 cbbm_dedpose cbbm_ft_ded_1 cbbm_ft_ded_2lp cbbm_ft_ded_3 cbbm_id0 cbbm_mgc_thm_2lp cbbm_mgc_thm_3
m7101,monster,6,cbba_add_dmg_f cbbm_dedpose cbbm_ft_ded_1 cbbm_ft_ded_2lp cbbm_ft_ded_3 cbbm_id0
m7102,monster,6,cbbm_02f_lp0 cbbm_dedpose cbbm_ft_ded_1 cbbm_ft_ded_2lp cbbm_ft_ded_3 cbbm_id0
m7103,monster,5,cbbm_ded cbbm_dedpose cbbm_id0 cbnm_ded cbnm_dedpose
m7104,monster,4,cbbm_02f_lp0 cbbm_ded cbbm_dedpose cbbm_id0
m7105,monster,6,cbbm_02f_lp0 cbbm_dedpose cbbm_ft_ded_1 cbbm_ft_ded_2lp cbbm_ft_ded_3 cbbm_id0
m7106,monster,6,cbbm_02f_lp0 cbbm_dedpose cbbm_ft_ded_1 cbbm_ft_ded_2lp cbbm_ft_ded_3 cbbm_id0
m7107,monster,3,cbbm_ded cbbm_dedpose cbbm_id0
m7108,monster,5,cbbm_dedpose cbbm_ft_ded_1 cbbm_ft_ded_2lp cbbm_ft_ded_3 cbbm_id0
m7109,monster,3,cbbm_ded cbbm_dedpose cbbm_id0
m7110,monster,4,cbbm_02f_lp0 cbbm_ded cbbm_dedpose cbbm_id0
m7111,monster,5,cbbm_ded cbbm_dedpose cbbm_id0 cbnm_ded cbnm_dedpose
m8001,monster,4,cbbm_02f_lp0 cbfa_add_all cbnm_id0 cbnm_idact1
m8002,monster,3,cbbm_02f_lp0 cbnm_id0 cbnm_idact1
m8003,monster,3,cbnm_02f_lp0 cbnm_id0 cbnm_idact1
m8004,monster,3,cbnm_02f_lp0 cbnm_id0 cbnm_idact1
m8005,monster,3,cbnm_02f_lp0 cbnm_id0 cbnm_idact1
m8006,monster,3,cbnm_02f_lp0 cbnm_id0 cbnm_idact1
m8007,monster,3,cbnm_02f_lp0 cbnm_id0 cbnm_idact1
m8008,monster,3,cbnm_02f_lp0 cbnm_id0 cbnm_idact1
m8009,monster,3,cbnm_02f_lp0 cbnm_id0 cbnm_idact1
m8010,monster,3,cbnm_02f_lp0 cbnm_id0 cbnm_idact1
m8011,monster,4,cbnm_02f_lp0 cbnm_id0 cbnm_idact1 cbnm_idact2
m8012,monster,4,cbnm_02f_lp0 cbnm_id0 cbnm_idact1 cbnm_idact2
m8013,monster,6,cbbm_02f_lp0 cbnm_01f_lp0 cbnm_id0 cbnm_idact1 cbnm_idact2 cbnm_idact3
m8015,monster,4,cbnm_02f_lp0 cbnm_id0 cbnm_idact1 cbnm_idact2
m8016,monster,3,cbnm_02f_lp0 cbnm_id0 cbnm_idact1
m8017,monster,4,cbnm_02f_lp0 cbnm_id0 cbnm_idact1 cbnm_idact2
m8018,monster,4,cbnm_02f_lp0 cbnm_id0 cbnm_idact1 cbnm_idact2
m8019,monster,3,cbnm_02f_lp0 cbnm_id0 cbnm_idact1
m8020,monster,3,cbnm_02f_lp0 cbnm_id0 cbnm_idact1
m8021,monster,4,cbbm_02f_lp0 cbnm_id0 cbnm_idact1 cbnm_idact2
m8022,monster,3,cbnm_02f_lp0 cbnm_id0 cbnm_idact1
m8023,monster,3,cbnm_02f_lp0 cbnm_id0 cbnm_idact1
m8024,monster,4,cbnm_02f_lp0 cbnm_id0 cbnm_idact1 cbnm_idact2
m8025,monster,3,cbnm_02f_lp0 cbnm_id0 cbnm_idact1
m8026,monster,3,cbbm_02f_lp0 cbnm_id0 cbnm_idact1
m8027,monster,3,cbnm_02f_lp0 cbnm_id0 cbnm_idact1
m8028,monster,5,cbbm_02f_lp0 cbnm_id0 cbnm_idact1 cbnm_idact2 cbnm_idact3
m8029,monster,3,cbnm_02f_lp0 cbnm_id0 cbnm_idact1
m8030,monster,4,cbnm_02f_lp0 cbnm_id0 cbnm_idact1 cbnm_idact2
m8031,monster,4,cbnm_02f_lp0 cbnm_id0 cbnm_idact1 cbnm_idact2
m8032,monster,3,cbnm_02f_lp0 cbnm_id0 cbnm_idact1
m8033,monster,4,cbnm_02f_lp0 cbnm_id0 cbnm_idact1 cbnm_idact2
m8034,monster,4,cbnm_02f_lp0 cbnm_id0 cbnm_idact1 cbnm_idact2
m8035,monster,3,cbnm_02f_lp0 cbnm_id0 cbnm_idact1
m8036,monster,4,cbfa_add_all cbnm_02f_lp0 cbnm_id0 cbnm_idact1
m8037,monster,5,cbnm_02f_lp0 cbnm_id0 cbnm_idact1 cbnm_idact2 cbnm_idact3
m8038,monster,4,cbnm_02f_lp0 cbnm_id0 cbnm_idact1 cbnm_idact2
m8039,monster,4,cbbm_02f_lp0 cbnm_id0 cbnm_idact1 cbnm_idact2
m8040,monster,3,cbnm_02f_lp0 cbnm_id0 cbnm_idact1
m8041,monster,4,cbnm_02f_lp0 cbnm_id0 cbnm_idact1 cbnm_idact2
m8042,monster,4,cbnm_02f_lp0 cbnm_id0 cbnm_idact1 cbnm_idact2
m8043,monster,3,cbnm_02f_lp0 cbnm_id0 cbnm_idact1
m8044,monster,4,cbnm_02f_lp0 cbnm_id0 cbnm_idact1 cbnm_idact2
m8045,monster,4,cbnm_02f_lp0 cbnm_id0 cbnm_idact1 cbnm_idact2
m8046,monster,3,cbnm_02f_lp0 cbnm_id0 cbnm_idact1
m8047,monster,3,cbnm_02f_lp0 cbnm_id0 cbnm_idact1
m8048,monster,3,cbnm_02f_lp0 cbnm_id0 cbnm_idact1
m8049,monster,3,cbnm_02f_lp0 cbnm_id0 cbnm_idact1
m8050,monster,6,cbbm_02f_lp0 cbnm_02f_lp0 cbnm_id0 cbnm_idact1 cbnm_idact2 cbnm_idact3
m8051,monster,3,cbnm_02f_lp0 cbnm_id0 cbnm_idact1
m8052,monster,4,cbnm_02f_lp0 cbnm_id0 cbnm_idact1 cbnm_idact2
m8053,monster,3,cbnm_02f_lp0 cbnm_id0 cbnm_idact1
m8054,monster,3,cbnm_02f_lp0 cbnm_id0 cbnm_idact1
m8055,monster,3,cbnm_02f_lp0 cbnm_id0 cbnm_idact1
m8056,monster,3,cbnm_02f_lp0 cbnm_id0 cbnm_idact1
m8057,monster,2,cbnm_id0 cbnm_idact1
m8058,monster,2,cbnm_id0 cbnm_idact1
m8059,monster,3,cbnm_02f_lp0 cbnm_id0 cbnm_idact1
m8060,monster,3,cbbm_02f_lp0 cbnm_id0 cbnm_idact1
m8061,monster,3,cbbm_02f_lp0 cbnm_id0 cbnm_idact1
m8062,monster,3,cbbm_02f_lp0 cbnm_id0 cbnm_idact1
m8063,monster,3,cbnm_02f_lp0 cbnm_id0 cbnm_idact1
m8064,monster,4,cbnm_02f_lp0 cbnm_id0 cbnm_idact1 cbnm_idact2
m8065,monster,3,cbnm_02f_lp0 cbnm_id0 cbnm_idact1
m8066,monster,5,cbnm_02f_lp0 cbnm_id0 cbnm_idact1 cbnm_idact2 cbnm_idact3
m8067,monster,4,cbbm_02f_lp0 cbnm_02f_lp0 cbnm_id0 cbnm_idact1
m8068,monster,3,cbnm_02f_lp0 cbnm_id0 cbnm_idact1
m8069,monster,3,cbnm_02f_lp0 cbnm_id0 cbnm_idact1
m8070,monster,4,cbnm_02f_lp0 cbnm_id0 cbnm_idact1 cbnm_idact2
m8071,monster,4,cbbm_02f_lp0 cbnm_02f_lp0 cbnm_id0 cbnm_idact1
m8072,monster,3,cbnm_02f_lp0 cbnm_id0 cbnm_idact1
m8073,monster,3,cbnm_02f_lp0 cbnm_id0 cbnm_idact1
m8074,monster,3,cbnm_02f_lp0 cbnm_id0 cbnm_idact1
m8075,monster,3,cbnm_02f_lp0 cbnm_id0 cbnm_idact1
m8076,monster,3,cbnm_02f_lp0 cbnm_id0 cbnm_idact1
m8077,monster,3,cbnm_02f_lp0 cbnm_id0 cbnm_idact1
m8078,monster,3,cbnm_02f_lp0 cbnm_id0 cbnm_idact1
m8079,monster,5,cbnm_02f_lp0 cbnm_id0 cbnm_idact1 cbnm_idact2 cbnm_idact3
m8080,monster,3,cbnm_02f_lp0 cbnm_id0 cbnm_idact1
m8081,monster,3,cbnm_02f_lp0 cbnm_id0 cbnm_idact1
m8082,monster,4,cbnm_02f_lp0 cbnm_id0 cbnm_idact1 cbnm_idact2
m8083,monster,3,cbnm_02f_lp0 cbnm_id0 cbnm_idact1
m8084,monster,3,cbnm_02f_lp0 cbnm_id0 cbnm_idact1
m8085,monster,3,cbnm_02f_lp0 cbnm_id0 cbnm_idact1
m8086,monster,4,cbbm_02f_lp0 cbnm_id0 cbnm_idact1 cbnm_idact2
m8087,monster,3,cbnm_02f_lp0 cbnm_id0 cbnm_idact1
m8089,monster,4,cbnm_02f_lp0 cbnm_id0 cbnm_idact1 cbnm_idact2
m8091,monster,4,cbnm_02f_lp0 cbnm_id0 cbnm_idact1 cbnm_idact2
m8092,monster,3,cbnm_02f_lp0 cbnm_id0 cbnm_idact1
m8093,monster,4,cbnm_02f_lp0 cbnm_id0 cbnm_idact1 cbnm_idact2
m8094,monster,3,cbnm_02f_lp0 cbnm_id0 cbnm_idact1
m8095,monster,3,cbnm_02f_lp0 cbnm_id0 cbnm_idact1
m8096,monster,3,cbnm_02f_lp0 cbnm_id0 cbnm_idact1
m8097,monster,5,cbbm_02f_lp0 cbfa_add_all cbnm_id0 cbnm_idact1 cbnm_idact2
m8098,monster,4,cbnm_02f_lp0 cbnm_id0 cbnm_idact1 cbnm_idact2
m8099,monster,4,cbnm_02f_lp0 cbnm_id0 cbnm_idact1 cbnm_idact2
m8100,monster,3,cbnm_02f_lp0 cbnm_id0 cbnm_idact1
m8101,monster,4,cbnm_02f_lp0 cbnm_id0 cbnm_idact1 cbnm_idact2
m8102,monster,3,cbnm_02f_lp0 cbnm_id0 cbnm_idact1
m8103,monster,4,cbnm_02f_lp0 cbnm_id0 cbnm_idact1 cbnm_idact2
m8104,monster,3,cbnm_02f_lp0 cbnm_id0 cbnm_idact1
m8105,monster,3,cbnm_02f_lp0 cbnm_id0 cbnm_idact1
m8106,monster,3,cbnm_02f_lp0 cbnm_id0 cbnm_idact1
m8107,monster,4,cbnm_02f_lp0 cbnm_id0 cbnm_idact1 cbnm_idact2
m8108,monster,4,cbnm_02f_lp0 cbnm_id0 cbnm_idact1 cbnm_idact2
m8109,monster,4,cbnm_02f_lp0 cbnm_id0 cbnm_idact1 cbnm_idact2
m8110,monster,4,cbnm_02f_lp0 cbnm_id0 cbnm_idact1 cbnm_idact2
m8111,monster,3,cbbm_02f_lp0 cbnm_id0 cbnm_idact1
m8112,monster,3,cbnm_02f_lp0 cbnm_id0 cbnm_idact1
m8113,monster,4,cbnm_02f_lp0 cbnm_id0 cbnm_idact1 cbnm_idact2
m8114,monster,3,cbnm_02f_lp0 cbnm_id0 cbnm_idact1
m8115,monster,3,cbnm_02f_lp0 cbnm_id0 cbnm_idact1
m8116,monster,4,cbbm_02f_lp0 cbnm_id0 cbnm_idact1 cbnm_idact2
m8117,monster,4,cbnm_02f_lp0 cbnm_id0 cbnm_idact1 cbnm_idact2
m8118,monster,3,cbnm_02f_lp0 cbnm_id0 cbnm_idact1
m8119,monster,3,cbnm_02f_lp0 cbnm_id0 cbnm_idact1
m8120,monster,3,cbnm_02f_lp0 cbnm_id0 cbnm_idact1
m8121,monster,3,cbnm_02f_lp0 cbnm_id0 cbnm_idact1
m8122,monster,4,cbnm_02f_lp0 cbnm_id0 cbnm_idact1 cbnm_idact2
m8123,monster,4,cbnm_02f_lp0 cbnm_id0 cbnm_idact1 cbnm_idact2
m8124,monster,4,cbnm_02f_lp0 cbnm_id0 cbnm_idact1 cbnm_idact2
m8125,monster,4,cbnm_02f_lp0 cbnm_id0 cbnm_idact1 cbnm_idact2
m8126,monster,4,cbnm_02f_lp0 cbnm_id0 cbnm_idact1 cbnm_idact2
m8128,monster,3,cbnm_02f_lp0 cbnm_id0 cbnm_idact1
m8129,monster,3,cbbm_02f_lp0 cbnm_id0 cbnm_idact1
m8130,monster,3,cbnm_02f_lp0 cbnm_id0 cbnm_idact1
m8131,monster,4,cbbm_02f_lp0 cbnm_id0 cbnm_idact1 cbnm_idact2
m8132,monster,3,cbnm_02f_lp0 cbnm_id0 cbnm_idact1
m8133,monster,3,cbnm_02f_lp0 cbnm_id0 cbnm_idact1
m8134,monster,3,cbnm_02f_lp0 cbnm_id0 cbnm_idact1
m8135,monster,3,cbnm_02f_lp0 cbnm_id0 cbnm_idact1
m8136,monster,3,cbnm_02f_lp0 cbnm_id0 cbnm_idact1
m8137,monster,3,cbbm_02f_lp0 cbnm_id0 cbnm_idact1
m8139,monster,4,cbnm_02f_lp0 cbnm_id0 cbnm_idact1 cbnm_idact2
m8140,monster,3,cbnm_02f_lp0 cbnm_id0 cbnm_idact1
m8141,monster,3,cbnm_02f_lp0 cbnm_id0 cbnm_idact1
m8142,monster,3,cbnm_02f_lp0 cbnm_id0 cbnm_idact1
m8143,monster,3,cbnm_02f_lp0 cbnm_id0 cbnm_idact1
m8144,monster,3,cbnm_02f_lp0 cbnm_id0 cbnm_idact1
m8145,monster,3,cbnm_02f_lp0 cbnm_id0 cbnm_idact1
m8146,monster,3,cbnm_02f_lp0 cbnm_id0 cbnm_idact1
m8147,monster,3,cbnm_02f_lp0 cbnm_id0 cbnm_idact1
m8148,monster,4,cbnm_02f_lp0 cbnm_id0 cbnm_idact1 cbnm_idact2
m8149,monster,3,cbnm_02f_lp0 cbnm_id0 cbnm_idact1
m8150,monster,3,cbnm_02f_lp0 cbnm_id0 cbnm_idact1
m8151,monster,4,cbbm_02f_lp0 cbnm_02f_lp0 cbnm_id0 cbnm_idact1
m8152,monster,3,cbnm_02f_lp0 cbnm_id0 cbnm_idact1
m8153,monster,4,cbbm_02f_lp0 cbnm_02f_lp0 cbnm_id0 cbnm_idact1
m8154,monster,3,cbnm_02f_lp0 cbnm_id0 cbnm_idact1
m8156,monster,3,cbnm_02f_lp0 cbnm_id0 cbnm_idact1
m8157,monster,3,cbnm_02f_lp0 cbnm_id0 cbnm_idact1
m8158,monster,3,cbnm_02f_lp0 cbnm_id0 cbnm_idact1
m8159,monster,3,cbnm_02f_lp0 cbnm_id0 cbnm_idact1
m8160,monster,3,cbnm_02f_lp0 cbnm_id0 cbnm_idact1
m8161,monster,3,cbnm_02f_lp0 cbnm_id0 cbnm_idact1
m8162,monster,3,cbnm_02f_lp0 cbnm_id0 cbnm_idact1
m8163,monster,3,cbnm_02f_lp0 cbnm_id0 cbnm_idact1
m8164,monster,3,cbnm_02f_lp0 cbnm_id0 cbnm_idact1
m8165,monster,3,cbnm_02f_lp0 cbnm_id0 cbnm_idact1
m8166,monster,3,cbnm_02f_lp0 cbnm_id0 cbnm_idact1
m8167,monster,3,cbnm_02f_lp0 cbnm_id0 cbnm_idact1
m8168,monster,3,cbnm_02f_lp0 cbnm_id0 cbnm_idact1
m8169,monster,3,cbnm_02f_lp0 cbnm_id0 cbnm_idact1
m8170,monster,3,cbnm_02f_lp0 cbnm_id0 cbnm_idact1
m8172,monster,4,cbnm_02f_lp0 cbnm_id0 cbnm_idact1 cbnm_idact2
m8173,monster,3,cbnm_02f_lp0 cbnm_id0 cbnm_idact1
m8174,monster,4,cbnm_02f_lp0 cbnm_id0 cbnm_idact1 cbnm_idact2
m8175,monster,3,cbnm_02f_lp0 cbnm_id0 cbnm_idact1
m8176,monster,3,cbnm_02f_lp0 cbnm_id0 cbnm_idact1
m8177,monster,4,cbbm_02f_lp0 cbnm_02f_lp0 cbnm_id0 cbnm_idact1
m8178,monster,4,cbnm_02f_lp0 cbnm_id0 cbnm_idact1 cbnm_idact2
m8179,monster,3,cbnm_02f_lp0 cbnm_id0 cbnm_idact1
m8180,monster,3,cbnm_02f_lp0 cbnm_id0 cbnm_idact1
m8181,monster,3,cbbm_02f_lp0 cbnm_id0 cbnm_idact1
m8184,monster,3,cbnm_02f_lp0 cbnm_id0 cbnm_idact1
m8185,monster,3,cbnm_02f_lp0 cbnm_id0 cbnm_idact1
m8186,monster,4,cbbm_02f_lp0 cbnm_02f_lp0 cbnm_id0 cbnm_idact1
m8187,monster,3,cbbm_02f_lp0 cbnm_id0 cbnm_idact1
m8188,monster,3,cbnm_02f_lp0 cbnm_id0 cbnm_idact1
m8189,monster,3,cbnm_02f_lp0 cbnm_id0 cbnm_idact1
m8190,monster,3,cbnm_02f_lp0 cbnm_id0 cbnm_idact1
m8191,monster,3,cbnm_02f_lp0 cbnm_id0 cbnm_idact1
m8192,monster,4,cbnm_02f_lp0 cbnm_id0 cbnm_idact1 cbnm_idact2
m8193,monster,3,cbbm_02f_lp0 cbnm_id0 cbnm_idact1
m8194,monster,3,cbnm_02f_lp0 cbnm_id0 cbnm_idact1
m8195,monster,3,cbnm_02f_lp0 cbnm_id0 cbnm_idact1
m8196,monster,3,cbnm_02f_lp0 cbnm_id0 cbnm_idact1
m8198,monster,3,cbnm_02f_lp0 cbnm_id0 cbnm_idact1
m8199,monster,3,cbnm_02f_lp0 cbnm_id0 cbnm_idact1
m8200,monster,3,cbnm_02f_lp0 cbnm_id0 cbnm_idact1
m8201,monster,3,cbnm_02f_lp0 cbnm_id0 cbnm_idact1
m8202,monster,3,cbnm_02f_lp0 cbnm_id0 cbnm_idact1
m8203,monster,4,cbbm_02f_lp0 cbnm_id0 cbnm_idact1 cbnm_idact2
m8204,monster,3,cbnm_02f_lp0 cbnm_id0 cbnm_idact1
m8205,monster,3,cbnm_02f_lp0 cbnm_id0 cbnm_idact1
m8206,monster,3,cbnm_02f_lp0 cbnm_id0 cbnm_idact1
m8207,monster,3,cbnm_02f_lp0 cbnm_id0 cbnm_idact1
m8208,monster,3,cbnm_02f_lp0 cbnm_id0 cbnm_idact1
m8209,monster,3,cbnm_02f_lp0 cbnm_id0 cbnm_idact1
m8210,monster,4,cbnm_02f_lp0 cbnm_id0 cbnm_idact1 cbnm_idact2
m8211,monster,3,cbnm_02f_lp0 cbnm_id0 cbnm_idact1
m8212,monster,4,cbbm_02f_lp0 cbnm_id0 cbnm_idact1 cbnm_idact2
m8213,monster,3,cbbm_02f_lp0 cbnm_id0 cbnm_idact1
m8214,monster,3,cbnm_02f_lp0 cbnm_id0 cbnm_idact1
m8215,monster,3,cbnm_02f_lp0 cbnm_id0 cbnm_idact1
m8216,monster,4,cbbm_02f_lp0 cbnm_id0 cbnm_idact1 cbnm_idact2
m8217,monster,3,cbnm_02f_lp0 cbnm_id0 cbnm_idact1
m8218,monster,3,cbnm_02f_lp0 cbnm_id0 cbnm_idact1
m8219,monster,3,cbnm_02f_lp0 cbnm_id0 cbnm_idact1
m8220,monster,4,cbbm_02f_lp0 cbnm_id0 cbnm_idact1 cbnm_idact2
m8221,monster,3,cbnm_02f_lp0 cbnm_id0 cbnm_idact1
m8222,monster,4,cbnm_02f_lp0 cbnm_id0 cbnm_idact1 cbnm_idact2
m8223,monster,3,cbnm_02f_lp0 cbnm_id0 cbnm_idact1
m8224,monster,4,cbnm_02f_lp0 cbnm_id0 cbnm_idact1 cbnm_idact2
m8225,monster,3,cbnm_02f_lp0 cbnm_id0 cbnm_idact1
m8226,monster,3,cbbm_02f_lp0 cbnm_id0 cbnm_idact1
m8227,monster,3,cbnm_02f_lp0 cbnm_id0 cbnm_idact1
m8228,monster,3,cbnm_02f_lp0 cbnm_id0 cbnm_idact1
m8229,monster,3,cbnm_02f_lp0 cbnm_id0 cbnm_idact1
m8230,monster,3,cbnm_02f_lp0 cbnm_id0 cbnm_idact1
m8231,monster,3,cbbm_02f_lp0 cbnm_id0 cbnm_idact1
m8232,monster,3,cbnm_02f_lp0 cbnm_id0 cbnm_idact1
m8233,monster,3,cbnm_02f_lp0 cbnm_id0 cbnm_idact1
m8234,monster,3,cbnm_02f_lp0 cbnm_id0 cbnm_idact1
m8235,monster,3,cbnm_02f_lp0 cbnm_id0 cbnm_idact1
m8236,monster,3,cbnm_02f_lp0 cbnm_id0 cbnm_idact1
m8237,monster,4,cbbm_02f_lp0 cbnm_id0 cbnm_idact1 cbnm_idact2
m8238,monster,4,cbnm_02f_lp0 cbnm_id0 cbnm_idact1 cbnm_idact2
m8239,monster,3,cbbm_02f_lp0 cbnm_id0 cbnm_idact1
m8240,monster,3,cbbm_02f_lp0 cbnm_id0 cbnm_idact1
m8241,monster,3,cbnm_02f_lp0 cbnm_id0 cbnm_idact1
m8242,monster,3,cbnm_02f_lp0 cbnm_id0 cbnm_idact1
m8243,monster,4,cbnm_02f_lp0 cbnm_id0 cbnm_idact1 cbnm_idact2
m8244,monster,4,cbnm_02f_lp0 cbnm_id0 cbnm_idact1 cbnm_idact2
m8245,monster,3,cbnm_02f_lp0 cbnm_id0 cbnm_idact1
m8246,monster,3,cbnm_02f_lp0 cbnm_id0 cbnm_idact1
m8247,monster,3,cbnm_02f_lp0 cbnm_id0 cbnm_idact1
m8248,monster,4,cbnm_02f_lp0 cbnm_id0 cbnm_idact1 cbnm_idact2
m8249,monster,4,cbnm_02f_lp0 cbnm_id0 cbnm_idact1 cbnm_idact2
m8250,monster,3,cbnm_02f_lp0 cbnm_id0 cbnm_idact1
m8251,monster,3,cbnm_02f_lp0 cbnm_id0 cbnm_idact1
m8252,monster,3,cbbm_02f_lp0 cbnm_id0 cbnm_idact1
m8253,monster,4,cbnm_02f_lp0 cbnm_id0 cbnm_idact1 cbnm_idact2
m8254,monster,4,cbnm_02f_lp0 cbnm_id0 cbnm_idact1 cbnm_idact2
m8255,monster,4,cbnm_02f_lp0 cbnm_id0 cbnm_idact1 cbnm_idact2
m8256,monster,3,cbnm_02f_lp0 cbnm_id0 cbnm_idact1
m8257,monster,4,cbnm_02f_lp0 cbnm_id0 cbnm_idact1 cbnm_idact2
m8258,monster,3,cbnm_02f_lp0 cbnm_id0 cbnm_idact1
m8259,monster,3,cbnm_02f_lp0 cbnm_id0 cbnm_idact1
m8260,monster,3,cbnm_02f_lp0 cbnm_id0 cbnm_idact1
m8261,monster,4,cbbm_02f_lp0 cbnm_id0 cbnm_idact1 cbnm_idact2
m8262,monster,3,cbnm_02f_lp0 cbnm_id0 cbnm_idact1
m8263,monster,4,cbnm_02f_lp0 cbnm_id0 cbnm_idact1 cbnm_idact2
m8264,monster,3,cbnm_02f_lp0 cbnm_id0 cbnm_idact1
m8265,monster,3,cbnm_02f_lp0 cbnm_id0 cbnm_idact1
m8266,monster,4,cbnm_02f_lp0 cbnm_id0 cbnm_idact1 cbnm_idact2
m8267,monster,3,cbnm_02f_lp0 cbnm_id0 cbnm_idact1
m8268,monster,3,cbnm_02f_lp0 cbnm_id0 cbnm_idact1
m8269,monster,4,cbnm_02f_lp0 cbnm_id0 cbnm_idact1 cbnm_idact2
m8270,monster,3,cbnm_02f_lp0 cbnm_id0 cbnm_idact1
m8271,monster,4,cbnm_02f_lp0 cbnm_id0 cbnm_idact1 cbnm_idact2
m8272,monster,4,cbnm_02f_lp0 cbnm_id0 cbnm_idact1 cbnm_idact2
m8273,monster,4,cbnm_02f_lp0 cbnm_id0 cbnm_idact1 cbnm_idact2
m8274,monster,3,cbnm_02f_lp0 cbnm_id0 cbnm_idact1
m8275,monster,4,cbnm_02f_lp0 cbnm_id0 cbnm_idact1 cbnm_idact2
m8276,monster,3,cbnm_02f_lp0 cbnm_id0 cbnm_idact1
m8277,monster,4,cbbm_02f_lp0 cbnm_02f_lp0 cbnm_id0 cbnm_idact1
m8278,monster,3,cbbm_02f_lp0 cbnm_id0 cbnm_idact1
m8279,monster,3,cbnm_02f_lp0 cbnm_id0 cbnm_idact1
m8280,monster,3,cbnm_02f_lp0 cbnm_id0 cbnm_idact1
m8281,monster,3,cbnm_02f_lp0 cbnm_id0 cbnm_idact1
m8282,monster,3,cbnm_02f_lp0 cbnm_id0 cbnm_idact1
m8283,monster,4,cbnm_02f_lp0 cbnm_id0 cbnm_idact1 cbnm_idact2
m8284,monster,3,cbnm_02f_lp0 cbnm_id0 cbnm_idact1
m8285,monster,4,cbnm_02f_lp0 cbnm_id0 cbnm_idact1 cbnm_idact2
m8286,monster,4,cbbm_02f_lp0 cbnm_02f_lp0 cbnm_id0 cbnm_idact1
m8287,monster,3,cbnm_02f_lp0 cbnm_id0 cbnm_idact1
m8288,monster,3,cbnm_02f_lp0 cbnm_id0 cbnm_idact1
m8289,monster,3,cbnm_02f_lp0 cbnm_id0 cbnm_idact1
m8290,monster,3,cbnm_02f_lp0 cbnm_id0 cbnm_idact1
m8291,monster,3,cbnm_02f_lp0 cbnm_id0 cbnm_idact1
m8292,monster,3,cbnm_02f_lp0 cbnm_id0 cbnm_idact1
m8293,monster,3,cbnm_02f_lp0 cbnm_id0 cbnm_idact1
m8294,monster,3,cbnm_02f_lp0 cbnm_id0 cbnm_idact1
m8295,monster,3,cbnm_02f_lp0 cbnm_id0 cbnm_idact1
m8297,monster,4,cbbm_02f_lp0 cbnm_id0 cbnm_idact1 cbnm_idact2
m8298,monster,3,cbnm_02f_lp0 cbnm_id0 cbnm_idact1
m8299,monster,3,cbnm_02f_lp0 cbnm_id0 cbnm_idact1
m8300,monster,3,cbnm_02f_lp0 cbnm_id0 cbnm_idact1
m8301,monster,3,cbnm_02f_lp0 cbnm_id0 cbnm_idact1
m8302,monster,3,cbnm_02f_lp0 cbnm_id0 cbnm_idact1
m8303,monster,3,cbnm_02f_lp0 cbnm_id0 cbnm_idact1
m8304,monster,3,cbnm_02f_lp0 cbnm_id0 cbnm_idact1
m8305,monster,3,cbnm_02f_lp0 cbnm_id0 cbnm_idact1
m8306,monster,3,cbnm_02f_lp0 cbnm_id0 cbnm_idact1
m8307,monster,4,cbnm_02f_lp0 cbnm_id0 cbnm_idact1 cbnm_idact2
m8308,monster,3,cbnm_02f_lp0 cbnm_id0 cbnm_idact1
m8309,monster,3,cbnm_02f_lp0 cbnm_id0 cbnm_idact1
m8310,monster,3,cbnm_02f_lp0 cbnm_id0 cbnm_idact1
m8311,monster,3,cbnm_02f_lp0 cbnm_id0 cbnm_idact1
m8312,monster,3,cbnm_02f_lp0 cbnm_id0 cbnm_idact1
m8313,monster,3,cbnm_02f_lp0 cbnm_id0 cbnm_idact1
m8314,monster,3,cbnm_02f_lp0 cbnm_id0 cbnm_idact1
m8315,monster,3,cbnm_02f_lp0 cbnm_id0 cbnm_idact1
m8316,monster,3,cbnm_02f_lp0 cbnm_id0 cbnm_idact1
m8317,monster,3,cbnm_02f_lp0 cbnm_id0 cbnm_idact1
m8318,monster,3,cbbm_02f_lp0 cbnm_id0 cbnm_idact1
m8319,monster,3,cbbm_02f_lp0 cbnm_id0 cbnm_idact1
m8320,monster,4,cbbm_02f_lp0 cbnm_id0 cbnm_idact1 cbnm_idact2
m8321,monster,3,cbbm_02f_lp0 cbnm_id0 cbnm_idact1
m8322,monster,4,cbbm_02f_lp0 cbnm_id0 cbnm_idact1 cbnm_idact2
m8323,monster,4,cbbm_02f_lp0 cbnm_id0 cbnm_idact1 cbnm_idact2
m8324,monster,3,cbbm_02f_lp0 cbnm_id0 cbnm_idact1
m8325,monster,4,cbbm_02f_lp0 cbnm_id0 cbnm_idact1 cbnm_idact2
m8326,monster,4,cbbm_02f_lp0 cbnm_id0 cbnm_idact1 cbnm_idact2
m8327,monster,3,cbbm_02f_lp0 cbnm_id0 cbnm_idact1
m8328,monster,3,cbbm_02f_lp0 cbnm_id0 cbnm_idact1
m8329,monster,4,cbbm_02f_lp0 cbnm_id0 cbnm_idact1 cbnm_idact2
m8330,monster,3,cbbm_02f_lp0 cbnm_id0 cbnm_idact1
m8331,monster,3,cbbm_02f_lp0 cbnm_id0 cbnm_idact1
m8332,monster,3,cbbm_02f_lp0 cbnm_id0 cbnm_idact1
m8333,monster,3,cbbm_02f_lp0 cbnm_id0 cbnm_idact1
m8334,monster,4,cbbm_02f_lp0 cbnm_id0 cbnm_idact1 cbnm_idact2
m8335,monster,3,cbbm_02f_lp0 cbnm_id0 cbnm_idact1
m8336,monster,3,cbbm_02f_lp0 cbnm_id0 cbnm_idact1
m8337,monster,4,cbbm_02f_lp0 cbnm_id0 cbnm_idact1 cbnm_idact2
m8338,monster,3,cbbm_02f_lp0 cbnm_id0 cbnm_idact1
m8339,monster,4,cbbm_02f_lp0 cbnm_id0 cbnm_idact1 cbnm_idact2
m8340,monster,3,cbbm_02f_lp0 cbnm_id0 cbnm_idact1
m8341,monster,3,cbbm_02f_lp0 cbnm_id0 cbnm_idact1
m8342,monster,4,cbbm_02f_lp0 cbnm_id0 cbnm_idact1 cbnm_idact2
m8343,monster,4,cbbm_02f_lp0 cbnm_id0 cbnm_idact1 cbnm_idact2
m8344,monster,4,cbbm_02f_lp0 cbnm_id0 cbnm_idact1 cbnm_idact2
m8345,monster,3,cbbm_02f_lp0 cbnm_id0 cbnm_idact1
m8346,monster,3,cbbm_02f_lp0 cbnm_id0 cbnm_idact1
m8347,monster,3,cbbm_02f_lp0 cbnm_id0 cbnm_idact1
m8348,monster,4,cbbm_02f_lp0 cbnm_id0 cbnm_idact1 cbnm_idact2
m8349,monster,3,cbbm_02f_lp0 cbnm_id0 cbnm_idact1
m8350,monster,3,cbbm_02f_lp0 cbnm_id0 cbnm_idact1
m8351,monster,3,cbbm_02f_lp0 cbnm_id0 cbnm_idact1
m8352,monster,3,cbbm_02f_lp0 cbnm_id0 cbnm_idact1
m8353,monster,3,cbbm_02f_lp0 cbnm_id0 cbnm_idact1
m8354,monster,3,cbbm_02f_lp0 cbnm_id0 cbnm_idact1
m8355,monster,3,cbbm_02f_lp0 cbnm_id0 cbnm_idact1
m8356,monster,3,cbbm_02f_lp0 cbnm_id0 cbnm_idact1
m8357,monster,3,cbbm_02f_lp0 cbnm_id0 cbnm_idact1
m8358,monster,4,cbbm_02f_lp0 cbnm_id0 cbnm_idact1 cbnm_idact2
m8359,monster,4,cbbm_02f_lp0 cbnm_id0 cbnm_idact1 cbnm_idact2
m8360,monster,4,cbbm_02f_lp0 cbnm_id0 cbnm_idact1 cbnm_idact2
m8361,monster,3,cbbm_02f_lp0 cbnm_id0 cbnm_idact1
m8362,monster,3,cbbm_02f_lp0 cbnm_id0 cbnm_idact1
m8363,monster,3,cbbm_02f_lp0 cbnm_id0 cbnm_idact1
m8364,monster,3,cbbm_02f_lp0 cbnm_id0 cbnm_idact1
m8365,monster,4,cbbm_02f_lp0 cbnm_id0 cbnm_idact1 cbnm_idact2
m8366,monster,3,cbbm_02f_lp0 cbnm_id0 cbnm_idact1
m8367,monster,3,cbbm_02f_lp0 cbnm_id0 cbnm_idact1
m8368,monster,3,cbbm_02f_lp0 cbnm_id0 cbnm_idact1
m8369,monster,3,cbbm_02f_lp0 cbnm_id0 cbnm_idact1
m8370,monster,3,cbbm_02f_lp0 cbnm_id0 cbnm_idact1
m8371,monster,4,cbbm_02f_lp0 cbnm_id0 cbnm_idact1 cbnm_idact2
m8372,monster,3,cbbm_02f_lp0 cbnm_id0 cbnm_idact1
m8373,monster,2,cbnm_id0 cbnm_idact1
m8374,monster,3,cbbm_02f_lp0 cbnm_id0 cbnm_idact1
m8375,monster,4,cbbm_02f_lp0 cbnm_id0 cbnm_idact1 cbnm_idact2
m8376,monster,4,cbbm_02f_lp0 cbnm_id0 cbnm_idact1 cbnm_idact2
m8377,monster,3,cbbm_02f_lp0 cbnm_id0 cbnm_idact1
m8378,monster,3,cbbm_02f_lp0 cbnm_id0 cbnm_idact1
m8379,monster,3,cbbm_02f_lp0 cbnm_id0 cbnm_idact1
m8380,monster,3,cbbm_02f_lp0 cbnm_id0 cbnm_idact1
m8381,monster,3,cbbm_02f_lp0 cbnm_id0 cbnm_idact1
m8382,monster,4,cbbm_02f_lp0 cbnm_id0 cbnm_idact1 cbnm_idact2
m8383,monster,3,cbbm_02f_lp0 cbnm_id0 cbnm_idact1
m8384,monster,3,cbbm_02f_lp0 cbnm_id0 cbnm_idact1
m8385,monster,3,cbbm_02f_lp0 cbnm_id0 cbnm_idact1
m8386,monster,3,cbbm_02f_lp0 cbnm_id0 cbnm_idact1
m8387,monster,3,cbbm_02f_lp0 cbnm_id0 cbnm_idact1
m8388,monster,3,cbbm_02f_lp0 cbnm_id0 cbnm_idact1
m8389,monster,3,cbbm_02f_lp0 cbnm_id0 cbnm_idact1
m8390,monster,3,cbbm_02f_lp0 cbnm_id0 cbnm_idact1
m8391,monster,3,cbbm_02f_lp0 cbnm_id0 cbnm_idact1
m8392,monster,3,cbbm_02f_lp0 cbnm_id0 cbnm_idact1
m8393,monster,3,cbbm_02f_lp0 cbnm_id0 cbnm_idact1
m8394,monster,3,cbbm_02f_lp0 cbnm_id0 cbnm_idact1
m8395,monster,2,cbnm_id0 cbnm_idact1
m8396,monster,3,cbbm_02f_lp0 cbnm_id0 cbnm_idact1
m8397,monster,3,cbbm_02f_lp0 cbnm_id0 cbnm_idact1
m8398,monster,3,cbbm_02f_lp0 cbnm_id0 cbnm_idact1
m8399,monster,3,cbbm_02f_lp0 cbnm_id0 cbnm_idact1
m8400,monster,3,cbbm_02f_lp0 cbnm_id0 cbnm_idact1
m8401,monster,4,cbbm_02f_lp0 cbnm_id0 cbnm_idact1 cbnm_idact2
m8402,monster,3,cbbm_02f_lp0 cbnm_id0 cbnm_idact1
m8403,monster,3,cbbm_02f_lp0 cbnm_id0 cbnm_idact1
m8404,monster,3,cbbm_02f_lp0 cbnm_id0 cbnm_idact1
m8405,monster,3,cbbm_02f_lp0 cbnm_id0 cbnm_idact1
m8406,monster,3,cbbm_02f_lp0 cbnm_id0 cbnm_idact1
m8407,monster,3,cbbm_02f_lp0 cbnm_id0 cbnm_idact1
m8408,monster,3,cbbm_02f_lp0 cbnm_id0 cbnm_idact1
m8409,monster,3,cbbm_02f_lp0 cbnm_id0 cbnm_idact1
m8410,monster,3,cbbm_02f_lp0 cbnm_id0 cbnm_idact1
m8411,monster,3,cbbm_02f_lp0 cbnm_id0 cbnm_idact1
m8412,monster,3,cbbm_02f_lp0 cbnm_id0 cbnm_idact1
m8413,monster,4,cbbm_02f_lp0 cbnm_id0 cbnm_idact1 cbnm_idact2
m8414,monster,3,cbbm_02f_lp0 cbnm_id0 cbnm_idact1
m8415,monster,3,cbbm_02f_lp0 cbnm_id0 cbnm_idact1
m8416,monster,4,cbbm_02f_lp0 cbnm_id0 cbnm_idact1 cbnm_idact2
m8417,monster,3,cbbm_02f_lp0 cbnm_id0 cbnm_idact1
m8418,monster,3,cbbm_02f_lp0 cbnm_id0 cbnm_idact1
m8419,monster,3,cbbm_02f_lp0 cbnm_id0 cbnm_idact1
m8420,monster,3,cbbm_02f_lp0 cbnm_id0 cbnm_idact1
m8421,monster,3,cbbm_02f_lp0 cbnm_id0 cbnm_idact1
m8422,monster,3,cbbm_02f_lp0 cbnm_id0 cbnm_idact1
m8423,monster,3,cbbm_02f_lp0 cbnm_id0 cbnm_idact1
m8424,monster,3,cbbm_02f_lp0 cbnm_id0 cbnm_idact1
m8425,monster,3,cbbm_02f_lp0 cbnm_id0 cbnm_idact1
m8426,monster,3,cbbm_02f_lp0 cbnm_id0 cbnm_idact1
m8427,monster,3,cbbm_02f_lp0 cbnm_id0 cbnm_idact1
m8428,monster,3,cbbm_02f_lp0 cbnm_id0 cbnm_idact1
m8429,monster,4,cbbm_02f_lp0 cbnm_id0 cbnm_idact1 cbnm_idact2
m8430,monster,3,cbbm_02f_lp0 cbnm_id0 cbnm_idact1
m8431,monster,3,cbbm_02f_lp0 cbnm_id0 cbnm_idact1
m8432,monster,3,cbbm_02f_lp0 cbnm_id0 cbnm_idact1
m8433,monster,4,cbbm_02f_lp0 cbnm_id0 cbnm_idact1 cbnm_idact2
m8434,monster,3,cbbm_02f_lp0 cbnm_id0 cbnm_idact1
m8435,monster,3,cbbm_02f_lp0 cbnm_id0 cbnm_idact1
m8436,monster,3,cbbm_02f_lp0 cbnm_id0 cbnm_idact1
m8437,monster,3,cbbm_02f_lp0 cbnm_id0 cbnm_idact1
m8438,monster,4,cbbm_02f_lp0 cbnm_id0 cbnm_idact1 cbnm_idact2
m8439,monster,3,cbbm_02f_lp0 cbnm_id0 cbnm_idact1
m8440,monster,3,cbbm_02f_lp0 cbnm_id0 cbnm_idact1
m8441,monster,3,cbbm_02f_lp0 cbnm_id0 cbnm_idact1
m8442,monster,3,cbbm_02f_lp0 cbnm_id0 cbnm_idact1
m8443,monster,3,cbbm_02f_lp0 cbnm_id0 cbnm_idact1
m8444,monster,3,cbbm_02f_lp0 cbnm_id0 cbnm_idact1
m8445,monster,3,cbbm_02f_lp0 cbnm_id0 cbnm_idact1
m8446,monster,3,cbbm_02f_lp0 cbnm_id0 cbnm_idact1
m8447,monster,3,cbbm_02f_lp0 cbnm_id0 cbnm_idact1
m8448,monster,3,cbbm_02f_lp0 cbnm_id0 cbnm_idact1
m8449,monster,3,cbbm_02f_lp0 cbnm_id0 cbnm_idact1
m8450,monster,3,cbbm_02f_lp0 cbnm_id0 cbnm_idact1
m8451,monster,3,cbbm_02f_lp0 cbnm_id0 cbnm_idact1
m8452,monster,3,cbbm_02f_lp0 cbnm_id0 cbnm_idact1
m8453,monster,3,cbbm_02f_lp0 cbnm_id0 cbnm_idact1
m8454,monster,4,cbbm_02f_lp0 cbnm_id0 cbnm_idact1 cbnm_idact2
m8455,monster,3,cbbm_02f_lp0 cbnm_id0 cbnm_idact1
m8456,monster,3,cbbm_02f_lp0 cbnm_id0 cbnm_idact1
m8457,monster,4,cbbm_02f_lp0 cbnm_id0 cbnm_idact1 cbnm_idact2
m8458,monster,4,cbbm_02f_lp0 cbnm_id0 cbnm_idact1 cbnm_idact2
m8459,monster,3,cbbm_02f_lp0 cbnm_id0 cbnm_idact1
m8460,monster,3,cbbm_02f_lp0 cbnm_id0 cbnm_idact1
m8461,monster,3,cbbm_02f_lp0 cbnm_id0 cbnm_idact1
m8462,monster,3,cbbm_02f_lp0 cbnm_id0 cbnm_idact1
m8463,monster,3,cbbm_02f_lp0 cbnm_id0 cbnm_idact1
m8464,monster,3,cbbm_02f_lp0 cbnm_id0 cbnm_idact1
m8465,monster,3,cbbm_02f_lp0 cbnm_id0 cbnm_idact1
m8466,monster,3,cbbm_02f_lp0 cbnm_id0 cbnm_idact1
m8467,monster,3,cbbm_02f_lp0 cbnm_id0 cbnm_idact1
m8468,monster,3,cbbm_02f_lp0 cbnm_id0 cbnm_idact1
m8469,monster,3,cbbm_02f_lp0 cbnm_id0 cbnm_idact1
m8470,monster,3,cbbm_02f_lp0 cbnm_id0 cbnm_idact1
m8471,monster,3,cbbm_02f_lp0 cbnm_id0 cbnm_idact1
m8472,monster,3,cbbm_02f_lp0 cbnm_id0 cbnm_idact1
m8473,monster,3,cbbm_02f_lp0 cbnm_id0 cbnm_idact1
m8474,monster,3,cbbm_02f_lp0 cbnm_id0 cbnm_idact1
m8475,monster,3,cbbm_02f_lp0 cbnm_id0 cbnm_idact1
m8476,monster,3,cbbm_02f_lp0 cbnm_id0 cbnm_idact1
m8477,monster,3,cbbm_02f_lp0 cbnm_id0 cbnm_idact1
m8478,monster,3,cbbm_02f_lp0 cbnm_id0 cbnm_idact1
m8479,monster,3,cbbm_02f_lp0 cbnm_id0 cbnm_idact1
m8480,monster,3,cbbm_02f_lp0 cbnm_id0 cbnm_idact1
m8481,monster,4,cbbm_02f_lp0 cbnm_id0 cbnm_idact1 cbnm_idact2
m8482,monster,3,cbbm_02f_lp0 cbnm_id0 cbnm_idact1
m8483,monster,3,cbbm_02f_lp0 cbnm_id0 cbnm_idact1
m8484,monster,3,cbbm_02f_lp0 cbnm_id0 cbnm_idact1
m8485,monster,3,cbbm_02f_lp0 cbnm_id0 cbnm_idact1
m8486,monster,3,cbbm_02f_lp0 cbnm_id0 cbnm_idact1
m8487,monster,3,cbbm_02f_lp0 cbnm_id0 cbnm_idact1
m8488,monster,3,cbbm_02f_lp0 cbnm_id0 cbnm_idact1
m8489,monster,3,cbbm_02f_lp0 cbnm_id0 cbnm_idact1
m8490,monster,3,cbbm_02f_lp0 cbnm_id0 cbnm_idact1
m8491,monster,3,cbbm_02f_lp0 cbnm_id0 cbnm_idact1
m8492,monster,3,cbbm_02f_lp0 cbnm_id0 cbnm_idact1
m8493,monster,3,cbbm_02f_lp0 cbnm_id0 cbnm_idact1
m8494,monster,3,cbbm_02f_lp0 cbnm_id0 cbnm_idact1
m8495,monster,3,cbbm_02f_lp0 cbnm_id0 cbnm_idact1
m8496,monster,4,cbbm_02f_lp0 cbnm_id0 cbnm_idact1 cbnm_idact2
m8497,monster,3,cbbm_02f_lp0 cbnm_id0 cbnm_idact1
m8498,monster,3,cbbm_02f_lp0 cbnm_id0 cbnm_idact1
m8499,monster,3,cbbm_02f_lp0 cbnm_id0 cbnm_idact1
m8500,monster,3,cbbm_02f_lp0 cbnm_id0 cbnm_idact1
m8501,monster,3,cbbm_02f_lp0 cbnm_id0 cbnm_idact1
m8502,monster,4,cbbm_02f_lp0 cbnm_id0 cbnm_idact1 cbnm_idact2
m8503,monster,3,cbbm_02f_lp0 cbnm_id0 cbnm_idact1
m8504,monster,3,cbbm_02f_lp0 cbnm_id0 cbnm_idact1
m8505,monster,4,cbbm_02f_lp0 cbnm_id0 cbnm_idact1 cbnm_idact2
m8506,monster,4,cbbm_02f_lp0 cbnm_id0 cbnm_idact1 cbnm_idact2
m8507,monster,3,cbbm_02f_lp0 cbnm_id0 cbnm_idact1
m8508,monster,3,cbbm_02f_lp0 cbnm_id0 cbnm_idact1
m8509,monster,3,cbbm_02f_lp0 cbnm_id0 cbnm_idact1
m8510,monster,3,cbbm_02f_lp0 cbnm_id0 cbnm_idact1
m8511,monster,3,cbbm_02f_lp0 cbnm_id0 cbnm_idact1
m8512,monster,3,cbbm_02f_lp0 cbnm_id0 cbnm_idact1
m8514,monster,3,cbbm_02f_lp0 cbnm_id0 cbnm_idact1
m8515,monster,3,cbbm_02f_lp0 cbnm_id0 cbnm_idact1
m8516,monster,3,cbbm_02f_lp0 cbnm_id0 cbnm_idact1
m8517,monster,3,cbbm_02f_lp0 cbnm_id0 cbnm_idact1
m8518,monster,3,cbbm_02f_lp0 cbnm_id0 cbnm_idact1
m8519,monster,3,cbbm_02f_lp0 cbnm_id0 cbnm_idact1
m8520,monster,3,cbbm_02f_lp0 cbnm_id0 cbnm_idact1
m8521,monster,3,cbbm_02f_lp0 cbnm_id0 cbnm_idact1
m8522,monster,3,cbbm_02f_lp0 cbnm_id0 cbnm_idact1
m8523,monster,3,cbbm_02f_lp0 cbnm_id0 cbnm_idact1
m8524,monster,3,cbbm_02f_lp0 cbnm_id0 cbnm_idact1
m8525,monster,3,cbbm_02f_lp0 cbnm_id0 cbnm_idact1
m8526,monster,4,cbbm_02f_lp0 cbnm_id0 cbnm_idact1 cbnm_idact2
m8527,monster,3,cbbm_02f_lp0 cbnm_id0 cbnm_idact1
m8528,monster,3,cbbm_02f_lp0 cbnm_id0 cbnm_idact1
m8529,monster,3,cbbm_02f_lp0 cbnm_id0 cbnm_idact1
m8530,monster,3,cbbm_02f_lp0 cbnm_id0 cbnm_idact1
m8531,monster,3,cbbm_02f_lp0 cbnm_id0 cbnm_idact1
m8532,monster,3,cbbm_02f_lp0 cbnm_id0 cbnm_idact1
m8533,monster,3,cbbm_02f_lp0 cbnm_id0 cbnm_idact1
m8534,monster,3,cbbm_02f_lp0 cbnm_id0 cbnm_idact1
m8536,monster,3,cbbm_02f_lp0 cbnm_id0 cbnm_idact1
m8537,monster,3,cbbm_02f_lp0 cbnm_id0 cbnm_idact1
m8538,monster,3,cbbm_02f_lp0 cbnm_id0 cbnm_idact1
m8539,monster,3,cbbm_02f_lp0 cbnm_id0 cbnm_idact1
m9002,monster,0,
m9993,monster,20,cbba_add_dmg_f cbbm_01f_lp0 cbbm_02f_lp0 cbbm_ded cbbm_dedpose cbbm_id0 cbbp_a_activ cbbp_a_deact cbfa_add_chest_normal_long cbfa_add_chest_normal_middle cbfa_add_chest_normal_short cbfa_add_chest_shout_long cbfa_add_chest_shout_middle cbfa_add_chest_shout_short cbfa_add_chest_whisper_long cbfa_add_chest_whisper_middle cbfa_add_chest_whisper_short cbfa_add_no cbnm_01f_lp0 cbnm_id0
m9994,monster,1,cbbm_id0
m9995,monster,3,cbbm_id0 cbbm_sp_a_2lp cbbm_sp_f_2lp
m9998,monster,2,cbba_add_dmg_f cbna_add_dmg_f
